total_trades,net_profit,pf,win_rate,max_dd,mcr,total_months,pos_months,neg_months,h_trend_thresh,h_rev_thresh,trend_tp_mult,sl_atr_mult
6997,-31074.01,0.881,27.33,34176.8,25.0,72,18,54,0.55,0.42,2.5,1.5
4377,-15830.77,0.929,28.6,17828.23,41.67,72,30,42,0.55,0.42,2.5,2.0
2837,-853.06,0.995,28.94,12619.58,45.83,72,33,39,0.55,0.42,2.5,2.5
6096,-28837.37,0.881,24.03,30840.51,23.61,72,17,55,0.55,0.42,3.0,1.5
3686,-13964.09,0.931,25.01,17129.64,36.11,72,26,46,0.55,0.42,3.0,2.0
2465,-11.52,1.0,25.44,15046.21,51.39,72,37,35,0.55,0.42,3.0,2.5
4789,-22651.26,0.891,19.29,25138.58,31.94,72,23,49,0.55,0.42,4.0,1.5
2864,-69.19,1.0,20.74,5945.93,38.89,72,28,44,0.55,0.42,4.0,2.0
1818,6998.27,1.053,21.51,6779.01,51.39,72,37,35,0.55,0.42,4.0,2.5
6997,-31074.01,0.881,27.33,34176.8,25.0,72,18,54,0.55,0.45,2.5,1.5
4377,-15830.77,0.929,28.6,17828.23,41.67,72,30,42,0.55,0.45,2.5,2.0
2837,-853.06,0.995,28.94,12619.58,45.83,72,33,39,0.55,0.45,2.5,2.5
6096,-28837.37,0.881,24.03,30840.51,23.61,72,17,55,0.55,0.45,3.0,1.5
3686,-13964.09,0.931,25.01,17129.64,36.11,72,26,46,0.55,0.45,3.0,2.0
2465,-11.52,1.0,25.44,15046.21,51.39,72,37,35,0.55,0.45,3.0,2.5
4789,-22651.26,0.891,19.29,25138.58,31.94,72,23,49,0.55,0.45,4.0,1.5
2864,-69.19,1.0,20.74,5945.93,38.89,72,28,44,0.55,0.45,4.0,2.0
1818,6998.27,1.053,21.51,6779.01,51.39,72,37,35,0.55,0.45,4.0,2.5
6997,-31074.01,0.881,27.33,34176.8,25.0,72,18,54,0.55,0.48,2.5,1.5
4377,-15830.77,0.929,28.6,17828.23,41.67,72,30,42,0.55,0.48,2.5,2.0
2837,-853.06,0.995,28.94,12619.58,45.83,72,33,39,0.55,0.48,2.5,2.5
6096,-28837.37,0.881,24.03,30840.51,23.61,72,17,55,0.55,0.48,3.0,1.5
3686,-13964.09,0.931,25.01,17129.64,36.11,72,26,46,0.55,0.48,3.0,2.0
2465,-11.52,1.0,25.44,15046.21,51.39,72,37,35,0.55,0.48,3.0,2.5
4789,-22651.26,0.891,19.29,25138.58,31.94,72,23,49,0.55,0.48,4.0,1.5
2864,-69.19,1.0,20.74,5945.93,38.89,72,28,44,0.55,0.48,4.0,2.0
1818,6998.27,1.053,21.51,6779.01,51.39,72,37,35,0.55,0.48,4.0,2.5
6997,-31074.01,0.881,27.33,34176.8,25.0,72,18,54,0.58,0.42,2.5,1.5
4377,-15830.77,0.929,28.6,17828.23,41.67,72,30,42,0.58,0.42,2.5,2.0
2837,-853.06,0.995,28.94,12619.58,45.83,72,33,39,0.58,0.42,2.5,2.5
6096,-28837.37,0.881,24.03,30840.51,23.61,72,17,55,0.58,0.42,3.0,1.5
3686,-13964.09,0.931,25.01,17129.64,36.11,72,26,46,0.58,0.42,3.0,2.0
2465,-11.52,1.0,25.44,15046.21,51.39,72,37,35,0.58,0.42,3.0,2.5
4789,-22651.26,0.891,19.29,25138.58,31.94,72,23,49,0.58,0.42,4.0,1.5
2864,-69.19,1.0,20.74,5945.93,38.89,72,28,44,0.58,0.42,4.0,2.0
1818,6998.27,1.053,21.51,6779.01,51.39,72,37,35,0.58,0.42,4.0,2.5
6997,-31074.01,0.881,27.33,34176.8,25.0,72,18,54,0.58,0.45,2.5,1.5
4377,-15830.77,0.929,28.6,17828.23,41.67,72,30,42,0.58,0.45,2.5,2.0
2837,-853.06,0.995,28.94,12619.58,45.83,72,33,39,0.58,0.45,2.5,2.5
6096,-28837.37,0.881,24.03,30840.51,23.61,72,17,55,0.58,0.45,3.0,1.5
3686,-13964.09,0.931,25.01,17129.64,36.11,72,26,46,0.58,0.45,3.0,2.0
2465,-11.52,1.0,25.44,15046.21,51.39,72,37,35,0.58,0.45,3.0,2.5
4789,-22651.26,0.891,19.29,25138.58,31.94,72,23,49,0.58,0.45,4.0,1.5
2864,-69.19,1.0,20.74,5945.93,38.89,72,28,44,0.58,0.45,4.0,2.0
1818,6998.27,1.053,21.51,6779.01,51.39,72,37,35,0.58,0.45,4.0,2.5
6997,-31074.01,0.881,27.33,34176.8,25.0,72,18,54,0.58,0.48,2.5,1.5
4377,-15830.77,0.929,28.6,17828.23,41.67,72,30,42,0.58,0.48,2.5,2.0
2837,-853.06,0.995,28.94,12619.58,45.83,72,33,39,0.58,0.48,2.5,2.5
6096,-28837.37,0.881,24.03,30840.51,23.61,72,17,55,0.58,0.48,3.0,1.5
3686,-13964.09,0.931,25.01,17129.64,36.11,72,26,46,0.58,0.48,3.0,2.0
2465,-11.52,1.0,25.44,15046.21,51.39,72,37,35,0.58,0.48,3.0,2.5
4789,-22651.26,0.891,19.29,25138.58,31.94,72,23,49,0.58,0.48,4.0,1.5
2864,-69.19,1.0,20.74,5945.93,38.89,72,28,44,0.58,0.48,4.0,2.0
1818,6998.27,1.053,21.51,6779.01,51.39,72,37,35,0.58,0.48,4.0,2.5
6997,-31074.01,0.881,27.33,34176.8,25.0,72,18,54,0.62,0.42,2.5,1.5
4377,-15830.77,0.929,28.6,17828.23,41.67,72,30,42,0.62,0.42,2.5,2.0
2837,-853.06,0.995,28.94,12619.58,45.83,72,33,39,0.62,0.42,2.5,2.5
6096,-28837.37,0.881,24.03,30840.51,23.61,72,17,55,0.62,0.42,3.0,1.5
3686,-13964.09,0.931,25.01,17129.64,36.11,72,26,46,0.62,0.42,3.0,2.0
2465,-11.52,1.0,25.44,15046.21,51.39,72,37,35,0.62,0.42,3.0,2.5
4789,-22651.26,0.891,19.29,25138.58,31.94,72,23,49,0.62,0.42,4.0,1.5
2864,-69.19,1.0,20.74,5945.93,38.89,72,28,44,0.62,0.42,4.0,2.0
1818,6998.27,1.053,21.51,6779.01,51.39,72,37,35,0.62,0.42,4.0,2.5
6997,-31074.01,0.881,27.33,34176.8,25.0,72,18,54,0.62,0.45,2.5,1.5
4377,-15830.77,0.929,28.6,17828.23,41.67,72,30,42,0.62,0.45,2.5,2.0
2837,-853.06,0.995,28.94,12619.58,45.83,72,33,39,0.62,0.45,2.5,2.5
6096,-28837.37,0.881,24.03,30840.51,23.61,72,17,55,0.62,0.45,3.0,1.5
3686,-13964.09,0.931,25.01,17129.64,36.11,72,26,46,0.62,0.45,3.0,2.0
2465,-11.52,1.0,25.44,15046.21,51.39,72,37,35,0.62,0.45,3.0,2.5
4789,-22651.26,0.891,19.29,25138.58,31.94,72,23,49,0.62,0.45,4.0,1.5
2864,-69.19,1.0,20.74,5945.93,38.89,72,28,44,0.62,0.45,4.0,2.0
1818,6998.27,1.053,21.51,6779.01,51.39,72,37,35,0.62,0.45,4.0,2.5
6997,-31074.01,0.881,27.33,34176.8,25.0,72,18,54,0.62,0.48,2.5,1.5
4377,-15830.77,0.929,28.6,17828.23,41.67,72,30,42,0.62,0.48,2.5,2.0
2837,-853.06,0.995,28.94,12619.58,45.83,72,33,39,0.62,0.48,2.5,2.5
6096,-28837.37,0.881,24.03,30840.51,23.61,72,17,55,0.62,0.48,3.0,1.5
3686,-13964.09,0.931,25.01,17129.64,36.11,72,26,46,0.62,0.48,3.0,2.0
2465,-11.52,1.0,25.44,15046.21,51.39,72,37,35,0.62,0.48,3.0,2.5
4789,-22651.26,0.891,19.29,25138.58,31.94,72,23,49,0.62,0.48,4.0,1.5
2864,-69.19,1.0,20.74,5945.93,38.89,72,28,44,0.62,0.48,4.0,2.0
1818,6998.27,1.053,21.51,6779.01,51.39,72,37,35,0.62,0.48,4.0,2.5
