total_trades,net_profit,pf,win_rate,max_dd,mcr,pos_months,total_months,buffer,use_kfd,kfd_thresh,profit_lock,trend_tp,trend_sl
326,6065.16,1.817,14.72,1041.5,48.61,35,72,0.4,True,1.4,200.0,4.5,2.2
333,5607.94,1.739,14.41,1078.34,45.83,33,72,0.2,True,1.4,200.0,4.5,2.2
335,5537.08,1.723,14.33,1082.69,45.83,33,72,0.0,True,1.4,200.0,4.5,2.2
358,5710.35,1.679,14.25,1041.5,47.22,34,72,0.4,True,1.4,250.0,4.5,2.2
271,4841.89,1.677,15.13,1075.96,40.28,29,72,0.4,True,1.35,250.0,4.5,2.2
271,4813.56,1.67,15.13,1075.96,40.28,29,72,0.2,True,1.35,250.0,4.5,2.2
272,4757.51,1.658,15.07,1075.96,40.28,29,72,0.0,True,1.35,250.0,4.5,2.2
367,5566.38,1.646,14.17,1078.34,44.44,32,72,0.2,True,1.4,250.0,4.5,2.2
369,5484.78,1.631,14.09,1082.69,44.44,32,72,0.0,True,1.4,250.0,4.5,2.2
282,4264.07,1.575,15.96,1058.47,40.28,29,72,0.4,True,1.35,250.0,4.0,2.2
353,4687.55,1.571,15.58,1226.08,45.83,33,72,0.2,True,1.4,200.0,4.0,2.2
282,4235.52,1.569,15.96,1095.91,40.28,29,72,0.2,True,1.35,250.0,4.0,2.2
343,4532.67,1.564,15.16,1183.59,45.83,33,72,0.4,True,1.4,200.0,4.0,2.2
283,4180.57,1.558,15.9,1095.91,40.28,29,72,0.0,True,1.35,250.0,4.0,2.2
355,4607.04,1.557,15.49,1230.43,45.83,33,72,0.0,True,1.4,200.0,4.0,2.2
257,3694.91,1.541,14.01,1075.96,38.89,28,72,0.4,True,1.35,200.0,4.5,2.2
262,3693.64,1.541,15.65,754.37,40.28,29,72,0.4,True,1.35,200.0,4.0,2.2
257,3666.58,1.535,14.01,1075.96,38.89,28,72,0.2,True,1.35,200.0,4.5,2.2
262,3665.1,1.535,15.65,791.81,40.28,29,72,0.2,True,1.35,200.0,4.0,2.2
258,3620.84,1.524,13.95,1075.96,38.89,28,72,0.0,True,1.35,200.0,4.5,2.2
263,3619.31,1.524,15.59,791.81,40.28,29,72,0.0,True,1.35,200.0,4.0,2.2
379,4662.45,1.516,14.78,1347.55,43.06,31,72,0.4,True,1.4,250.0,4.0,2.2
387,4152.08,1.451,14.73,1390.03,43.06,31,72,0.2,True,1.4,250.0,4.0,2.2
363,3466.89,1.443,14.05,1430.69,44.44,32,72,0.2,True,1.4,200.0,4.5,1.8
389,4071.57,1.439,14.65,1394.38,43.06,31,72,0.0,True,1.4,250.0,4.0,2.2
365,3399.36,1.431,13.97,1435.04,44.44,32,72,0.0,True,1.4,200.0,4.5,1.8
396,3522.14,1.41,13.64,1774.52,44.44,32,72,0.2,True,1.4,250.0,4.5,1.8
391,3462.96,1.408,13.55,1707.71,43.06,31,72,0.4,True,1.4,250.0,4.5,1.8
357,3116.11,1.403,13.73,1544.19,43.06,31,72,0.4,True,1.4,200.0,4.5,1.8
398,3454.61,1.399,13.57,1776.72,44.44,32,72,0.0,True,1.4,250.0,4.5,1.8
368,3208.23,1.375,15.22,1539.79,44.44,32,72,0.4,True,1.4,200.0,3.5,2.2
388,2995.63,1.364,14.43,1677.96,43.06,31,72,0.2,True,1.4,200.0,4.0,1.8
383,2955.3,1.364,14.36,1611.15,41.67,30,72,0.4,True,1.4,200.0,4.0,1.8
386,3128.45,1.352,16.84,1761.02,48.61,35,72,0.4,True,1.4,200.0,3.0,2.2
391,2921.38,1.352,14.32,1680.16,43.06,31,72,0.0,True,1.4,200.0,4.0,1.8
395,3289.53,1.348,15.19,1582.42,44.44,32,72,0.4,True,1.4,250.0,3.5,2.2
377,2984.99,1.342,15.38,1401.11,44.44,32,72,0.2,True,1.4,200.0,3.5,2.2
279,2457.42,1.333,15.77,1314.44,41.67,30,72,0.4,True,1.35,200.0,3.5,2.2
379,2905.57,1.331,15.3,1405.46,44.44,32,72,0.0,True,1.4,200.0,3.5,2.2
279,2428.67,1.328,15.77,1351.88,41.67,30,72,0.2,True,1.35,200.0,3.5,2.2
280,2374.81,1.319,15.71,1351.88,41.67,30,72,0.0,True,1.35,200.0,3.5,2.2
304,2511.25,1.314,15.46,1348.55,41.67,30,72,0.4,True,1.35,250.0,3.5,2.2
304,2482.5,1.31,15.46,1385.99,41.67,30,72,0.2,True,1.35,250.0,3.5,2.2
394,2714.55,1.301,16.75,1804.83,48.61,35,72,0.2,True,1.4,200.0,3.0,2.2
305,2428.64,1.301,15.41,1385.99,41.67,30,72,0.0,True,1.35,250.0,3.5,2.2
400,2781.15,1.298,16.5,1761.02,48.61,35,72,0.4,True,1.4,250.0,3.0,2.2
403,2827.37,1.296,15.14,1586.77,44.44,32,72,0.2,True,1.4,250.0,3.5,2.2
298,2172.28,1.287,16.78,1306.21,43.06,31,72,0.4,True,1.35,200.0,3.0,2.2
405,2747.95,1.285,15.06,1591.12,44.44,32,72,0.0,True,1.4,250.0,3.5,2.2
398,2580.63,1.283,16.58,1806.55,48.61,35,72,0.0,True,1.4,200.0,3.0,2.2
298,2143.32,1.282,16.78,1343.65,43.06,31,72,0.2,True,1.35,200.0,3.0,2.2
410,2439.46,1.274,13.9,1988.4,43.06,31,72,0.2,True,1.4,250.0,4.0,1.8
299,2090.55,1.274,16.72,1363.48,43.06,31,72,0.0,True,1.35,200.0,3.0,2.2
405,2399.13,1.273,13.83,1921.6,41.67,30,72,0.4,True,1.4,250.0,4.0,1.8
413,2365.22,1.264,13.8,1990.6,43.06,31,72,0.0,True,1.4,250.0,4.0,1.8
288,1833.12,1.262,12.5,1542.18,34.72,25,72,0.4,True,1.35,200.0,4.5,1.8
413,2267.69,1.258,15.01,2200.38,45.83,33,72,0.2,True,1.4,250.0,3.5,1.8
288,1812.18,1.258,12.5,1570.57,34.72,25,72,0.2,True,1.35,200.0,4.5,1.8
397,2094.65,1.251,14.86,2200.38,45.83,33,72,0.2,True,1.4,200.0,3.5,1.8
408,2367.25,1.25,16.42,1804.83,48.61,35,72,0.2,True,1.4,250.0,3.0,2.2
289,1765.76,1.25,12.46,1570.57,34.72,25,72,0.0,True,1.35,200.0,4.5,1.8
413,2179.9,1.249,14.77,2133.58,45.83,33,72,0.4,True,1.4,250.0,3.5,1.8
296,1776.17,1.249,13.85,1280.26,36.11,26,72,0.4,True,1.35,200.0,4.0,1.8
415,2198.69,1.248,14.94,2202.58,45.83,33,72,0.0,True,1.4,250.0,3.5,1.8
296,1755.06,1.246,13.85,1308.64,36.11,26,72,0.2,True,1.35,200.0,4.0,1.8
313,1859.99,1.245,12.14,1458.59,34.72,25,72,0.4,True,1.35,250.0,4.5,1.8
313,1839.05,1.242,12.14,1486.97,34.72,25,72,0.2,True,1.35,250.0,4.5,1.8
397,2006.86,1.241,14.61,2133.58,45.83,33,72,0.4,True,1.4,200.0,3.5,1.8
317,1978.82,1.24,16.4,1563.12,43.06,31,72,0.4,True,1.35,250.0,3.0,2.2
297,1709.54,1.238,13.8,1308.64,36.11,26,72,0.0,True,1.35,200.0,4.0,1.8
317,1949.87,1.236,16.4,1600.56,43.06,31,72,0.2,True,1.35,250.0,3.0,2.2
314,1792.63,1.235,12.1,1486.97,34.72,25,72,0.0,True,1.35,250.0,4.5,1.8
401,1981.48,1.234,14.71,2202.58,45.83,33,72,0.0,True,1.4,200.0,3.5,1.8
412,2233.33,1.233,16.26,1806.55,48.61,35,72,0.0,True,1.4,250.0,3.0,2.2
318,1897.1,1.228,16.35,1643.98,43.06,31,72,0.0,True,1.35,250.0,3.0,2.2
326,1672.32,1.224,14.11,1730.34,38.89,28,72,0.4,True,1.35,250.0,3.5,1.8
326,1651.04,1.22,14.11,1758.73,38.89,28,72,0.2,True,1.35,250.0,3.5,1.8
327,1606.41,1.213,14.07,1794.81,38.89,28,72,0.0,True,1.35,250.0,3.5,1.8
311,1455.35,1.206,13.83,1852.97,38.89,28,72,0.4,True,1.35,200.0,3.5,1.8
311,1434.08,1.203,13.83,1881.36,38.89,28,72,0.2,True,1.35,200.0,3.5,1.8
312,1389.45,1.195,13.78,1881.36,38.89,28,72,0.0,True,1.35,200.0,3.5,1.8
807,2287.24,1.182,11.28,2365.53,40.28,29,72,0.4,False,1.4,200.0,4.5,2.2
403,1388.04,1.16,15.88,2189.47,48.61,35,72,0.2,True,1.4,200.0,3.0,1.8
321,1208.33,1.157,12.77,1563.3,36.11,26,72,0.4,True,1.35,250.0,4.0,1.8
321,1187.22,1.154,12.77,1591.69,36.11,26,72,0.2,True,1.35,250.0,4.0,1.8
403,1315.83,1.152,15.63,2125.93,48.61,35,72,0.4,True,1.4,200.0,3.0,1.8
405,1319.93,1.151,15.8,2191.67,48.61,35,72,0.0,True,1.4,200.0,3.0,1.8
856,2062.45,1.148,11.21,2365.53,37.5,27,72,0.4,False,1.4,250.0,4.5,2.2
435,1407.29,1.147,15.63,2468.19,48.61,35,72,0.2,True,1.4,250.0,3.0,1.8
430,1391.6,1.147,15.58,2400.3,48.61,35,72,0.4,True,1.4,250.0,3.0,1.8
322,1141.7,1.147,12.73,1591.69,36.11,26,72,0.0,True,1.35,250.0,4.0,1.8
437,1339.18,1.139,15.56,2470.39,48.61,35,72,0.0,True,1.4,250.0,3.0,1.8
883,1807.76,1.125,11.33,1913.5,31.94,23,72,0.0,False,1.4,250.0,4.5,2.2
320,862.78,1.119,14.69,2100.08,41.67,30,72,0.4,True,1.35,200.0,3.0,1.8
320,841.33,1.116,14.69,2128.46,41.67,30,72,0.2,True,1.35,200.0,3.0,1.8
830,1486.61,1.114,11.08,1845.84,36.11,26,72,0.0,False,1.4,200.0,4.5,2.2
321,797.59,1.109,14.64,2164.55,41.67,30,72,0.0,True,1.35,200.0,3.0,1.8
342,785.72,1.099,14.33,2175.56,41.67,30,72,0.4,True,1.35,250.0,3.0,1.8
342,764.27,1.096,14.33,2203.94,41.67,30,72,0.2,True,1.35,250.0,3.0,1.8
343,720.53,1.091,14.29,2240.03,41.67,30,72,0.0,True,1.35,250.0,3.0,1.8
822,841.11,1.067,10.95,2328.39,37.5,27,72,0.2,False,1.4,200.0,4.5,2.2
974,752.69,1.053,11.09,4539.62,34.72,25,72,0.2,False,1.4,250.0,4.5,1.8
889,651.3,1.044,11.81,3009.45,36.11,26,72,0.4,False,1.4,250.0,4.0,2.2
860,572.27,1.041,11.63,2972.6,38.89,28,72,0.4,False,1.4,200.0,4.0,2.2
882,477.48,1.033,10.88,2651.1,31.94,23,72,0.2,False,1.4,250.0,4.5,2.2
867,283.53,1.02,12.0,2668.81,33.33,24,72,0.0,False,1.4,200.0,4.0,2.2
907,37.67,1.002,12.02,3281.5,30.56,22,72,0.0,False,1.4,250.0,4.0,2.2
894,-220.15,0.985,11.97,3592.22,30.56,22,72,0.2,False,1.4,250.0,4.0,2.2
959,-245.21,0.982,10.64,4645.08,33.33,24,72,0.2,False,1.4,200.0,4.5,1.8
859,-315.16,0.977,11.76,3251.47,31.94,23,72,0.2,False,1.4,200.0,4.0,2.2
1026,-380.24,0.975,12.67,4163.57,34.72,25,72,0.2,False,1.4,250.0,3.5,1.8
985,-412.43,0.972,12.59,4075.65,36.11,26,72,0.2,False,1.4,200.0,3.5,1.8
631,-292.8,0.968,9.83,3367.35,20.83,15,72,0.4,False,1.4,250.0,4.5,1.8
1062,-586.88,0.963,14.6,4662.53,29.17,21,72,0.2,False,1.4,250.0,3.0,1.8
917,-585.4,0.961,12.87,2915.66,31.94,23,72,0.0,False,1.4,200.0,3.5,2.2
913,-641.74,0.957,12.71,3187.49,29.17,21,72,0.2,False,1.4,250.0,3.5,2.2
1019,-650.28,0.956,10.7,4828.22,27.78,20,72,0.0,False,1.4,250.0,4.5,1.8
952,-868.19,0.946,12.82,3266.94,30.56,22,72,0.0,False,1.4,250.0,3.5,2.2
1003,-864.47,0.94,14.56,4332.48,30.56,22,72,0.2,False,1.4,200.0,3.0,1.8
893,-881.81,0.938,12.54,3265.74,29.17,21,72,0.2,False,1.4,200.0,3.5,2.2
1063,-969.56,0.938,12.79,3955.34,31.94,23,72,0.0,False,1.4,250.0,3.5,1.8
1017,-936.33,0.936,12.68,3878.82,31.94,23,72,0.0,False,1.4,200.0,3.5,1.8
1140,-1102.55,0.935,14.56,4031.43,29.17,21,72,0.0,False,1.4,250.0,3.0,1.8
910,-1053.33,0.931,12.97,3630.56,26.39,19,72,0.4,False,1.4,250.0,3.5,2.2
982,-998.13,0.93,10.49,4330.18,29.17,21,72,0.0,False,1.4,200.0,4.5,1.8
900,-1095.47,0.925,12.67,3630.56,27.78,20,72,0.4,False,1.4,200.0,3.5,2.2
923,-1167.91,0.922,14.08,3427.49,30.56,22,72,0.0,False,1.4,200.0,3.0,2.2
1018,-1292.95,0.914,11.3,4792.91,30.56,22,72,0.2,False,1.4,250.0,4.0,1.8
973,-1313.01,0.906,11.2,4802.46,30.56,22,72,0.2,False,1.4,200.0,4.0,1.8
1071,-1469.0,0.903,14.57,3841.34,30.56,22,72,0.0,False,1.4,200.0,3.0,1.8
975,-1631.48,0.9,14.05,4201.44,26.39,19,72,0.2,False,1.4,250.0,3.0,2.2
1000,-1757.09,0.897,14.1,3812.24,27.78,20,72,0.0,False,1.4,250.0,3.0,2.2
912,-1786.82,0.878,13.82,4053.44,27.78,20,72,0.2,False,1.4,200.0,3.0,2.2
1002,-1945.41,0.863,11.18,4623.77,27.78,20,72,0.0,False,1.4,200.0,4.0,1.8
623,-1184.95,0.862,8.99,3385.66,20.83,15,72,0.4,False,1.4,200.0,4.5,1.8
913,-2061.72,0.862,13.91,4226.61,29.17,21,72,0.4,False,1.4,200.0,3.0,2.2
969,-2380.99,0.856,13.93,4616.86,26.39,19,72,0.4,False,1.4,250.0,3.0,2.2
1046,-2413.67,0.841,11.09,5078.98,26.39,19,72,0.0,False,1.4,250.0,4.0,1.8
664,-1664.49,0.824,10.99,2661.58,18.06,13,72,0.4,False,1.4,250.0,3.5,1.8
656,-1796.17,0.807,10.82,2678.39,18.06,13,72,0.4,False,1.4,200.0,3.5,1.8
724,-1995.59,0.804,13.26,2662.75,18.06,13,72,0.4,False,1.4,250.0,3.0,1.8
664,-2298.57,0.768,9.64,3709.34,15.28,11,72,0.4,False,1.4,250.0,4.0,1.8
686,-2215.22,0.766,13.12,2769.97,16.67,12,72,0.4,False,1.4,200.0,3.0,1.8
646,-2209.79,0.756,9.29,3501.2,15.28,11,72,0.4,False,1.4,200.0,4.0,1.8
