total_trades,net_profit,pf,win_rate,max_dd,mcr,pos_months,total_months,sweep_buffer,use_rsi,tp_mult,sl_mult,profit_lock
920,-1385.55,0.741,38.26,1393.05,30.56,22,72,0.1,True,1.5,1.0,100.0
920,-1385.55,0.741,38.26,1393.05,30.56,22,72,0.1,True,1.5,1.0,150.0
920,-1385.55,0.741,38.26,1393.05,30.56,22,72,0.1,True,1.5,1.0,200.0
920,-1312.59,0.772,43.04,1330.42,36.11,26,72,0.1,True,1.5,1.2,100.0
920,-1312.59,0.772,43.04,1330.42,36.11,26,72,0.1,True,1.5,1.2,150.0
920,-1312.59,0.772,43.04,1330.42,36.11,26,72,0.1,True,1.5,1.2,200.0
920,-1382.22,0.777,48.04,1412.21,29.17,21,72,0.1,True,1.5,1.5,100.0
920,-1382.22,0.777,48.04,1412.21,29.17,21,72,0.1,True,1.5,1.5,150.0
920,-1382.22,0.777,48.04,1412.21,29.17,21,72,0.1,True,1.5,1.5,200.0
920,-1442.99,0.752,32.39,1457.8,34.72,25,72,0.1,True,2.0,1.0,100.0
920,-1442.99,0.752,32.39,1457.8,34.72,25,72,0.1,True,2.0,1.0,150.0
920,-1442.99,0.752,32.39,1457.8,34.72,25,72,0.1,True,2.0,1.0,200.0
920,-1446.01,0.769,36.52,1470.3,31.94,23,72,0.1,True,2.0,1.2,100.0
920,-1446.01,0.769,36.52,1470.3,31.94,23,72,0.1,True,2.0,1.2,150.0
920,-1446.01,0.769,36.52,1470.3,31.94,23,72,0.1,True,2.0,1.2,200.0
918,-1289.47,0.81,42.16,1346.88,38.89,28,72,0.1,True,2.0,1.5,100.0
920,-1316.66,0.807,42.07,1347.76,38.89,28,72,0.1,True,2.0,1.5,150.0
920,-1316.66,0.807,42.07,1347.76,38.89,28,72,0.1,True,2.0,1.5,200.0
920,-1212.97,0.8,29.02,1300.0,31.94,23,72,0.1,True,2.5,1.0,100.0
920,-1212.97,0.8,29.02,1300.0,31.94,23,72,0.1,True,2.5,1.0,150.0
920,-1212.97,0.8,29.02,1300.0,31.94,23,72,0.1,True,2.5,1.0,200.0
920,-1134.21,0.827,33.15,1258.99,38.89,28,72,0.1,True,2.5,1.2,100.0
920,-1134.21,0.827,33.15,1258.99,38.89,28,72,0.1,True,2.5,1.2,150.0
920,-1134.21,0.827,33.15,1258.99,38.89,28,72,0.1,True,2.5,1.2,200.0
918,-999.11,0.86,38.34,1211.77,41.67,30,72,0.1,True,2.5,1.5,100.0
920,-1026.3,0.857,38.26,1211.77,41.67,30,72,0.1,True,2.5,1.5,150.0
920,-1026.3,0.857,38.26,1211.77,41.67,30,72,0.1,True,2.5,1.5,200.0
1104,-1246.38,0.8,39.95,1264.52,34.72,25,72,0.1,False,1.5,1.0,100.0
1104,-1246.38,0.8,39.95,1264.52,34.72,25,72,0.1,False,1.5,1.0,150.0
1104,-1246.38,0.8,39.95,1264.52,34.72,25,72,0.1,False,1.5,1.0,200.0
1104,-1270.62,0.811,44.11,1304.3,36.11,26,72,0.1,False,1.5,1.2,100.0
1104,-1270.62,0.811,44.11,1304.3,36.11,26,72,0.1,False,1.5,1.2,150.0
1104,-1270.62,0.811,44.11,1304.3,36.11,26,72,0.1,False,1.5,1.2,200.0
1104,-1313.07,0.817,49.18,1347.34,29.17,21,72,0.1,False,1.5,1.5,100.0
1104,-1313.07,0.817,49.18,1347.34,29.17,21,72,0.1,False,1.5,1.5,150.0
1104,-1313.07,0.817,49.18,1347.34,29.17,21,72,0.1,False,1.5,1.5,200.0
1103,-1232.28,0.818,34.0,1289.46,33.33,24,72,0.1,False,2.0,1.0,100.0
1104,-1241.97,0.817,33.97,1299.15,33.33,24,72,0.1,False,2.0,1.0,150.0
1104,-1241.97,0.817,33.97,1299.15,33.33,24,72,0.1,False,2.0,1.0,200.0
1104,-1383.62,0.813,37.5,1468.79,30.56,22,72,0.1,False,2.0,1.2,100.0
1104,-1383.62,0.813,37.5,1468.79,30.56,22,72,0.1,False,2.0,1.2,150.0
1104,-1383.62,0.813,37.5,1468.79,30.56,22,72,0.1,False,2.0,1.2,200.0
1097,-1143.18,0.856,43.03,1224.7,34.72,25,72,0.1,False,2.0,1.5,100.0
1104,-1167.75,0.854,42.93,1249.27,34.72,25,72,0.1,False,2.0,1.5,150.0
1104,-1167.75,0.854,42.93,1249.27,34.72,25,72,0.1,False,2.0,1.5,200.0
1092,-850.94,0.878,30.77,1012.78,33.33,24,72,0.1,False,2.5,1.0,100.0
1103,-848.06,0.88,30.73,1055.84,33.33,24,72,0.1,False,2.5,1.0,150.0
1104,-857.75,0.879,30.71,1055.84,33.33,24,72,0.1,False,2.5,1.0,200.0
1095,-952.07,0.876,34.34,1143.03,37.5,27,72,0.1,False,2.5,1.2,100.0
1104,-998.15,0.871,34.24,1189.11,37.5,27,72,0.1,False,2.5,1.2,150.0
1104,-998.15,0.871,34.24,1189.11,37.5,27,72,0.1,False,2.5,1.2,200.0
1088,-831.18,0.899,39.34,1083.5,40.28,29,72,0.1,False,2.5,1.5,100.0
1103,-763.88,0.908,39.44,1041.0,40.28,29,72,0.1,False,2.5,1.5,150.0
1104,-777.82,0.907,39.4,1041.0,40.28,29,72,0.1,False,2.5,1.5,200.0
828,-1134.83,0.763,39.13,1157.0,37.5,27,72,0.2,True,1.5,1.0,100.0
828,-1134.83,0.763,39.13,1157.0,37.5,27,72,0.2,True,1.5,1.0,150.0
828,-1134.83,0.763,39.13,1157.0,37.5,27,72,0.2,True,1.5,1.0,200.0
828,-1176.71,0.772,43.36,1221.02,36.11,26,72,0.2,True,1.5,1.2,100.0
828,-1176.71,0.772,43.36,1221.02,36.11,26,72,0.2,True,1.5,1.2,150.0
828,-1176.71,0.772,43.36,1221.02,36.11,26,72,0.2,True,1.5,1.2,200.0
828,-1190.13,0.787,48.67,1224.11,29.17,21,72,0.2,True,1.5,1.5,100.0
828,-1190.13,0.787,48.67,1224.11,29.17,21,72,0.2,True,1.5,1.5,150.0
828,-1190.13,0.787,48.67,1224.11,29.17,21,72,0.2,True,1.5,1.5,200.0
828,-1197.81,0.769,32.73,1241.59,36.11,26,72,0.2,True,2.0,1.0,100.0
828,-1197.81,0.769,32.73,1241.59,36.11,26,72,0.2,True,2.0,1.0,150.0
828,-1197.81,0.769,32.73,1241.59,36.11,26,72,0.2,True,2.0,1.0,200.0
828,-1351.97,0.762,36.59,1389.77,36.11,26,72,0.2,True,2.0,1.2,100.0
828,-1351.97,0.762,36.59,1389.77,36.11,26,72,0.2,True,2.0,1.2,150.0
828,-1351.97,0.762,36.59,1389.77,36.11,26,72,0.2,True,2.0,1.2,200.0
822,-1097.3,0.817,42.58,1243.21,38.89,28,72,0.2,True,2.0,1.5,100.0
828,-1130.48,0.814,42.51,1243.21,38.89,28,72,0.2,True,2.0,1.5,150.0
828,-1130.48,0.814,42.51,1243.21,38.89,28,72,0.2,True,2.0,1.5,200.0
819,-929.01,0.826,29.55,1075.09,34.72,25,72,0.2,True,2.5,1.0,100.0
828,-999.52,0.816,29.35,1103.09,34.72,25,72,0.2,True,2.5,1.0,150.0
828,-999.52,0.816,29.35,1103.09,34.72,25,72,0.2,True,2.5,1.0,200.0
822,-1012.77,0.827,33.33,1215.91,37.5,27,72,0.2,True,2.5,1.2,100.0
828,-1066.96,0.82,33.21,1215.91,37.5,27,72,0.2,True,2.5,1.2,150.0
828,-1066.96,0.82,33.21,1215.91,37.5,27,72,0.2,True,2.5,1.2,200.0
820,-856.25,0.863,38.66,1104.83,41.67,30,72,0.2,True,2.5,1.5,100.0
828,-870.25,0.863,38.65,1104.83,41.67,30,72,0.2,True,2.5,1.5,150.0
828,-870.25,0.863,38.65,1104.83,41.67,30,72,0.2,True,2.5,1.5,200.0
1039,-1093.83,0.812,40.33,1122.51,37.5,27,72,0.2,False,1.5,1.0,100.0
1039,-1093.83,0.812,40.33,1122.51,37.5,27,72,0.2,False,1.5,1.0,150.0
1039,-1093.83,0.812,40.33,1122.51,37.5,27,72,0.2,False,1.5,1.0,200.0
1039,-1242.33,0.803,43.79,1279.43,36.11,26,72,0.2,False,1.5,1.2,100.0
1039,-1242.33,0.803,43.79,1279.43,36.11,26,72,0.2,False,1.5,1.2,150.0
1039,-1242.33,0.803,43.79,1279.43,36.11,26,72,0.2,False,1.5,1.2,200.0
1039,-1085.67,0.838,49.09,1131.59,30.56,22,72,0.2,False,1.5,1.5,100.0
1039,-1085.67,0.838,49.09,1131.59,30.56,22,72,0.2,False,1.5,1.5,150.0
1039,-1085.67,0.838,49.09,1131.59,30.56,22,72,0.2,False,1.5,1.5,200.0
1038,-1023.18,0.838,34.1,1168.78,37.5,27,72,0.2,False,2.0,1.0,100.0
1039,-1032.88,0.837,34.07,1178.48,37.5,27,72,0.2,False,2.0,1.0,150.0
1039,-1032.88,0.837,34.07,1178.48,37.5,27,72,0.2,False,2.0,1.0,200.0
1039,-1411.49,0.797,37.05,1478.44,31.94,23,72,0.2,False,2.0,1.2,100.0
1039,-1411.49,0.797,37.05,1478.44,31.94,23,72,0.2,False,2.0,1.2,150.0
1039,-1411.49,0.797,37.05,1478.44,31.94,23,72,0.2,False,2.0,1.2,200.0
1031,-1120.44,0.848,42.87,1298.33,30.56,22,72,0.2,False,2.0,1.5,100.0
1039,-1188.94,0.841,42.73,1312.28,30.56,22,72,0.2,False,2.0,1.5,150.0
1039,-1188.94,0.841,42.73,1312.28,30.56,22,72,0.2,False,2.0,1.5,200.0
1022,-774.7,0.88,30.92,1085.77,37.5,27,72,0.2,False,2.5,1.0,100.0
1038,-798.42,0.879,30.83,1052.32,37.5,27,72,0.2,False,2.5,1.0,150.0
1039,-808.11,0.878,30.8,1062.02,37.5,27,72,0.2,False,2.5,1.0,200.0
1025,-900.34,0.874,34.15,1223.62,41.67,30,72,0.2,False,2.5,1.2,100.0
1039,-1018.25,0.86,33.88,1270.01,41.67,30,72,0.2,False,2.5,1.2,150.0
1039,-1018.25,0.86,33.88,1270.01,41.67,30,72,0.2,False,2.5,1.2,200.0
1015,-676.51,0.91,39.41,1018.86,38.89,28,72,0.2,False,2.5,1.5,100.0
1038,-652.71,0.916,39.4,1023.22,38.89,28,72,0.2,False,2.5,1.5,150.0
1039,-666.65,0.914,39.36,1023.22,38.89,28,72,0.2,False,2.5,1.5,200.0
730,-1061.5,0.753,39.18,1085.23,38.89,28,72,0.3,True,1.5,1.0,100.0
730,-1061.5,0.753,39.18,1085.23,38.89,28,72,0.3,True,1.5,1.0,150.0
730,-1061.5,0.753,39.18,1085.23,38.89,28,72,0.3,True,1.5,1.0,200.0
730,-1081.15,0.766,43.56,1132.91,36.11,26,72,0.3,True,1.5,1.2,100.0
730,-1081.15,0.766,43.56,1132.91,36.11,26,72,0.3,True,1.5,1.2,150.0
730,-1081.15,0.766,43.56,1132.91,36.11,26,72,0.3,True,1.5,1.2,200.0
730,-1136.25,0.774,48.9,1179.17,31.94,23,72,0.3,True,1.5,1.5,100.0
730,-1136.25,0.774,48.9,1179.17,31.94,23,72,0.3,True,1.5,1.5,150.0
730,-1136.25,0.774,48.9,1179.17,31.94,23,72,0.3,True,1.5,1.5,200.0
730,-1190.59,0.749,32.47,1232.8,33.33,24,72,0.3,True,2.0,1.0,100.0
730,-1190.59,0.749,32.47,1232.8,33.33,24,72,0.3,True,2.0,1.0,150.0
730,-1190.59,0.749,32.47,1232.8,33.33,24,72,0.3,True,2.0,1.0,200.0
730,-1304.24,0.745,36.85,1353.05,38.89,28,72,0.3,True,2.0,1.2,100.0
730,-1304.24,0.745,36.85,1353.05,38.89,28,72,0.3,True,2.0,1.2,150.0
730,-1304.24,0.745,36.85,1353.05,38.89,28,72,0.3,True,2.0,1.2,200.0
727,-1134.14,0.794,42.64,1215.68,36.11,26,72,0.3,True,2.0,1.5,100.0
730,-1147.21,0.793,42.6,1215.68,36.11,26,72,0.3,True,2.0,1.5,150.0
730,-1147.21,0.793,42.6,1215.68,36.11,26,72,0.3,True,2.0,1.5,200.0
730,-1094.29,0.778,29.04,1171.75,29.17,21,72,0.3,True,2.5,1.0,100.0
730,-1094.29,0.778,29.04,1171.75,29.17,21,72,0.3,True,2.5,1.0,150.0
730,-1094.29,0.778,29.04,1171.75,29.17,21,72,0.3,True,2.5,1.0,200.0
730,-1096.93,0.794,33.29,1232.65,33.33,24,72,0.3,True,2.5,1.2,100.0
730,-1096.93,0.794,33.29,1232.65,33.33,24,72,0.3,True,2.5,1.2,150.0
730,-1096.93,0.794,33.29,1232.65,33.33,24,72,0.3,True,2.5,1.2,200.0
728,-900.48,0.844,39.01,1146.33,37.5,27,72,0.3,True,2.5,1.5,100.0
730,-927.68,0.84,38.9,1146.33,37.5,27,72,0.3,True,2.5,1.5,150.0
730,-927.68,0.84,38.9,1146.33,37.5,27,72,0.3,True,2.5,1.5,200.0
950,-1177.3,0.786,39.47,1205.26,37.5,27,72,0.3,False,1.5,1.0,100.0
950,-1177.3,0.786,39.47,1205.26,37.5,27,72,0.3,False,1.5,1.0,150.0
950,-1177.3,0.786,39.47,1205.26,37.5,27,72,0.3,False,1.5,1.0,200.0
950,-1307.16,0.779,42.95,1344.53,37.5,27,72,0.3,False,1.5,1.2,100.0
950,-1307.16,0.779,42.95,1344.53,37.5,27,72,0.3,False,1.5,1.2,150.0
950,-1307.16,0.779,42.95,1344.53,37.5,27,72,0.3,False,1.5,1.2,200.0
950,-1307.04,0.794,48.21,1363.29,34.72,25,72,0.3,False,1.5,1.5,100.0
950,-1307.04,0.794,48.21,1363.29,34.72,25,72,0.3,False,1.5,1.5,150.0
950,-1307.04,0.794,48.21,1363.29,34.72,25,72,0.3,False,1.5,1.5,200.0
950,-1190.69,0.801,33.16,1273.68,31.94,23,72,0.3,False,2.0,1.0,100.0
950,-1190.69,0.801,33.16,1273.68,31.94,23,72,0.3,False,2.0,1.0,150.0
950,-1190.69,0.801,33.16,1273.68,31.94,23,72,0.3,False,2.0,1.0,200.0
950,-1516.29,0.766,36.42,1574.87,30.56,22,72,0.3,False,2.0,1.2,100.0
950,-1516.29,0.766,36.42,1574.87,30.56,22,72,0.3,False,2.0,1.2,150.0
950,-1516.29,0.766,36.42,1574.87,30.56,22,72,0.3,False,2.0,1.2,200.0
949,-1391.16,0.803,41.83,1442.35,36.11,26,72,0.3,False,2.0,1.5,100.0
950,-1405.11,0.801,41.79,1456.29,36.11,26,72,0.3,False,2.0,1.5,150.0
950,-1405.11,0.801,41.79,1456.29,36.11,26,72,0.3,False,2.0,1.5,200.0
944,-932.55,0.848,30.19,1078.57,38.89,28,72,0.3,False,2.5,1.0,100.0
950,-994.93,0.84,30.0,1140.95,38.89,28,72,0.3,False,2.5,1.0,150.0
950,-994.93,0.84,30.0,1140.95,38.89,28,72,0.3,False,2.5,1.0,200.0
944,-1096.02,0.837,33.47,1308.24,36.11,26,72,0.3,False,2.5,1.2,100.0
950,-1169.44,0.828,33.26,1381.65,36.11,26,72,0.3,False,2.5,1.2,150.0
950,-1169.44,0.828,33.26,1381.65,36.11,26,72,0.3,False,2.5,1.2,200.0
938,-949.56,0.87,38.81,1212.62,36.11,26,72,0.3,False,2.5,1.5,100.0
949,-976.39,0.868,38.67,1288.64,36.11,26,72,0.3,False,2.5,1.5,150.0
950,-990.34,0.866,38.63,1288.64,36.11,26,72,0.3,False,2.5,1.5,200.0
628,-917.59,0.758,38.85,949.82,38.89,28,72,0.4,True,1.5,1.0,100.0
628,-917.59,0.758,38.85,949.82,38.89,28,72,0.4,True,1.5,1.0,150.0
628,-917.59,0.758,38.85,949.82,38.89,28,72,0.4,True,1.5,1.0,200.0
628,-834.94,0.793,43.79,873.82,44.44,32,72,0.4,True,1.5,1.2,100.0
628,-834.94,0.793,43.79,873.82,44.44,32,72,0.4,True,1.5,1.2,150.0
628,-834.94,0.793,43.79,873.82,44.44,32,72,0.4,True,1.5,1.2,200.0
628,-867.21,0.804,48.73,890.66,36.11,26,72,0.4,True,1.5,1.5,100.0
628,-867.21,0.804,48.73,890.66,36.11,26,72,0.4,True,1.5,1.5,150.0
628,-867.21,0.804,48.73,890.66,36.11,26,72,0.4,True,1.5,1.5,200.0
628,-935.21,0.771,32.8,986.84,33.33,24,72,0.4,True,2.0,1.0,100.0
628,-935.21,0.771,32.8,986.84,33.33,24,72,0.4,True,2.0,1.0,150.0
628,-935.21,0.771,32.8,986.84,33.33,24,72,0.4,True,2.0,1.0,200.0
628,-887.25,0.799,37.74,947.99,38.89,28,72,0.4,True,2.0,1.2,100.0
628,-887.25,0.799,37.74,947.99,38.89,28,72,0.4,True,2.0,1.2,150.0
628,-887.25,0.799,37.74,947.99,38.89,28,72,0.4,True,2.0,1.2,200.0
628,-851.41,0.823,42.83,1006.33,43.06,31,72,0.4,True,2.0,1.5,100.0
628,-851.41,0.823,42.83,1006.33,43.06,31,72,0.4,True,2.0,1.5,150.0
628,-851.41,0.823,42.83,1006.33,43.06,31,72,0.4,True,2.0,1.5,200.0
628,-1030.04,0.762,28.66,1141.97,31.94,23,72,0.4,True,2.5,1.0,100.0
628,-1030.04,0.762,28.66,1141.97,31.94,23,72,0.4,True,2.5,1.0,150.0
628,-1030.04,0.762,28.66,1141.97,31.94,23,72,0.4,True,2.5,1.0,200.0
628,-940.98,0.799,33.44,1070.95,38.89,28,72,0.4,True,2.5,1.2,100.0
628,-940.98,0.799,33.44,1070.95,38.89,28,72,0.4,True,2.5,1.2,150.0
628,-940.98,0.799,33.44,1070.95,38.89,28,72,0.4,True,2.5,1.2,200.0
628,-875.29,0.828,38.38,1163.21,41.67,30,72,0.4,True,2.5,1.5,100.0
628,-875.29,0.828,38.38,1163.21,41.67,30,72,0.4,True,2.5,1.5,150.0
628,-875.29,0.828,38.38,1163.21,41.67,30,72,0.4,True,2.5,1.5,200.0
857,-1189.93,0.767,38.97,1225.58,34.72,25,72,0.4,False,1.5,1.0,100.0
857,-1189.93,0.767,38.97,1225.58,34.72,25,72,0.4,False,1.5,1.0,150.0
857,-1189.93,0.767,38.97,1225.58,34.72,25,72,0.4,False,1.5,1.0,200.0
857,-1225.57,0.777,42.94,1260.32,40.28,29,72,0.4,False,1.5,1.2,100.0
857,-1225.57,0.777,42.94,1260.32,40.28,29,72,0.4,False,1.5,1.2,150.0
857,-1225.57,0.777,42.94,1260.32,40.28,29,72,0.4,False,1.5,1.2,200.0
857,-1115.37,0.81,48.07,1138.17,37.5,27,72,0.4,False,1.5,1.5,100.0
857,-1115.37,0.81,48.07,1138.17,37.5,27,72,0.4,False,1.5,1.5,150.0
857,-1115.37,0.81,48.07,1138.17,37.5,27,72,0.4,False,1.5,1.5,200.0
857,-1159.9,0.79,33.02,1238.58,33.33,24,72,0.4,False,2.0,1.0,100.0
857,-1159.9,0.79,33.02,1238.58,33.33,24,72,0.4,False,2.0,1.0,150.0
857,-1159.9,0.79,33.02,1238.58,33.33,24,72,0.4,False,2.0,1.0,200.0
857,-1250.42,0.791,36.76,1315.83,37.5,27,72,0.4,False,2.0,1.2,100.0
857,-1250.42,0.791,36.76,1315.83,37.5,27,72,0.4,False,2.0,1.2,150.0
857,-1250.42,0.791,36.76,1315.83,37.5,27,72,0.4,False,2.0,1.2,200.0
857,-1244.48,0.808,41.77,1319.27,27.78,20,72,0.4,False,2.0,1.5,100.0
857,-1244.48,0.808,41.77,1319.27,27.78,20,72,0.4,False,2.0,1.5,150.0
857,-1244.48,0.808,41.77,1319.27,27.78,20,72,0.4,False,2.0,1.5,200.0
857,-1175.86,0.796,29.29,1323.76,37.5,27,72,0.4,False,2.5,1.0,100.0
857,-1175.86,0.796,29.29,1323.76,37.5,27,72,0.4,False,2.5,1.0,150.0
857,-1175.86,0.796,29.29,1323.76,37.5,27,72,0.4,False,2.5,1.0,200.0
857,-1220.88,0.805,33.02,1386.7,33.33,24,72,0.4,False,2.5,1.2,100.0
857,-1220.88,0.805,33.02,1386.7,33.33,24,72,0.4,False,2.5,1.2,150.0
857,-1220.88,0.805,33.02,1386.7,33.33,24,72,0.4,False,2.5,1.2,200.0
851,-1031.31,0.846,38.19,1263.5,30.56,22,72,0.4,False,2.5,1.5,100.0
857,-1084.66,0.84,38.04,1304.12,30.56,22,72,0.4,False,2.5,1.5,150.0
857,-1084.66,0.84,38.04,1304.12,30.56,22,72,0.4,False,2.5,1.5,200.0
