macd_config,ema_filter,sl_atr_mult,tp_rr_mult,session_mode,total_trades,net_profit,gross_profit,gross_loss,profit_factor,win_rate,max_drawdown,romad,sharpe,avg_holding_bars
ZL_MACD_8_21_5,0,1.5,1.5,24h,10702,-55018.15506504599,302362.07476021576,357380.22982527036,0.8460514866982038,38.38534853298449,55857.61147896856,-0.9849714946325866,-3.152147428841045,10.77004298262007
ZL_MACD_8_21_5,0,1.5,1.5,London_NY,8210,-49334.5793195447,237566.1219255708,286900.7012451206,0.8280430159095372,38.209500609013396,49749.30053623793,-0.991663777938121,-3.185780969241568,11.343605359317905
ZL_MACD_8_21_5,0,1.5,2.0,24h,8246,-39659.922518484644,273383.322767856,313043.2452863466,0.8733084865568241,32.173174872665534,40412.41036900171,-0.981379783001158,-2.180880804432825,14.740116420082463
ZL_MACD_8_21_5,0,1.5,2.0,London_NY,6633,-30058.796712821313,226324.60942033972,256383.40613316355,0.8827584157407928,32.27800391979496,31923.026906041174,-0.9416023361848851,-1.8268449838297143,15.382632293080054
ZL_MACD_8_21_5,0,1.5,3.0,24h,5630,-23290.721862793354,221953.81777343733,245244.5396362318,0.9050306200605268,24.404973357015987,26365.510813685818,-0.8833783660547778,-1.2349400732202442,22.706749555950267
ZL_MACD_8_21_5,0,1.5,3.0,London_NY,4798,-19572.377662876843,193727.71190534302,213300.08956822063,0.9082401807589598,24.28095039599833,22819.522225516208,-0.8577032187374857,-1.1021028571897475,23.400166736140058
ZL_MACD_8_21_5,0,1.5,4.0,24h,4377,-4635.432657296407,198906.38274274534,203541.81540004245,0.9772261407407289,20.44779529358008,18288.278114536828,-0.2534646853173036,-0.22985597555479534,29.9095270733379
ZL_MACD_8_21_5,0,1.5,4.0,London_NY,3800,-12267.764848981515,169661.25034877227,181929.01519775417,0.9325683985281457,19.736842105263158,15856.402509416934,-0.7736789502975742,-0.6612507193363297,30.937105263157896
ZL_MACD_8_21_5,0,2.0,1.5,24h,6171,-17565.64486955957,262670.4148821137,280236.05975167605,0.9373183990485461,39.86387943607195,25507.09226422976,-0.6886572835349409,-0.9292162862737158,20.529735861286664
ZL_MACD_8_21_5,0,2.0,1.5,London_NY,5146,-15341.129139928,222005.92034388898,237347.0494838179,0.9353641464122147,39.19549164399533,26404.830841936404,-0.5809970619301629,-0.8864750928161524,21.44267392149242
ZL_MACD_8_21_5,0,2.0,2.0,24h,4630,-7702.266183035714,230329.0895019527,238031.3556849896,0.9676418001280886,33.88768898488121,16883.727713448523,-0.4561946457416847,-0.3973485676454222,28.129805615550755
ZL_MACD_8_21_5,0,2.0,2.0,London_NY,4030,-10333.096609933216,199111.11255580324,209444.2091657376,0.9506642047966217,32.72952853598015,19104.876590401887,-0.5408617303042129,-0.5717278125420937,28.948138957816376
ZL_MACD_8_21_5,0,2.0,3.0,24h,3082,-5464.422342354903,178547.92529296866,184012.347635324,0.9703040452851309,25.308241401687216,12834.16818498899,-0.4257714456902756,-0.2728833530733332,43.4769630110318
ZL_MACD_8_21_5,0,2.0,3.0,London_NY,2902,-9586.346309988921,164654.3449567523,174240.6912667413,0.9449821609390111,24.190213645761542,16988.141678292403,-0.5642963480954741,-0.49660479691844234,42.15541006202619
ZL_MACD_8_21_5,0,2.0,4.0,24h,2283,-1445.7512765065653,145502.43167550227,146948.18295200894,0.9901614892578915,20.58694699956198,8014.845200892873,-0.18038417964023873,-0.07212504786437061,59.498904949627686
ZL_MACD_8_21_5,0,2.0,4.0,London_NY,2237,-9892.835114397396,133173.07374441973,143065.90885881687,0.9308512056204824,19.13276709879303,14719.770200892784,-0.672078094928233,-0.5135438883936877,56.72597228430934
ZL_MACD_8_21_5,0,2.5,1.5,24h,3771,-4049.6141165597305,219003.0946620392,223052.70877860024,0.9818445866955122,39.724211084592945,20316.083686174716,-0.19933045064760835,-0.2046492251863276,35.141607000795545
ZL_MACD_8_21_5,0,2.5,1.5,London_NY,3423,-7638.786833844955,193758.73485630535,201397.52169015133,0.9620710981458938,39.61437335670465,15482.738589041433,-0.4933743981992715,-0.41609572965230956,35.09582237803097
ZL_MACD_8_21_5,0,2.5,2.0,24h,2853,228.96856340670334,191431.74217354876,191202.7736101425,1.0011975169558633,33.71889239397126,7649.157519531574,0.029933827721817543,0.011378765703118965,47.15001752541185
ZL_MACD_8_21_5,0,2.5,2.0,London_NY,2674,-4699.840630231834,172458.16127232116,177158.00190255317,0.9734709096977895,32.72251308900523,11626.656907435974,-0.4042297513076173,-0.24939493589743666,46.32124158563949
ZL_MACD_8_21_5,0,2.5,3.0,24h,1849,5485.245080566387,147505.27306431354,142020.02798374713,1.0386230390068234,25.74364521362899,7554.431792341042,0.7260963142360393,0.2660825208801439,74.07463493780422
ZL_MACD_8_21_5,0,2.5,3.0,London_NY,1854,183.29410051601977,139504.35167585098,139321.05757533474,1.0013156238095389,25.620280474649405,8733.5180803574,0.020987430131766426,0.009321376179798424,69.33980582524272
ZL_MACD_8_21_5,0,2.5,4.0,24h,1378,5114.560996791359,118233.44196428562,113118.88096749448,1.0452140345895116,20.682148040638605,7444.049007742846,0.6870670775369029,0.24705575355258919,100.18142235123368
ZL_MACD_8_21_5,0,2.5,4.0,London_NY,1455,-384.0308837890188,115937.45774274555,116321.48862653473,0.9966985387796905,19.79381443298969,9866.926360212072,-0.03892102461994707,-0.018842208629359536,89.94914089347078
ZL_MACD_8_21_5,0,3.0,1.5,24h,2643,-11462.046337890913,185359.64523925778,196821.69157714842,0.941764313445107,39.95459704880817,12231.808621651984,-0.9370688090722343,-0.5738026116965326,51.09307604994325
ZL_MACD_8_21_5,0,3.0,1.5,London_NY,2444,5578.51058349583,177318.00486711785,171739.49428362164,1.0324823978710658,40.95744680851064,11125.407463727723,0.501420788558397,0.29315924744158484,51.29828150572831
ZL_MACD_8_21_5,0,3.0,2.0,24h,2050,-1229.238630022384,164193.48177315836,165422.72040318087,0.9925691064260912,34.536585365853654,12821.74125279027,-0.09587142696042761,-0.061068635661419686,66.58487804878048
ZL_MACD_8_21_5,0,3.0,2.0,London_NY,1919,2201.402124023509,153079.70726841528,150878.3051443918,1.0145905809448,33.92391870766024,12820.646156529016,0.17170757987907087,0.11388353160861002,66.79572694111516
ZL_MACD_8_21_5,0,3.0,3.0,24h,1245,11068.5131312778,127274.66749790731,116206.15436662962,1.0952489409154407,26.506024096385545,7851.795668247771,1.4096792121117283,0.521149542742906,111.12771084337349
ZL_MACD_8_21_5,0,3.0,3.0,London_NY,1321,-746.4557652065192,119293.79880371095,120040.25456891755,0.9937816212745697,24.678274034822103,11920.933265904165,-0.06261722539304082,-0.03656905858901751,100.01968205904618
ZL_MACD_8_21_5,0,3.0,4.0,24h,1002,2204.5781982422186,100511.87847377239,98307.30027553032,1.022425376264664,19.660678642714572,7117.389637974415,0.30974532945053634,0.10576402268153354,138.56087824351297
ZL_MACD_8_21_5,0,3.0,4.0,London_NY,1035,3509.079868861635,100978.72182617194,97469.64195731028,1.036001772432883,19.710144927536234,11063.424365234363,0.31717845696026503,0.1705345653698671,129.16135265700484
ZL_MACD_8_21_5,100,1.5,1.5,24h,8486,-32396.84710518923,248391.64150390524,280788.48860909947,0.8846218829494268,38.75795427763375,38268.89110107469,-0.8465582924685122,-2.04422273418635,11.822884751355174
ZL_MACD_8_21_5,100,1.5,1.5,London_NY,6344,-26008.060221645155,193964.17392316522,219972.23414481108,0.881766622397787,38.414249684741485,30590.674761091126,-0.8501957026042888,-1.8516508751367977,12.774747793190416
ZL_MACD_8_21_5,100,1.5,2.0,24h,6889,-24344.673018973703,232661.9024553567,257006.5754743326,0.9052760693999939,32.71882711569168,29042.443289620693,-0.8382446606230992,-1.4509802789207695,15.706053128175352
ZL_MACD_8_21_5,100,1.5,2.0,London_NY,5383,-16357.076131766502,190547.66802804128,206904.74415980806,0.9209439290617087,32.76983094928478,21569.461422293592,-0.7583442076518556,-1.0796474581784965,16.761285528515696
ZL_MACD_8_21_5,100,1.5,3.0,24h,4925,-10962.69945417132,201309.2142037523,212271.91365792527,0.9483553934891297,25.137055837563455,18868.01851109117,-0.5810201769585464,-0.6040966427186785,23.832081218274112
ZL_MACD_8_21_5,100,1.5,3.0,London_NY,4080,-7750.665710449168,171461.59539446142,179212.26110491107,0.9567514763629236,25.31862745098039,14288.90535888685,-0.5424254353835939,-0.4654719092062948,25.0625
ZL_MACD_8_21_5,100,1.5,4.0,24h,3824,-6497.246548897867,168388.36064453126,174885.60719342923,0.9628485919844062,20.214435146443517,14025.42666887564,-0.46324769308559827,-0.35440461048434285,32.08786610878661
ZL_MACD_8_21_5,100,1.5,4.0,London_NY,3229,-627.1005353657434,151161.27640206483,151788.3769374302,0.995868586593927,20.59461133477857,9604.24136439751,-0.06529412491551669,-0.036162931353163744,33.868999690306595
ZL_MACD_8_21_5,100,2.0,1.5,24h,5123,-15555.155939592913,221239.47166922397,236794.627608818,0.9343095065260899,39.898496974429044,18849.910365513817,-0.8252111356482255,-0.8894242385315944,22.592621510833496
ZL_MACD_8_21_5,100,2.0,1.5,London_NY,4235,-7277.710466657376,188913.82669852118,196191.5371651789,0.9629050744399316,40.425029515938604,13321.910606166439,-0.546296299517929,-0.4559699189890643,23.64746162927981
ZL_MACD_8_21_5,100,2.0,2.0,24h,3991,-12290.73874162946,196832.13641183035,209122.8751534605,0.9412271912739778,33.55048859934853,16064.197391182972,-0.7651013270277282,-0.6823146916842782,30.430969681784013
ZL_MACD_8_21_5,100,2.0,2.0,London_NY,3436,-6955.169859096059,172508.00080915185,179463.17066824806,0.9612445838708968,34.0221187427241,11673.580887276974,-0.5958043145678198,-0.41812630229076225,31.36059371362049
ZL_MACD_8_21_5,100,2.0,3.0,24h,2760,-3182.1096191408324,161836.88601422997,165018.99563337083,0.98071670714679,25.579710144927535,10395.70496651804,-0.30609849253991045,-0.16679733989569373,46.20072463768116
ZL_MACD_8_21_5,100,2.0,3.0,London_NY,2477,2648.42088448654,149546.1981933596,146897.777308873,1.0180290058366093,26.12030682276948,7407.349009486838,0.3575396381478204,0.14637733981097892,46.97658457811869
ZL_MACD_8_21_5,100,2.0,4.0,24h,2075,2602.5476074219523,137822.7215750557,135220.173967634,1.0192467405643528,20.96385542168675,8315.781473214458,0.31296488680046325,0.12930639469080418,63.001927710843376
ZL_MACD_8_21_5,100,2.0,4.0,London_NY,1916,6120.123423549157,129455.334751674,123335.21132812521,1.0496218667616874,21.39874739039666,6867.071198381844,0.8912276058811365,0.31678634900388875,63.53079331941545
ZL_MACD_8_21_5,100,2.5,1.5,24h,3245,-5408.030295235805,191036.74829188726,196444.77858712396,0.9724704808438661,40.77041602465331,13083.23128138963,-0.4133558582678662,-0.2927671963316866,38.400308166409864
ZL_MACD_8_21_5,100,2.5,1.5,London_NY,2880,-5897.396536690787,167978.83470110208,173876.23123779317,0.9660827906453424,40.3125,14452.284228515864,-0.4080598224780695,-0.343328886831183,39.11701388888889
ZL_MACD_8_21_5,100,2.5,2.0,24h,2502,-4953.00520193939,166875.11366141154,171828.11886335103,0.9711746527011772,33.89288569144684,9880.654535784186,-0.5012831067012192,-0.2623328268515312,51.299760191846524
ZL_MACD_8_21_5,100,2.5,2.0,London_NY,2283,131.49141671312205,155125.07619628884,154993.5847795757,1.0008483668333765,34.12176960140167,7962.22818952306,0.01651439943483941,0.007311232396843559,51.72141918528252
ZL_MACD_8_21_5,100,2.5,3.0,24h,1655,2159.5680541992942,132938.53933454238,130778.97128034313,1.016513113943754,26.34441087613293,7020.5827113560335,0.307605243465919,0.10900428175598811,80.18368580060422
ZL_MACD_8_21_5,100,2.5,3.0,London_NY,1552,6068.182978166929,126638.55182233543,120570.36884416844,1.0503289741612207,26.54639175257732,4881.3914969307625,1.2431256501311925,0.31553632917960445,80.74871134020619
ZL_MACD_8_21_5,100,2.5,4.0,24h,1227,4945.397987583687,107527.31864536827,102581.92065778456,1.0482092551579498,21.515892420537895,4985.196217564189,0.9920167174482957,0.25262863616613634,109.97881010594946
ZL_MACD_8_21_5,100,2.5,4.0,London_NY,1157,3381.8876028878763,99854.29321289067,96472.4056100028,1.0350554915833592,21.6076058772688,6158.903805106032,0.5491054430959168,0.18131171672946247,111.7009507346586
ZL_MACD_8_21_5,100,3.0,1.5,24h,2229,1127.1054408481486,166526.382041713,165399.27660086507,1.0068144520581417,40.96007178106774,10003.533771624057,0.11267072882237743,0.05899213126235134,58.130551816958274
ZL_MACD_8_21_5,100,3.0,1.5,London_NY,2084,3921.613854980569,155695.17970319485,151773.5658482145,1.0258385828458578,41.21880998080614,5085.883857073111,0.7710781380755771,0.21594522561943455,57.86468330134357
ZL_MACD_8_21_5,100,3.0,2.0,24h,1693,7186.505472237654,146657.69881417416,139471.1933419365,1.0515268085117675,35.61724748966332,6317.841810825868,1.137493734003168,0.3713952310655899,78.11045481393975
ZL_MACD_8_21_5,100,3.0,2.0,London_NY,1561,8047.9340401785175,135158.12645786832,127110.19241768995,1.0633146240053866,35.29788597053171,5479.887451171842,1.4686312651289057,0.43504938448388686,80.17552850736708
ZL_MACD_8_21_5,100,3.0,3.0,24h,1113,1163.9649623325913,109636.05426548545,108472.08930315307,1.010730548012949,27.22371967654987,6160.6261579240945,0.18893614585514873,0.059687011540854894,121.51841868823001
ZL_MACD_8_21_5,100,3.0,3.0,London_NY,1079,3242.0357735769708,105277.50392020085,102035.46814662403,1.0317736159049915,27.15477293790547,5757.970731026784,0.563051798111318,0.17127207226678978,120.19462465245597
ZL_MACD_8_21_5,100,3.0,4.0,24h,908,5894.51344168526,96681.49241071426,90786.97896902915,1.0649268596512718,22.356828193832598,6720.172893415226,0.8771371711970402,0.2860122989820485,150.23237885462555
ZL_MACD_8_21_5,100,3.0,4.0,London_NY,869,10949.051049804613,96804.06063058038,85855.0095807757,1.127529553642451,22.78481012658228,4782.865011160702,2.2892243507302132,0.5297613552528464,151.08285385500577
ZL_MACD_8_21_5,200,1.5,1.5,24h,8598,-27596.135728236237,253951.18046002928,281547.31618827075,0.9019840213650343,39.171900441963245,37980.02741524886,-0.7265959928495597,-1.7296116650974347,11.770993254245173
ZL_MACD_8_21_5,200,1.5,1.5,London_NY,6423,-23438.936195591916,197828.2345249716,221267.17072056446,0.8940695263591832,38.86034563288183,29838.230601283576,-0.7855337170892306,-1.658829114876716,12.709792931651876
ZL_MACD_8_21_5,200,1.5,2.0,24h,6909,-20635.33120466008,235220.71052594803,255856.04173061025,0.9193478838135506,32.98596034158344,30300.975749860743,-0.6810121025477179,-1.2265817471141813,15.839774207555363
ZL_MACD_8_21_5,200,1.5,2.0,London_NY,5419,-14581.806537737475,193390.06548549092,207971.87202322876,0.9298856792705642,32.88429599557114,22790.21369628911,-0.6398275475631808,-0.9558448173018312,16.8014393799594
ZL_MACD_8_21_5,200,1.5,3.0,24h,4886,-10357.38617640912,200600.83598284007,210958.22215925012,0.9509031405820657,25.092099877200162,19710.286139788288,-0.525481269168443,-0.5727458752495093,24.26852230863692
ZL_MACD_8_21_5,200,1.5,3.0,London_NY,4055,-7524.551906040688,171451.56211286274,178976.11401890387,0.9579577870081235,25.228113440197287,14852.064828055261,-0.5066333868828095,-0.4519360362922856,25.47225647348952
ZL_MACD_8_21_5,200,1.5,4.0,24h,3836,-1451.2352713449127,173055.0285644531,174506.2638357979,0.9916837640125609,20.333680917622523,13763.943620954287,-0.10543746118921513,-0.07784901264938594,32.18952033368092
ZL_MACD_8_21_5,200,1.5,4.0,London_NY,3258,3949.0939557754004,155541.80573381702,151592.7117780413,1.0260506848215625,20.871700429711478,7743.137377930003,0.5100121259673588,0.22457832774150963,33.77900552486188
ZL_MACD_8_21_5,200,2.0,1.5,24h,5124,-11395.55059988867,224009.7089425217,235405.2595424117,0.951591775723104,40.22248243559719,20010.098203822694,-0.569489988695392,-0.650039043092757,22.814012490242
ZL_MACD_8_21_5,200,2.0,1.5,London_NY,4227,-3310.9252546039347,190928.76235002768,194239.68760463185,0.9829544348251659,40.50153773361722,13884.580262974372,-0.23846059383106366,-0.20752424266140934,23.907499408563993
ZL_MACD_8_21_5,200,2.0,2.0,24h,3956,-8556.56944754462,198874.47264927448,207431.04209681987,0.9587498121734762,33.77148634984833,15347.11252092636,-0.5575361121434028,-0.47189487026666105,30.964610717896864
ZL_MACD_8_21_5,200,2.0,2.0,London_NY,3427,-3475.7595005580697,174201.31976143966,177677.07926199815,0.9804377721932652,33.96556755179457,13092.041727120664,-0.2654864361880165,-0.20800842422251442,31.741756638459293
ZL_MACD_8_21_5,200,2.0,3.0,24h,2749,2937.735532923882,167671.40046037937,164733.66492745557,1.0178332433398936,25.645689341578752,10227.138197544848,0.287249030586985,0.15058711118004048,46.6358675882139
ZL_MACD_8_21_5,200,2.0,3.0,London_NY,2525,10232.185232979908,158004.6076032366,147772.4223702567,1.0692428605341682,26.495049504950497,7321.177685547073,1.3976146560654483,0.5530579430844638,46.156039603960394
ZL_MACD_8_21_5,200,2.0,4.0,24h,2067,5989.313811383827,139618.91842215398,133629.6046107703,1.044820261414595,20.803096274794388,8134.663846261373,0.7362705976026862,0.294153134876364,63.55297532656023
ZL_MACD_8_21_5,200,2.0,4.0,London_NY,1892,10807.050453404127,130657.14431501107,119850.09386160728,1.0901713974949645,21.19450317124736,7721.281124442014,1.3996447324258134,0.5552510940079001,64.8514799154334
ZL_MACD_8_21_5,200,2.5,1.5,24h,3242,-4006.875458635505,192336.66776297428,196343.5432216107,0.9795925275010755,40.62307217766811,14872.757313755617,-0.26941039742036255,-0.21610479820503797,38.65823565700185
ZL_MACD_8_21_5,200,2.5,1.5,London_NY,2902,-3388.085332379948,170884.1503330776,174272.2356654578,0.980558662603697,40.38594073053067,13022.001096017117,-0.2601816193531285,-0.19602196738438482,39.09510682288077
ZL_MACD_8_21_5,200,2.5,2.0,24h,2577,-4758.0110002789725,172376.3620152063,177134.37301548576,0.9731389739931307,33.72138145129996,13018.937461635087,-0.3654684581057508,-0.24657121777589117,49.90065968180054
ZL_MACD_8_21_5,200,2.5,2.0,London_NY,2340,-368.99062674385823,158838.07246791292,159207.06309465677,0.9976823225077366,33.80341880341881,11760.669372558677,-0.0313749681293506,-0.020184556374970672,50.61153846153846
ZL_MACD_8_21_5,200,2.5,3.0,24h,1708,2273.1864065989043,138973.43809640067,136700.25168980184,1.0166289847933647,26.170960187353632,7548.680639648432,0.30113691585510954,0.11090791249912858,77.59367681498829
ZL_MACD_8_21_5,200,2.5,3.0,London_NY,1568,5592.551135254037,127844.96506870813,122252.41393345417,1.0457459362585524,25.765306122448976,6324.767937360636,0.8842302501280138,0.28606448934172485,79.99681122448979
ZL_MACD_8_21_5,200,2.5,4.0,24h,1271,9674.380547223796,114411.3378696987,104736.95732247483,1.0923683558749697,22.265932336742722,6978.691974748875,1.3862741875166262,0.4803602239090893,106.1597167584579
ZL_MACD_8_21_5,200,2.5,4.0,London_NY,1233,6676.938542829348,106652.67396763395,99975.73542480476,1.0667855906681591,21.086780210867804,8196.272103445874,0.8146311467651534,0.34038890186272225,104.45823195458232
ZL_MACD_8_21_5,200,3.0,1.5,24h,2218,464.7437796456027,166673.39908447245,166208.6553048271,1.0027961466795638,41.07303877366997,12784.355440848363,0.036352538991575666,0.024246965354513324,58.77502254283138
ZL_MACD_8_21_5,200,3.0,1.5,London_NY,2071,4759.243000139588,156388.90768345434,151629.664683315,1.0313872817042709,41.139546112988896,8250.870455496768,0.5768170795808529,0.2609637117772723,58.5045871559633
ZL_MACD_8_21_5,200,3.0,2.0,24h,1683,11525.611638532275,150105.01900809168,138579.4073695593,1.0831697281530164,35.650623885918,6603.307414899593,1.7454301177204135,0.5850535813043051,78.74212715389186
ZL_MACD_8_21_5,200,3.0,2.0,London_NY,1609,13532.625687081356,143204.96459960946,129672.33891252821,1.1043601573054822,35.73648228713487,4561.089864676396,2.966971949376726,0.711279709683191,77.64947172156619
ZL_MACD_8_21_5,200,3.0,3.0,24h,1161,2504.8215959821055,115085.64380231578,112580.82220633392,1.0222490966657813,26.873385012919897,5476.83045479913,0.45734875611992504,0.12534172057876083,116.5452196382429
ZL_MACD_8_21_5,200,3.0,3.0,London_NY,1068,11136.494921874855,109935.27014508928,98798.77522321437,1.1127189572615088,27.340823970037455,3923.955137416302,2.838079063566357,0.5742797399535273,121.95973782771536
ZL_MACD_8_21_5,200,3.0,4.0,24h,913,-820.0971888951581,95809.7376953125,96629.83488420774,0.9915130022743187,21.248630887185104,8965.351764788034,-0.091474067098643,-0.039305390112836146,149.5936473165389
ZL_MACD_8_21_5,200,3.0,4.0,London_NY,839,15941.809699358193,99718.00115792415,83776.19145856585,1.1902904562956031,23.12276519666269,5360.516810825933,2.9739314812263267,0.7559302352601122,157.81168057210965
ZL_MACD_8_21_5,400,1.5,1.5,24h,8586,-24966.24244297625,255853.94508841244,280820.18753139226,0.9110952718091576,39.52946657349173,33255.397493199416,-0.7507425658671419,-1.5697442080676112,11.92674120661542
ZL_MACD_8_21_5,400,1.5,1.5,London_NY,6447,-20392.160702078992,200519.4060477116,220911.56674979132,0.9076908420771997,39.382658600899646,25581.933109828322,-0.7971313432230236,-1.4478988313130097,12.888940592523655
ZL_MACD_8_21_5,400,1.5,2.0,24h,6887,-17852.583562360825,237401.37776576393,255253.9613281266,0.9300595239757579,33.12037171482503,25008.458939034703,-0.713861801955955,-1.0599368514945686,16.06838971976187
ZL_MACD_8_21_5,400,1.5,2.0,London_NY,5436,-10530.631372070275,197335.7181884765,207866.34956054724,0.9493394125873009,33.25974981604121,18160.738781738477,-0.5798569925282636,-0.686791645945467,17.020051508462103
ZL_MACD_8_21_5,400,1.5,3.0,24h,4837,-8657.925141252621,201028.10004708415,209686.0251883378,0.9587100516904873,24.932809592722762,17260.153417968897,-0.5016134521863045,-0.4807793488032983,24.777548066983666
ZL_MACD_8_21_5,400,1.5,3.0,London_NY,4024,-4299.975605119915,174046.02867257266,178346.00427769264,0.9758897003466098,25.14910536779324,13037.751717703683,-0.3298095943398792,-0.2571239520492787,26.227882703777336
ZL_MACD_8_21_5,400,1.5,4.0,24h,3733,-4528.78359026218,170147.20320172978,174675.9867919923,0.9740732331132871,19.79641039378516,13548.41450195317,-0.3342666840912861,-0.2407192090066352,33.37717653361907
ZL_MACD_8_21_5,400,1.5,4.0,London_NY,3190,3879.1835501533883,155065.90591517856,151186.72236502508,1.02565822903937,20.6269592476489,7736.94574323417,0.5013843548722918,0.21771386300158335,35.07241379310345
ZL_MACD_8_21_5,400,2.0,1.5,24h,5181,-11658.930723353757,227014.2236781524,238673.15440150758,0.9511510594788471,40.35900405327157,16965.22403041331,-0.68722527344484,-0.6593027165992139,22.68442385639838
ZL_MACD_8_21_5,400,2.0,1.5,London_NY,4307,-4414.688106863955,194800.45984235473,199215.14794921892,0.9778395962741271,40.56187601578825,13503.62405831488,-0.3269261709152517,-0.2724628792663485,23.69979103784537
ZL_MACD_8_21_5,400,2.0,2.0,24h,3934,-5894.946944754422,201538.32797851553,207433.27492327057,0.9715814786854444,33.96034570411794,13591.052608816977,-0.43373733546805415,-0.3226377705016212,31.361718352821555
ZL_MACD_8_21_5,400,2.0,2.0,London_NY,3414,-999.8186314175365,177714.97467215385,178714.79330357167,0.9944055071606775,34.153485647334506,11161.40241350469,-0.08957822631749307,-0.05893452869280669,32.31019332161687
ZL_MACD_8_21_5,400,2.0,3.0,24h,2742,351.0690080912439,167964.79425920744,167613.72525111612,1.0020945122934615,25.346462436177973,8875.097802734643,0.039556635419056525,0.01777360520578377,46.934719183078045
ZL_MACD_8_21_5,400,2.0,3.0,London_NY,2509,6055.697935267757,156766.16274414057,150710.4648088727,1.0401810049683515,25.86687923475488,8005.550292968994,0.7564374357358387,0.32393525788430644,46.97170187325628
ZL_MACD_8_21_5,400,2.0,4.0,24h,2064,6381.291685267981,142265.80781249996,135884.5161272321,1.0469611392610243,21.17248062015504,6155.374539620525,1.036702420655849,0.3126494254174717,63.77955426356589
ZL_MACD_8_21_5,400,2.0,4.0,London_NY,1906,10705.434946986546,133667.4239118303,122961.98896484381,1.0870629617909586,21.66841552990556,5717.410714285692,1.8724271321347667,0.5485312550809834,64.68625393494229
ZL_MACD_8_21_5,400,2.5,1.5,24h,3267,1017.2285452706672,195102.97592075885,194085.74737548883,1.0052411295472512,41.07744107744108,12226.802386474632,0.08319661290967882,0.05476571543156374,38.613406795224975
ZL_MACD_8_21_5,400,2.5,1.5,London_NY,2940,5404.335941859508,177389.66810564316,171985.33216378363,1.031423237516051,41.0204081632653,10690.599850028122,0.5055222361395644,0.30879681192117503,38.96836734693878
ZL_MACD_8_21_5,400,2.5,2.0,24h,2508,7124.617288643878,176040.84840959808,168916.23112095438,1.0421784054816026,34.569377990430624,8261.664235142507,0.8623707144061857,0.36473761501047214,51.708133971291865
ZL_MACD_8_21_5,400,2.5,2.0,London_NY,2307,10626.61965855199,163783.21907784595,153156.59941929395,1.0693840141322262,34.373645426961424,8373.00592389812,1.2691522919172478,0.5703811648035794,52.05288253142609
ZL_MACD_8_21_5,400,2.5,3.0,24h,1632,8390.03095703137,137513.64596644804,129123.61500941675,1.0649767353277664,26.838235294117645,5395.72990373884,1.5549390178366231,0.41538197183739156,81.83884803921569
ZL_MACD_8_21_5,400,2.5,3.0,London_NY,1510,14081.095511300222,130929.79946289062,116848.70395159032,1.1205070748335728,27.417218543046356,4313.672143554657,3.2642943280563683,0.7267576032695153,83.98013245033113
ZL_MACD_8_21_5,400,2.5,4.0,24h,1229,8107.4826381139155,112228.93283342638,104121.45019531243,1.0778656330939094,22.701383238405207,6118.060137067539,1.3251721062683002,0.40822053495459854,110.09031733116355
ZL_MACD_8_21_5,400,2.5,4.0,London_NY,1211,10128.660750906845,110163.29063895094,100034.62988804406,1.1012515442126651,22.213047068538398,5181.799483816962,1.9546608822937277,0.5130530630503857,106.54335260115607
ZL_MACD_8_21_5,400,3.0,1.5,24h,2201,5992.879832240459,168323.41293422144,162330.53310198113,1.0369177610503835,41.253975465697415,7902.609601702092,0.7583418812628289,0.3138704642186675,59.51522035438437
ZL_MACD_8_21_5,400,3.0,1.5,London_NY,2079,11027.03224225731,160246.7835850308,149219.7513427736,1.0738979400718,41.55844155844156,6157.066355678086,1.7909555631292018,0.6032497252360197,58.79124579124579
ZL_MACD_8_21_5,400,3.0,2.0,24h,1641,12163.297164480953,149730.48867885047,137567.19151436948,1.0884171366049185,34.91773308957952,5229.484953962085,2.3259072875361295,0.6138215031239319,81.30103595368678
ZL_MACD_8_21_5,400,3.0,2.0,London_NY,1605,14609.309657505466,144094.0375837054,129484.72792619998,1.1128265077394457,35.32710280373832,4681.412838309204,3.120705257599529,0.7678650937591948,78.39750778816199
ZL_MACD_8_21_5,400,3.0,3.0,24h,1178,6560.84482770646,118303.49002162382,111742.64519391757,1.058713885073336,26.570458404074703,6892.117640904053,0.9519345387792686,0.32406411691694675,115.14431239388794
ZL_MACD_8_21_5,400,3.0,3.0,London_NY,1122,7861.530050223169,112643.13111746644,104781.60106724348,1.0750277717667038,27.00534759358289,5400.05404575893,1.455824327609725,0.3996738464057317,116.23083778966132
ZL_MACD_8_21_5,400,3.0,4.0,24h,874,1652.6136369977285,93663.1858677455,92010.57223074792,1.0179611276935991,21.62471395881007,6753.016946847238,0.244722270061721,0.08251288709672913,156.90274599542334
ZL_MACD_8_21_5,400,3.0,4.0,London_NY,843,2582.7641915457602,88972.63500279018,86389.87081124447,1.029896609027103,21.47093712930012,6333.183081054708,0.40781454735959327,0.1354970105084941,157.64887307236063
ZL_MACD_12_26_9,0,1.5,1.5,24h,8929,-28044.78102504129,267484.2547607409,295529.03578578756,0.9051031281901696,38.63814536902229,41270.572770473285,-0.6795345725152067,-1.699449557966403,11.860118714301713
ZL_MACD_12_26_9,0,1.5,1.5,London_NY,6725,-22172.333657401432,210677.59336199038,232849.92701939383,0.9047784384508021,38.66171003717472,30338.071082415147,-0.7308419047858709,-1.5160294318909635,12.787063197026022
ZL_MACD_12_26_9,0,1.5,2.0,24h,7095,-28900.01334926103,241053.6686139778,269953.6819632422,0.8929445483421874,31.782945736434108,35445.195370047964,-0.8153436043318365,-1.6747020518517068,15.949119097956308
ZL_MACD_12_26_9,0,1.5,2.0,London_NY,5560,-19211.745936802945,198618.53813476517,217830.2840715694,0.9118040633390898,32.42805755395683,25182.890122767836,-0.7628888440979067,-1.2345387028757113,17.097302158273383
ZL_MACD_12_26_9,0,1.5,3.0,24h,4961,-27730.55533970467,193793.59115862142,221524.14649832732,0.8748192656283847,23.66458375327555,30108.26049107172,-0.9210281460108886,-1.5554561768862671,24.48961902842169
ZL_MACD_12_26_9,0,1.5,3.0,London_NY,4121,-16325.62586146773,169858.4792393274,186184.10510079577,0.9123146100327412,24.508614413977188,21065.344956752364,-0.7749992176717074,-0.990605345554065,25.861684057267652
ZL_MACD_12_26_9,0,1.5,4.0,24h,3959,-19087.359359305432,171142.0701032365,190229.42946254287,0.8996613751445606,19.07047234150038,23240.62783028768,-0.8212927593302957,-1.006930560981063,31.69638797676181
ZL_MACD_12_26_9,0,1.5,4.0,London_NY,3343,-10059.608550153494,152121.00522460946,162180.61377476313,0.937972805034981,19.473526772360156,17536.94564383375,-0.5736237515049036,-0.5621047005649537,33.60125635656596
ZL_MACD_12_26_9,0,2.0,1.5,24h,5442,-27362.140482003677,229204.99889439094,256567.13937639678,0.8933529034602353,38.2396177875781,33040.98039202023,-0.8281273787085307,-1.5216389704006978,22.160786475560457
ZL_MACD_12_26_9,0,2.0,1.5,London_NY,4469,-13312.627068219943,196922.04145159005,210234.66851981074,0.9366772989348033,39.718057731036026,19702.716434151807,-0.6756747026589912,-0.8143033383073363,23.294473036473484
ZL_MACD_12_26_9,0,2.0,2.0,24h,4194,-25845.113902064724,199983.26174665138,225828.37564871757,0.8855541787969595,32.33190271816881,28351.5018833708,-0.9115959362006086,-1.4116281952085252,29.910109680495946
ZL_MACD_12_26_9,0,2.0,2.0,London_NY,3568,-15881.783014787929,174912.98334263384,190794.7663574224,0.9167598602519491,32.595291479820624,23131.008496093724,-0.6866014085581259,-0.9421688885779592,31.31053811659193
ZL_MACD_12_26_9,0,2.0,3.0,24h,2939,-13336.391245814744,168383.266064453,181719.65731026826,0.9266100792659723,24.566178972439605,18812.24324079258,-0.708920838153742,-0.6837078069896406,44.247022796869686
ZL_MACD_12_26_9,0,2.0,3.0,London_NY,2609,-11837.741308593771,148670.268296596,160508.0096051899,0.926248282950416,24.22384055193561,19473.538790457693,-0.6078885525621276,-0.6471684351486015,45.342660022997315
ZL_MACD_12_26_9,0,2.0,4.0,24h,2177,4517.833028738893,144678.29467773438,140160.46164899552,1.0322332915829922,20.670647680293982,10303.407505580504,0.43847950557055576,0.2214710847110934,60.966008268259074
ZL_MACD_12_26_9,0,2.0,4.0,London_NY,1995,-3084.4169921875427,126519.40071847098,129603.81771065872,0.9762011872283444,19.69924812030075,17471.99183872776,-0.17653493778257953,-0.16232794053272012,61.910275689223056
ZL_MACD_12_26_9,0,2.5,1.5,24h,3553,-8493.376777866852,204219.70688214962,212713.08366001747,0.9600712065674205,39.60033774275261,13943.821691022596,-0.6091139836745842,-0.44381818782581034,36.01547987616099
ZL_MACD_12_26_9,0,2.5,1.5,London_NY,3118,-8759.177968924489,177962.87561296727,186722.0535818922,0.9530897513127268,39.737010904425915,14611.741879708406,-0.5994615865127292,-0.49773336550289343,37.114817190506734
ZL_MACD_12_26_9,0,2.5,2.0,24h,2645,-12900.807285853765,170683.79215959815,183584.5994454523,0.9297282706456687,32.741020793950845,17047.378264508952,-0.7567619539898425,-0.6744039112265593,49.55992438563327
ZL_MACD_12_26_9,0,2.5,2.0,London_NY,2426,-13160.113549804702,154486.4394042969,167646.5529541016,0.9215008402027348,32.64633140972795,17070.168310546815,-0.7709422256647416,-0.7317485328884942,49.87386644682605
ZL_MACD_12_26_9,0,2.5,3.0,24h,1804,11364.15177525113,148324.72245570598,136960.57068045487,1.082973893280315,26.053215077605323,5778.522917829324,1.9666187946036602,0.5444427838368326,74.4539911308204
ZL_MACD_12_26_9,0,2.5,3.0,London_NY,1673,8376.717054966532,133388.49332972924,125011.77627476299,1.0670074236570728,26.300059772863122,7990.342511858311,1.0483551915997105,0.4305684461618931,75.51583980872684
ZL_MACD_12_26_9,0,2.5,4.0,24h,1306,24457.840168108352,127182.07586495542,102724.23569684714,1.2380922087391977,22.5114854517611,5605.28721923832,4.363351816150436,1.158000995067736,104.28483920367535
ZL_MACD_12_26_9,0,2.5,4.0,London_NY,1294,15609.848692103857,117152.57366071429,101542.72496861052,1.1537269035957936,22.411128284389488,5150.114618791866,3.030971123467088,0.7889195827135738,99.89335394126739
ZL_MACD_12_26_9,0,3.0,1.5,24h,2352,-1166.7158342636812,172966.4465994698,174133.1624337337,0.9932998642076125,40.7312925170068,10089.880484444722,-0.11563227493748547,-0.06069185635493684,56.262329931972786
ZL_MACD_12_26_9,0,3.0,1.5,London_NY,2133,-10248.246262904684,150836.23060651508,161084.47686941992,0.936379678153517,39.3342709798406,13364.98643973229,-0.7667981040697534,-0.5714823564725902,57.809657759024844
ZL_MACD_12_26_9,0,3.0,2.0,24h,1780,6473.43964494978,153513.5071916852,147040.06754673552,1.0440250045647739,33.65168539325843,10998.07064383375,0.5885977508772615,0.3214253116614498,75.5123595505618
ZL_MACD_12_26_9,0,3.0,2.0,London_NY,1666,-2675.6123988559866,136643.50486188606,139319.1172607421,0.98079508073649,32.89315726290516,12612.286666434242,-0.21214332258849922,-0.14159303227287567,76.27791116446579
ZL_MACD_12_26_9,0,3.0,3.0,24h,1120,11409.838030133937,119093.50273088734,107683.6647007534,1.1059569997161707,26.42857142857143,5626.56216866634,2.027852476895035,0.5497956121057769,122.20803571428571
ZL_MACD_12_26_9,0,3.0,3.0,London_NY,1082,10963.44465332022,112475.94712611605,101512.50247279584,1.1080009297993445,27.26432532347505,7467.744280133929,1.4681065984658488,0.5577265566885932,121.48613678373383
ZL_MACD_12_26_9,0,3.0,4.0,24h,879,10307.023653738881,98859.0924246652,88552.06877092631,1.1163950633429234,21.046643913538112,7419.215830775697,1.389233564413135,0.4970152270086521,156.78156996587032
ZL_MACD_12_26_9,0,3.0,4.0,London_NY,879,9274.279251534568,96778.94840959828,87504.66915806361,1.1059861072645405,21.729237770193404,6659.366357421914,1.392666922611686,0.46333326562494626,150.91808873720137
ZL_MACD_12_26_9,100,1.5,1.5,24h,6852,-25302.663775635185,200001.81049019925,225304.47426583615,0.8876956888757461,38.601868067717454,30053.323461914148,-0.8419256461835457,-1.7696551660834317,12.277145359019265
ZL_MACD_12_26_9,100,1.5,1.5,London_NY,4940,-16119.05235944505,155040.39133300807,171159.44369245335,0.9058243471017078,38.88663967611336,19686.0968706405,-0.8188038728735874,-1.2762620145382142,13.548380566801619
ZL_MACD_12_26_9,100,1.5,2.0,24h,5759,-19668.206265695244,195312.20476771725,214980.41103341384,0.9085116352175938,32.679284598020494,23558.379577636726,-0.8348709299329607,-1.2676174692746665,16.335648550095502
ZL_MACD_12_26_9,100,1.5,2.0,London_NY,4339,-11263.399651227792,156615.3681047712,167878.76775599943,0.9329075391618382,32.86471537220558,14999.789580426801,-0.750903843739607,-0.8118661293798742,17.867250518552662
ZL_MACD_12_26_9,100,1.5,3.0,24h,4392,-12393.513729422604,174984.60402308835,187378.11775251213,0.9338582654256723,24.95446265938069,14690.464263044056,-0.8436434347824012,-0.7411719985852309,24.110200364298723
ZL_MACD_12_26_9,100,1.5,3.0,London_NY,3468,-5661.510841588139,147190.3165335519,152851.8273751397,0.962960790598251,25.46136101499423,7916.9719098775795,-0.7151106390215402,-0.3697586376039373,26.175028835063436
ZL_MACD_12_26_9,100,1.5,4.0,24h,3510,-12900.305376325412,150770.6350516183,163670.94042794392,0.9211814550426869,19.914529914529915,15270.397562081454,-0.8447917170381134,-0.7374357509517776,32.13133903133903
ZL_MACD_12_26_9,100,1.5,4.0,London_NY,2857,-2616.733961704783,134134.68506556912,136751.41902727404,0.9808650324777761,20.616030801540077,6927.54065813373,-0.37772913806466596,-0.1590817991321288,34.64193209660483
ZL_MACD_12_26_9,100,2.0,1.5,24h,4598,-18576.172523716803,193680.97628348184,212257.14880719956,0.9124827002147706,38.92996955197912,23011.143526785956,-0.8072685523904253,-1.1270364103647297,22.451065680730753
ZL_MACD_12_26_9,100,2.0,1.5,London_NY,3652,-9499.118003627224,161551.3078473772,171050.4258510046,0.9444659786354364,39.75903614457831,13724.473015485632,-0.6921298903724139,-0.640064317340288,23.977820372398686
ZL_MACD_12_26_9,100,2.0,2.0,24h,3731,-15254.402525111587,179574.61386021227,194829.0163853243,0.9217036414383855,32.88662556955239,17226.903655133858,-0.8854988006254718,-0.8841504966362956,29.649691771642992
ZL_MACD_12_26_9,100,2.0,2.0,London_NY,3056,-8887.824853515975,153164.99813058053,162052.82298409624,0.9451547668849437,33.475130890052355,10208.789132254667,-0.8706051950309066,-0.5634006640299257,31.73887434554974
ZL_MACD_12_26_9,100,2.0,3.0,24h,2706,-12395.345082310392,151053.72869001116,163449.0737723218,0.9241638707627253,25.129342202512934,13210.768687221123,-0.9382758396413755,-0.6773476454388726,43.88728750923873
ZL_MACD_12_26_9,100,2.0,3.0,London_NY,2276,-3648.499169921839,135817.47895507808,139465.97812500029,0.9738395039494713,25.7908611599297,6498.6595772881365,-0.5614233406951811,-0.21210864463182752,47.15377855887522
ZL_MACD_12_26_9,100,2.0,4.0,24h,2093,-3595.1725585938716,133918.54080636156,137513.71336495547,0.9738558979274127,21.0224558050645,8736.001527622859,-0.41153524838864686,-0.18520687036196284,59.14524605828954
ZL_MACD_12_26_9,100,2.0,4.0,London_NY,1825,1359.1181291853563,120851.4463030134,119492.32817382844,1.011374103676412,21.26027397260274,6970.201555524618,0.19498978879715642,0.07421816230817438,62.48328767123288
ZL_MACD_12_26_9,100,2.5,1.5,24h,3071,-9891.90786132814,173006.150742885,182898.0586042134,0.9459157306708528,39.46597199609248,15996.960554722311,-0.6183617086189566,-0.5626247940040323,37.56268316509281
ZL_MACD_12_26_9,100,2.5,1.5,London_NY,2637,-7875.0629411972795,151334.47881556922,159209.54175676618,0.9505364888668032,40.27303754266212,9756.958619036146,-0.8071227160718683,-0.4842439588761015,38.96435343193022
ZL_MACD_12_26_9,100,2.5,2.0,24h,2417,-10623.842360142267,154440.11621442522,165063.95857456795,0.9356380250910837,32.97476210177906,14379.49947858546,-0.7388186477536113,-0.582116200806656,50.05544062887878
ZL_MACD_12_26_9,100,2.5,2.0,London_NY,2169,-6471.8400634765985,142144.37784598218,148616.21790945868,0.9564526661052609,33.97879207007838,8446.277622768019,-0.7662357730263244,-0.3742443300584292,50.71599815583218
ZL_MACD_12_26_9,100,2.5,3.0,24h,1713,-4445.540522112367,128496.5221993583,132942.06272147055,0.9665603163430209,25.68593111500292,10271.029891531867,-0.432823248404483,-0.23025529662697108,73.71161704611792
ZL_MACD_12_26_9,100,2.5,3.0,London_NY,1610,-1587.584908621683,122669.4848981585,124257.06980678023,0.9872233836586487,26.08695652173913,10200.345764160238,-0.15564030331204992,-0.08531394017120225,72.71366459627329
ZL_MACD_12_26_9,100,2.5,4.0,24h,1306,-1466.0970354353135,106770.64409877239,108236.74113420778,0.9864547193487884,21.592649310872893,8962.923407854485,-0.16357353161698646,-0.07612702430859888,99.61944869831547
ZL_MACD_12_26_9,100,2.5,4.0,London_NY,1259,-932.5583775111106,102983.64546595988,103916.20384347108,0.9910258617711256,21.52501985702939,8036.9723772321395,-0.11603354269985376,-0.049646797749834014,97.29070691024623
ZL_MACD_12_26_9,100,3.0,1.5,24h,2104,5903.228749302462,160395.72162388373,154492.49287458157,1.0382104569578954,41.73003802281369,5223.898824637295,1.1300427032509257,0.31847553761828423,58.486216730038024
ZL_MACD_12_26_9,100,3.0,1.5,London_NY,1892,5935.366885811942,144024.4025408064,138089.03565499457,1.0429821734771245,41.64904862579281,4129.660379464305,1.437253028197411,0.3413907554599458,59.872093023255815
ZL_MACD_12_26_9,100,3.0,2.0,24h,1683,-3249.924860491225,137636.1260881695,140886.0509486609,0.9769322453244452,34.40285204991088,8069.718244280288,-0.4027308961864598,-0.1719171175401092,75.36601307189542
ZL_MACD_12_26_9,100,3.0,2.0,London_NY,1552,245.93370186941232,128125.32829938606,127879.39459751704,1.0019231691129213,34.47164948453608,5057.289801897464,0.04862954497429424,0.013624078879984588,76.18298969072166
ZL_MACD_12_26_9,100,3.0,3.0,24h,1181,2245.7778773715772,113180.87509765622,110935.09722028479,1.0202440700341386,25.910245554614736,8285.26313127806,0.2710569165743744,0.112651228081783,111.20660457239627
ZL_MACD_12_26_9,100,3.0,3.0,London_NY,1123,3139.8220005580065,107689.69787248879,104549.87587193104,1.0300318099315957,26.090828138913626,7096.279704938705,0.4424602934369717,0.16213619257326986,111.53072128227961
ZL_MACD_12_26_9,100,3.0,4.0,24h,967,-2520.0224748884903,94542.24934430799,97062.27181919644,0.974037054484129,20.579110651499484,9080.657334682004,-0.27751542449065875,-0.12688176149837258,137.49120992761118
ZL_MACD_12_26_9,100,3.0,4.0,London_NY,912,2629.0393624442117,94530.67518136163,91901.6358189175,1.0286071008314193,20.942982456140353,7676.651056780183,0.3424721721748949,0.1303364492746652,140.08223684210526
ZL_MACD_12_26_9,200,1.5,1.5,24h,6860,-23513.52277919275,201086.82813284703,224600.35091204144,0.8953095011485408,38.87755102040816,27920.80335518968,-0.8421506530478199,-1.6489684947035423,12.487755102040817
ZL_MACD_12_26_9,200,1.5,1.5,London_NY,4940,-13637.11604091114,156718.53115844744,170355.64719935873,0.9199491401365024,39.37246963562753,17517.106544712915,-0.7785027741940149,-1.0817318793443396,13.84919028340081
ZL_MACD_12_26_9,200,1.5,2.0,24h,5725,-17286.236441476456,195590.59155273405,212876.82799421164,0.9187970029225181,33.1004366812227,20619.56484026256,-0.8383414769123877,-1.1198616362540654,16.692576419213975
ZL_MACD_12_26_9,200,1.5,2.0,London_NY,4313,-8660.83968157094,157869.09855259492,166529.9382341661,0.94799229631976,33.24831903547415,13213.848038155593,-0.6554366038236832,-0.6249235371770441,18.313239044748435
ZL_MACD_12_26_9,200,1.5,3.0,24h,4277,-8270.192832728926,174221.84329485183,182492.03612758144,0.954681897313328,25.227963525835868,11314.457857840414,-0.7309402656882982,-0.49794701292115273,25.128127191956978
ZL_MACD_12_26_9,200,1.5,3.0,London_NY,3396,-3019.470117187915,147116.56236921033,150136.03248639783,0.9798884380572594,25.765606595995287,6319.286898368227,-0.47781817248519065,-0.1981968918149653,27.23733804475854
ZL_MACD_12_26_9,200,1.5,4.0,24h,3460,-8193.263445173001,151761.46787806918,159954.7313232423,0.9487776111566473,19.942196531791907,13074.776436941947,-0.6266465422707693,-0.4654924111885749,32.85491329479769
ZL_MACD_12_26_9,200,1.5,4.0,London_NY,2808,462.34782714866054,134793.4919363839,134331.1441092355,1.0034418513310097,20.69088319088319,4788.695542689813,0.09654984808012236,0.027978382117510393,35.8201566951567
ZL_MACD_12_26_9,200,2.0,1.5,24h,4581,-15101.138539341817,195084.3898925779,210185.52843192036,0.9281532907997814,39.620170268500324,19388.58723842116,-0.7788674003754552,-0.9188450332456425,22.84915957214582
ZL_MACD_12_26_9,200,2.0,1.5,London_NY,3656,-6867.237084960991,163318.7482666016,170185.98535156265,0.9596486334008348,40.23522975929978,11781.912908063665,-0.5828626589372411,-0.4633103441319502,24.432439824945295
ZL_MACD_12_26_9,200,2.0,2.0,24h,3670,-8161.43551199783,182232.3760532927,190393.8115652905,0.9571339244437626,33.62397820163488,11951.563441685334,-0.6828759728230968,-0.4722607544198668,30.53651226158038
ZL_MACD_12_26_9,200,2.0,2.0,London_NY,3020,-4099.193080357464,155587.64379185296,159686.83687220985,0.9743297997465045,33.80794701986755,9097.831975446477,-0.4505681234189089,-0.25867369646234506,32.68509933774835
ZL_MACD_12_26_9,200,2.0,3.0,24h,2660,-4035.0720912391103,154305.22548828128,158340.29757952006,0.974516455047002,25.902255639097742,9369.625313895325,-0.43065458394104883,-0.2190582260483125,44.98759398496241
ZL_MACD_12_26_9,200,2.0,3.0,London_NY,2290,138.57934570323448,138291.2748953684,138152.69554966525,1.001003088250662,25.807860262008735,5224.701102120511,0.0265238801214849,0.008007198594274434,47.25240174672489
ZL_MACD_12_26_9,200,2.0,4.0,24h,2063,-220.47089843760006,132090.85327845975,132311.32417689753,0.9983336959265632,21.27968977217644,8697.158056640852,-0.02534976333668629,-0.011456836089023564,60.25012118274358
ZL_MACD_12_26_9,200,2.0,4.0,London_NY,1825,3597.3289271763506,121377.97822265621,117780.64929548022,1.0305426141619516,21.205479452054796,6765.540464564854,0.5317134597032853,0.19628577684711454,62.42794520547945
ZL_MACD_12_26_9,200,2.5,1.5,24h,2973,-3830.9880231585016,173634.3251586915,177465.31318185016,0.9784127503314802,40.49781365623949,11873.71848406114,-0.3226443365910253,-0.21729485150453454,39.29330642448705
ZL_MACD_12_26_9,200,2.5,1.5,London_NY,2593,-1689.413303048358,154169.43604997927,155858.84935302733,0.9891606199451565,40.91785576552256,7400.197578648348,-0.2282929996251439,-0.10306402278304191,40.4369456228307
ZL_MACD_12_26_9,200,2.5,2.0,24h,2356,-6291.210866001655,154377.4119559153,160668.62282191732,0.9608435626352814,33.61629881154499,11515.971758161391,-0.5463030821991258,-0.34564303161172044,51.730899830220714
ZL_MACD_12_26_9,200,2.5,2.0,London_NY,2132,-721.6117606027113,143682.75283900675,144404.36459960937,0.9950028396814498,34.38086303939962,7892.628459821577,-0.09142857341836971,-0.041709890165837774,52.02720450281426
ZL_MACD_12_26_9,200,2.5,3.0,24h,1632,2400.30408935534,128715.10874895366,126314.80465959836,1.0190025555264388,26.10294117647059,9029.645162527982,0.26582485204582934,0.12259424630891723,78.17218137254902
ZL_MACD_12_26_9,200,2.5,3.0,London_NY,1558,4414.434357561341,123923.60923897875,119509.17488141751,1.036938037284095,26.44415917843389,7426.0289550782945,0.5944542344589874,0.23436258059150933,75.97946084724005
ZL_MACD_12_26_9,200,2.5,4.0,24h,1298,-1790.2675467355512,104846.27096121659,106636.53850795212,0.983211499812496,20.801232665639446,10139.389243861757,-0.1765656198492778,-0.09274898269442916,100.42449922958397
ZL_MACD_12_26_9,200,2.5,4.0,London_NY,1190,488.35839843758447,98479.93428431918,97991.5758858817,1.0049836773622889,21.51260504201681,8197.964446149555,0.05957068997377247,0.02657318561453416,103.84453781512605
ZL_MACD_12_26_9,200,3.0,1.5,24h,2048,8905.095350864938,159473.14036690845,150568.04501604338,1.0591433285191172,42.333984375,4498.41899762834,1.9796055804405703,0.4800075349341347,60.57421875
ZL_MACD_12_26_9,200,3.0,1.5,London_NY,1863,7390.716889299629,144470.36784144817,137079.65095214854,1.0539154924743686,42.13633923778851,4059.9490792410743,1.8203964495734943,0.4226746683848541,61.45410628019324
ZL_MACD_12_26_9,200,3.0,2.0,24h,1615,4405.226510184214,137789.07857840392,133383.85206821997,1.0330266853286774,35.294117647058826,5400.6721749442795,0.8156811536574453,0.2323906780495674,78.88359133126934
ZL_MACD_12_26_9,200,3.0,2.0,London_NY,1533,3032.428393554705,129651.69245954228,126619.26406598791,1.0239491866891124,34.833659491193735,5135.139760044634,0.5905249974205857,0.166308443588652,77.33724722765818
ZL_MACD_12_26_9,200,3.0,3.0,24h,1146,6091.541235351608,114070.91557965953,107979.37434430806,1.0564139334233194,26.61431064572426,6305.953585379501,0.9659984255949784,0.29904838033849446,114.95724258289704
ZL_MACD_12_26_9,200,3.0,3.0,London_NY,1093,9843.483098493312,110652.08274274546,100808.59964425233,1.097645271665614,27.264409881061297,4566.940774972103,2.1553778740547473,0.5034327481091876,114.87648673376029
ZL_MACD_12_26_9,200,3.0,4.0,24h,915,4273.545340401801,97811.87024274551,93538.32490234368,1.045687640278608,22.07650273224044,5316.219538225509,0.803869236338622,0.20875323849139144,146.0087431693989
ZL_MACD_12_26_9,200,3.0,4.0,London_NY,883,8973.094810267854,97670.12159598216,88697.02678571432,1.1011656775367025,22.42355605889015,4441.121683175239,2.0204568688720146,0.4429548459545578,145.1030577576444
ZL_MACD_12_26_9,400,1.5,1.5,24h,6882,-23234.371639579153,203193.22113909002,226427.5927786708,0.8973871896333235,38.94216797442604,28275.980223737326,-0.8216999536615248,-1.616606631249271,12.568439407149084
ZL_MACD_12_26_9,400,1.5,1.5,London_NY,4980,-12868.41196550647,158952.0076494491,171820.419614956,0.9251054560666039,39.437751004016064,17096.257331194254,-0.7527034552776909,-1.0137338165442251,13.877710843373494
ZL_MACD_12_26_9,400,1.5,2.0,24h,5698,-18466.875169154988,195433.64819335917,213900.523362515,0.9136660589751878,32.818532818532816,23285.8748570034,-0.7930505202213151,-1.1898613787423102,17.00859950859951
ZL_MACD_12_26_9,400,1.5,2.0,London_NY,4326,-11089.084758649627,158036.26488211504,169125.34964076494,0.9344327459945895,32.801664355062414,14999.788842773396,-0.7392827242359569,-0.7941146851147837,18.56102635228849
ZL_MACD_12_26_9,400,1.5,3.0,24h,4244,-7985.583611188798,174915.10183454226,182900.6854457316,0.9563392362815462,25.0,13034.843184988811,-0.6126336541114018,-0.47403307004436107,25.575871819038642
ZL_MACD_12_26_9,400,1.5,3.0,London_NY,3396,-2175.9309064597946,149680.55716029575,151856.48806675518,0.9856711363856716,25.559481743227323,6951.801020159186,-0.3130024723305399,-0.13960757656916242,27.50736160188457
ZL_MACD_12_26_9,400,1.5,4.0,24h,3394,-6879.529882812743,152611.60678013397,159491.13666294675,0.956865754255979,19.79964643488509,13020.435395158996,-0.5283640426779089,-0.3831857539290976,33.73659398939304
ZL_MACD_12_26_9,400,1.5,4.0,London_NY,2806,2628.322607422041,138302.7739606585,135674.45135323665,1.0193722737126008,20.491803278688526,5933.457627650769,0.44296644087819526,0.15322774583852924,35.99215965787598
ZL_MACD_12_26_9,400,2.0,1.5,24h,4492,-13928.23684779601,194299.36159667955,208227.59844447614,0.9331105148796568,39.49243098842386,20167.399504743636,-0.6906312757140506,-0.8449826176310481,23.69679430097952
ZL_MACD_12_26_9,400,2.0,1.5,London_NY,3632,-7593.91452985491,163167.72700195323,170761.64153180816,0.9555291547812839,39.97797356828194,13971.168324497774,-0.5435418394136262,-0.5096963416147492,25.025881057268723
ZL_MACD_12_26_9,400,2.0,2.0,24h,3574,-5295.259723772744,182661.05917271238,187956.31889648482,0.9718271790229689,33.6317851147174,9973.251374162992,-0.5309461804493172,-0.3045000741479201,31.887800783435925
ZL_MACD_12_26_9,400,2.0,2.0,London_NY,2987,-430.2643136160192,158728.91053292438,159159.17484654015,0.9972966414658117,34.18145296283897,6934.413727678678,-0.062047684276267126,-0.026770463930734543,33.53364579845999
ZL_MACD_12_26_9,400,2.0,3.0,24h,2567,-2946.546784319265,153485.8596261162,156432.40641043533,0.9811640896414506,25.47721075185041,11170.380022321824,-0.26378214334974875,-0.15798376170715092,47.13283989092326
ZL_MACD_12_26_9,400,2.0,3.0,London_NY,2254,2042.122007533591,139759.83929268984,137717.7172851561,1.014828317284009,25.687666370896185,6091.597167968898,0.33523589154443206,0.11539677497645145,48.369121561668145
ZL_MACD_12_26_9,400,2.0,4.0,24h,1977,304.48272181928144,130183.89591936374,129879.4131975448,1.0023443493801119,21.041982802225593,8836.60730329261,0.0344569710261797,0.015974854855362507,63.42336874051593
ZL_MACD_12_26_9,400,2.0,4.0,London_NY,1774,6864.895305524606,122301.65571289058,115436.7604073662,1.0594688839265654,21.53325817361894,6459.405977957649,1.0627750181596676,0.3736061540924417,64.92446448703495
ZL_MACD_12_26_9,400,2.5,1.5,24h,2957,479.79688720689705,176426.82767333993,175947.03078613282,1.0027269393809226,40.61548867095029,10635.511526053311,0.045112723166305754,0.02709269733942642,39.90700033818059
ZL_MACD_12_26_9,400,2.5,1.5,London_NY,2584,1705.8474496024724,156782.0074419295,155076.15999232695,1.011000062483408,41.021671826625386,7028.063875035094,0.24271940038307555,0.10326198317357405,40.98181114551084
ZL_MACD_12_26_9,400,2.5,2.0,24h,2335,-269.2064819336672,158161.85045689193,158431.05693882532,0.9983007972859934,33.87580299785867,8093.239140973937,-0.03326313200987053,-0.014704306242352954,52.61241970021413
ZL_MACD_12_26_9,400,2.5,2.0,London_NY,2101,1555.0831141881908,144682.4967354911,143127.4136213028,1.0108650263065806,34.41218467396478,6810.07374616367,0.22835040737469522,0.0896134491588377,53.26368396001904
ZL_MACD_12_26_9,400,2.5,3.0,24h,1658,5471.794935825956,133728.89366280686,128257.09872698113,1.042662706315176,26.357056694813032,7012.834252929754,0.7802544218894097,0.2787003206468272,77.15379975874548
ZL_MACD_12_26_9,400,2.5,3.0,London_NY,1538,7798.959687151317,125441.95133928568,117642.99165213449,1.0662934491687561,27.0481144343303,5080.918479701521,1.5349507610304085,0.4166945808537834,77.21261378413524
ZL_MACD_12_26_9,400,2.5,4.0,24h,1292,98.8516880581002,106758.32253766742,106659.47084960947,1.000926797098003,20.588235294117645,7172.056645856666,0.013782892821295174,0.0050463913943156035,101.1842105263158
ZL_MACD_12_26_9,400,2.5,4.0,London_NY,1223,4558.66643066418,103621.31324637274,99062.6468157087,1.0460180156416048,21.504497138184792,5173.349731445285,0.8811827282727741,0.24385959433073906,100.64349959116926
ZL_MACD_12_26_9,400,3.0,1.5,24h,2063,9701.553724888481,161017.2959716796,151315.74224679117,1.0641146359317029,41.54144449830344,5156.693143136283,1.8813517608278763,0.5215488940913215,60.41202132816287
ZL_MACD_12_26_9,400,3.0,1.5,London_NY,1871,8171.744177246221,146299.72445417134,138127.9802769253,1.0591606723045033,41.74238375200427,4862.53741978236,1.680551422391311,0.4632661955572969,61.51950828433993
ZL_MACD_12_26_9,400,3.0,2.0,24h,1596,9228.172094726577,141270.18622349328,132042.0141287668,1.0698881500378143,34.962406015037594,5594.056016322592,1.649638843050587,0.4809776467223895,80.34335839598998
ZL_MACD_12_26_9,400,3.0,2.0,London_NY,1494,7048.800369698591,131601.11867327002,124552.31830357153,1.0565930884764299,34.93975903614458,6392.847726004493,1.1026072685926567,0.38245582827335556,80.27041499330656
ZL_MACD_12_26_9,400,3.0,3.0,24h,1121,2587.9575125558185,108391.967072405,105804.00955984935,1.0244599190836121,26.137377341659235,7288.251007952067,0.3550862216095671,0.13382031994766483,117.7921498661909
ZL_MACD_12_26_9,400,3.0,3.0,London_NY,1071,6155.176925223177,105948.23865792401,99793.06173270098,1.0616794075494935,27.170868347338935,5649.097691127237,1.0895858527797835,0.3274833677128814,117.10737628384688
ZL_MACD_12_26_9,400,3.0,4.0,24h,879,3032.9162493025024,95600.20304129463,92567.28679199216,1.0327644501033906,21.274175199089875,6411.247415597137,0.47306180103486456,0.14809861722262085,152.3401592718999
ZL_MACD_12_26_9,400,3.0,4.0,London_NY,820,7905.953055245536,93580.06329520089,85674.11023995535,1.0922793715989885,22.682926829268293,6671.883321707592,1.184965724673689,0.392079934712788,156.75365853658536
ZL_MACD_15_34_9,0,1.5,1.5,24h,8491,-32987.773392160016,249849.7733747196,282837.54676688445,0.8833684785869201,38.61735955717819,35606.08071725044,-0.9264646017661273,-2.0606627355748453,11.91838417147568
ZL_MACD_15_34_9,0,1.5,1.5,London_NY,6321,-23668.721673584234,195828.82046334315,219497.54213692955,0.8921686254745345,38.82297104888467,27007.38414916968,-0.8763796427989827,-1.6706496745066397,12.887834203448822
ZL_MACD_15_34_9,0,1.5,2.0,24h,6728,-13712.258025251549,237802.4384451721,251514.69647042634,0.9454812851189928,32.80321046373365,24343.504199218758,-0.5632820120322533,-0.8001778376189965,16.346462544589773
ZL_MACD_15_34_9,0,1.5,2.0,London_NY,5292,-7763.973149762816,195422.28662806892,203186.2597778333,0.9617888869146289,33.14436885865457,20021.943877301943,-0.3877731951174089,-0.5019029869614026,17.45861678004535
ZL_MACD_15_34_9,0,1.5,3.0,24h,4857,-15074.656412179249,194411.68841552717,209486.34482770762,0.9280399091187608,24.294832200947088,20886.310862514118,-0.7217481589453222,-0.8410895840277175,24.43113032736257
ZL_MACD_15_34_9,0,1.5,3.0,London_NY,4023,-5694.1654261998065,171124.31805768693,176818.48348388736,0.967796548675188,24.906785980611485,15022.087362234859,-0.3790528765339757,-0.34012082195856014,25.65001242853592
ZL_MACD_15_34_9,0,1.5,4.0,24h,3733,-7078.919349888436,163539.10101841518,170618.02036830384,0.9585101307903597,19.635681757299757,16232.857434082014,-0.436085844937303,-0.3861530795974842,33.13635145995178
ZL_MACD_15_34_9,0,1.5,4.0,London_NY,3171,-628.0526192802755,147444.69780273444,148072.7504220148,0.9957584861664933,19.804478082623778,12342.171165248274,-0.05088672089143253,-0.03594770161746381,34.893409019236834
ZL_MACD_15_34_9,0,2.0,1.5,24h,5240,-12077.46043177988,229315.41197335316,241392.87240513568,0.9499676178859473,39.541984732824424,23329.906340681,-0.5176814795317065,-0.6742332099059298,22.483396946564884
ZL_MACD_15_34_9,0,2.0,1.5,London_NY,4314,-7423.235030691932,194365.54410574766,201788.77913644075,0.9632128453204337,39.80064904960594,18413.69614606607,-0.4031366093915828,-0.45324813110399104,23.647890588780715
ZL_MACD_15_34_9,0,2.0,2.0,24h,3964,-9587.709430803614,198909.2770996088,208496.98653041403,0.9540151174827333,33.047426841574165,14752.839857701169,-0.6498890737838999,-0.5236232128055108,31.11478304742684
ZL_MACD_15_34_9,0,2.0,2.0,London_NY,3424,-14586.886921037907,169814.81790597062,184401.7048270095,0.9208961384889414,32.27219626168225,19413.384263393105,-0.7513830006725672,-0.8648946297061672,32.137266355140184
ZL_MACD_15_34_9,0,2.0,3.0,24h,2662,14441.57964564723,168905.15726143972,154463.57761579283,1.0934950482732464,26.483846731780613,5517.050892857093,2.617626686087797,0.7460407481756681,48.55108940646131
ZL_MACD_15_34_9,0,2.0,3.0,London_NY,2415,14296.966099330328,155558.03068498886,141261.0645856589,1.1012095310287038,26.128364389233955,4517.768198939746,3.164608158224146,0.7659513191798322,48.98550724637681
ZL_MACD_15_34_9,0,2.0,4.0,24h,2018,21802.691734095966,146618.18797433024,124815.4962402346,1.174679365870818,21.902874132804754,4285.95508510049,5.087008916609954,1.0642055616317396,65.42021803766104
ZL_MACD_15_34_9,0,2.0,4.0,London_NY,1876,11563.64473353788,130585.5467773437,119021.90204380616,1.0971556035903502,21.535181236673772,6608.098667689803,1.7499201078939912,0.6005033329503621,65.40618336886993
ZL_MACD_15_34_9,0,2.5,1.5,24h,3282,-9211.820435442178,190620.7401497974,199832.56058524083,0.9539023049673928,39.73187081048141,14221.140090506393,-0.647755410383146,-0.4940158602345577,38.530773918342476
ZL_MACD_15_34_9,0,2.5,1.5,London_NY,2912,-14123.391079275927,165721.20154070156,179844.59261997815,0.9214689145026443,38.94230769230769,17474.16337977832,-0.8082441930021086,-0.8173869312407682,39.21394230769231
ZL_MACD_15_34_9,0,2.5,2.0,24h,2483,-3795.8265677314785,168019.0970145086,171814.92358224103,0.9779074687542172,34.111961337092225,8758.558680943164,-0.43338484173091424,-0.19948439933107792,52.40877970197342
ZL_MACD_15_34_9,0,2.5,2.0,London_NY,2303,-10150.910456194313,151231.09740513377,161382.00786132854,0.9371001105345201,33.04385584020842,13561.696034458982,-0.7484985971077521,-0.5642397060167312,51.98697351280938
ZL_MACD_15_34_9,0,2.5,3.0,24h,1656,-411.8611519951354,130694.9151872908,131106.77633928604,0.9968585822678654,25.06038647342995,10312.526035853803,-0.039937950271660694,-0.020866240617335448,80.75603864734299
ZL_MACD_15_34_9,0,2.5,3.0,London_NY,1551,3209.364686802447,125134.38999197823,121925.02530517604,1.02632244429533,25.918762088974855,7490.656842912919,0.428449033790528,0.16782355542033842,81.10058027079303
ZL_MACD_15_34_9,0,2.5,4.0,24h,1208,7386.668244280192,109792.65985630584,102405.99161202583,1.072131211543413,19.70198675496689,7404.028498186416,0.9976552961795763,0.3503098576187533,112.35596026490066
ZL_MACD_15_34_9,0,2.5,4.0,London_NY,1207,-536.3124267578282,103132.63180803569,103668.94423479369,0.994826681889001,20.215410107705054,12501.732216099332,-0.04289904930671785,-0.026710023154738062,106.64457332228666
ZL_MACD_15_34_9,0,3.0,1.5,24h,2282,-11160.873583984721,163547.31355678,174708.18714076487,0.9361170545774572,39.4829097283085,12034.343777901893,-0.9274185439574125,-0.5845085191604282,57.423312883435585
ZL_MACD_15_34_9,0,3.0,1.5,London_NY,2116,-14249.375041852789,147738.05403529573,161987.42907714884,0.9120340687976063,38.79962192816635,15697.53663504465,-0.9077459332084724,-0.7934685783688552,57.14413988657845
ZL_MACD_15_34_9,0,3.0,2.0,24h,1729,2381.3387520926703,147581.5030412946,145200.16428920216,1.0164003860722184,34.065934065934066,8415.994433593722,0.28295393620832193,0.1209132466261718,77.42163100057837
ZL_MACD_15_34_9,0,3.0,2.0,London_NY,1632,1126.1426688058186,137191.02716936372,136064.88450055834,1.0082765121430044,34.92647058823529,6976.794977678519,0.1614126074234354,0.060441736750912946,77.25674019607843
ZL_MACD_15_34_9,0,3.0,3.0,24h,1058,484.5922642298543,107589.92140066966,107105.32913643979,1.0045244458715266,23.440453686200378,11454.337887137313,0.04230644049483024,0.02339576233046374,129.09168241965975
ZL_MACD_15_34_9,0,3.0,3.0,London_NY,1079,-3649.8378313336307,103809.4816720145,107459.31950334835,0.9660351670920443,25.023169601482852,8618.847279575919,-0.42347169092816517,-0.18711851576166563,120.70157553290083
ZL_MACD_15_34_9,0,3.0,4.0,24h,806,13963.984141322457,100036.345438058,86072.3612967356,1.1622354020610794,21.464019851116625,5673.719754464292,2.4611691704256415,0.6346322071248557,170.82258064516128
ZL_MACD_15_34_9,0,3.0,4.0,London_NY,816,5286.65331333701,89845.78172433034,84559.12841099332,1.0625201963724324,21.691176470588236,8584.978906249966,0.6158027143768827,0.2662528029863668,162.92769607843138
ZL_MACD_15_34_9,100,1.5,1.5,24h,6575,-25410.39245605506,181582.67116001598,206993.06361607276,0.8772403673236725,38.78326996197718,28790.37568533745,-0.8826002388359325,-1.9026775318760636,11.340988593155894
ZL_MACD_15_34_9,100,1.5,1.5,London_NY,4576,-16978.045264543838,136912.73241577126,153890.77768031554,0.8896747061749628,38.76748251748251,18813.105497524113,-0.9024584094730252,-1.451958088474015,12.87347027972028
ZL_MACD_15_34_9,100,1.5,2.0,24h,5636,-17729.535878208942,180927.9061174662,198657.44199567637,0.9107532257533244,32.71823988644429,21852.590274483726,-0.8113242254356873,-1.2198586699151512,15.158977998580554
ZL_MACD_15_34_9,100,1.5,2.0,London_NY,4100,-10754.811924525588,142223.83982282368,152978.6517473497,0.9296973021942432,33.0,15355.325638253333,-0.7003962128769903,-0.8294975812938035,16.924146341463416
ZL_MACD_15_34_9,100,1.5,3.0,24h,4491,-13542.845457240554,168345.68741280682,181888.53287004822,0.9255431596288854,24.827432643063908,18153.55095389256,-0.746016329898071,-0.8366313623053162,21.810287241148966
ZL_MACD_15_34_9,100,1.5,3.0,London_NY,3441,-7001.832055663992,139083.30979352686,146085.14184919093,0.9520701970985365,25.079918628305727,12168.773186384,-0.5753934228553581,-0.47342400944416857,23.835512932287127
ZL_MACD_15_34_9,100,1.5,4.0,24h,3642,-6230.827397809792,149517.8913155691,155748.71871337932,0.9599943585457249,20.208676551345413,14557.201790945954,-0.42802370175875,-0.36909569396687375,29.017023613399232
ZL_MACD_15_34_9,100,1.5,4.0,London_NY,2875,-1887.213091169323,126909.7696777343,128796.98276890368,0.985347381199484,20.31304347826087,9660.262252371771,-0.19535837039061518,-0.12053989128543457,31.754434782608694
ZL_MACD_15_34_9,100,2.0,1.5,24h,4603,-13287.143627929754,184772.21277553,198059.3564034604,0.9329133252313332,39.73495546382794,17624.233384486717,-0.7539132816764345,-0.8459323412576044,20.659135346513143
ZL_MACD_15_34_9,100,2.0,1.5,London_NY,3541,-9222.641294642835,149489.9121442522,158712.55343889547,0.9418909147713133,40.101666195989836,12085.578909737827,-0.763111255449401,-0.6559274776343468,22.363174244563684
ZL_MACD_15_34_9,100,2.0,2.0,24h,3811,-11235.77776925226,173023.20675920742,184258.98452846034,0.9390218186754553,33.2983468905799,15487.839188058071,-0.725458059889699,-0.6802014124149485,27.192075570716348
ZL_MACD_15_34_9,100,2.0,2.0,London_NY,3051,-8651.87511160723,146278.5848423549,154930.45995396262,0.9441563969139535,33.49721402818748,11077.86588309164,-0.7810055838293506,-0.5671405573130799,29.08423467715503
ZL_MACD_15_34_9,100,2.0,3.0,24h,2801,-3276.586851283613,150208.9780622209,153485.56491350476,0.9786521497762325,25.169582292038555,11311.88233119449,-0.28965885211233616,-0.18417832231640321,40.4091395930025
ZL_MACD_15_34_9,100,2.0,3.0,London_NY,2320,3613.1593889509327,134584.93111746642,130971.77172851606,1.027587313978159,25.862068965517242,6567.494105747893,0.5501579949327527,0.21456806943607323,43.28103448275862
ZL_MACD_15_34_9,100,2.0,4.0,24h,2282,3554.477455357062,135848.93927176335,132294.4618164063,1.0268679233170759,20.858895705521473,9176.23218471004,0.387356965670478,0.18843833209771413,51.88343558282209
ZL_MACD_15_34_9,100,2.0,4.0,London_NY,1966,4314.475927734407,121502.39914899557,117187.92322126137,1.0368167282868226,21.00712105798576,7303.098242187722,0.5907733655849,0.24079040080634104,53.96032553407935
ZL_MACD_15_34_9,100,2.5,1.5,24h,3247,-2628.475704520347,174262.48155168764,176890.9572562083,0.9851407005463056,40.37573144441022,10295.275967843409,-0.2553089118475514,-0.15394983108871885,33.36064059131506
ZL_MACD_15_34_9,100,2.5,1.5,London_NY,2689,-798.0971348353147,150333.39618966234,151131.4933244977,0.9947191871311578,40.9445890665675,6340.286732701137,-0.12587713592178557,-0.050482779044759354,35.17664559315731
ZL_MACD_15_34_9,100,2.5,2.0,24h,2645,-1658.4544241768983,161990.16941964277,163648.62384381972,0.9898657600337677,33.34593572778828,11866.598512486218,-0.13975819797323108,-0.09117171984945478,43.37844990548204
ZL_MACD_15_34_9,100,2.5,2.0,London_NY,2240,-1496.4152483258033,141845.3365966797,143341.75184500552,0.9895605067674638,34.0625,6764.680461774843,-0.2212100418906099,-0.0885625529669552,45.64642857142857
ZL_MACD_15_34_9,100,2.5,3.0,24h,1860,-3050.633353097249,127362.41145717078,130413.04481026807,0.9766079125172216,25.053763440860216,10926.76277553013,-0.27918912634664045,-0.1636914302677688,65.5505376344086
ZL_MACD_15_34_9,100,2.5,3.0,London_NY,1655,-1026.9624023437366,118159.58261718752,119186.5450195313,0.9913835710048019,25.4380664652568,7779.238992745745,-0.13201322176904376,-0.05721253106427946,67.29667673716013
ZL_MACD_15_34_9,100,2.5,4.0,24h,1453,5314.807840401829,114610.51780831475,109295.70996791315,1.0486277809253621,21.472814865794906,7113.555894252382,0.7471379882874178,0.26829870687161966,86.82450103234687
ZL_MACD_15_34_9,100,2.5,4.0,London_NY,1250,1520.7870483398901,99187.44877232146,97666.66172398164,1.015571199235188,20.72,6570.002884347238,0.23147433496005043,0.08021951696395024,94.796
ZL_MACD_15_34_9,100,3.0,1.5,24h,2385,-4785.4774954661525,159183.2720057895,163968.74950125598,0.9708146978614982,40.20964360587002,9556.562569754606,-0.500753012449437,-0.26289758498960086,48.967295597484274
ZL_MACD_15_34_9,100,3.0,1.5,London_NY,2033,-3930.8934448242458,138911.68061697824,142842.57406180273,0.9724809394493007,40.72798819478603,8438.886915806517,-0.46580710039631623,-0.23258671730896702,51.59468765371372
ZL_MACD_15_34_9,100,3.0,2.0,24h,1876,-4363.3673339844645,140071.80592215387,144435.17325613846,0.9697901332783624,33.74200426439232,8891.412524414276,-0.4907394997142934,-0.23398597678691582,64.8683368869936
ZL_MACD_15_34_9,100,3.0,2.0,London_NY,1643,3441.409472656209,129012.14533342623,125570.73586077038,1.027406142434903,34.6926354230067,6658.13026646208,0.5168732564442398,0.19525483362550114,67.83749239196591
ZL_MACD_15_34_9,100,3.0,3.0,24h,1392,2138.778009905219,123328.73943219862,121189.96142229368,1.0176481449849815,26.221264367816094,6325.667065429754,0.33811106208763364,0.10541982083449458,91.00646551724138
ZL_MACD_15_34_9,100,3.0,3.0,London_NY,1201,4081.1538888113996,107958.48133021758,103877.3274414064,1.0392882064771372,26.56119900083264,6711.048932756753,0.6081245912082703,0.2157185905174724,98.94254787676935
ZL_MACD_15_34_9,100,3.0,4.0,24h,1106,1056.624870954286,106209.28758370537,105152.6627127511,1.010048484210435,20.524412296564197,9454.097610909706,0.11176369384371249,0.050310028116540326,117.55244122965642
ZL_MACD_15_34_9,100,3.0,4.0,London_NY,1029,4517.157407924103,99457.58713727676,94940.42972935279,1.047578859931444,20.699708454810494,8796.966748046987,0.5134903356235779,0.22228112665242566,119.26239067055394
ZL_MACD_15_34_9,200,1.5,1.5,24h,6579,-18602.60536150282,187318.07930820933,205920.68466971416,0.9096613077440839,39.53488372093023,24282.320071847054,-0.7660967035464911,-1.3766183877704827,11.644778841769266
ZL_MACD_15_34_9,200,1.5,1.5,London_NY,4605,-12454.90213884621,141395.9443873812,153850.84652622798,0.9190456054024798,39.457111834962,16927.67548130594,-0.7357715566204448,-1.0521225825356002,13.169598262757871
ZL_MACD_15_34_9,200,1.5,2.0,24h,5637,-11215.028325544137,186868.56752232098,198083.59584786667,0.9433823468443135,33.43977292886287,18265.261249651405,-0.6140086458253192,-0.7628360900421234,15.528295192478268
ZL_MACD_15_34_9,200,1.5,2.0,London_NY,4125,-5822.990853445896,147414.58359723774,153237.5744506838,0.9620002412964317,33.64848484848485,13308.571350097662,-0.43753688508445093,-0.4434466653306327,17.263272727272728
ZL_MACD_15_34_9,200,1.5,3.0,24h,4443,-3044.43224574504,174868.55027204222,177912.98251778813,0.9828880826870433,25.613324330407384,13495.909317452673,-0.22558185403691425,-0.18489848818032437,22.58181408957911
ZL_MACD_15_34_9,200,1.5,3.0,London_NY,3415,939.0657958984247,144893.63886021223,143954.57306431368,1.006523348136214,26.002928257686676,7125.401522391574,0.13179128122778913,0.06227488386570003,24.661493411420206
ZL_MACD_15_34_9,200,1.5,4.0,24h,3569,4056.044152831983,155412.7932756696,151356.74912283802,1.0267979074361577,20.762118240403474,9628.191657366442,0.4212674920870255,0.23348213252539843,30.202577752871953
ZL_MACD_15_34_9,200,1.5,4.0,London_NY,2823,5896.633393206004,131930.6620117187,126034.0286185131,1.0467860422922277,20.687212185618137,5984.07068219894,0.9853883261684995,0.36400635413323557,33.0974140984768
ZL_MACD_15_34_9,200,2.0,1.5,24h,4526,-6458.56430315292,187977.07293177978,194435.6372349334,0.9667830219037992,40.477242598320814,14954.47619628905,-0.4318816799986355,-0.4093555307692244,21.587494476358817
ZL_MACD_15_34_9,200,2.0,1.5,London_NY,3517,-3755.5805977961318,153170.1176234654,156925.69822126147,0.9760677783156918,40.517486494171166,10731.641685268005,-0.34995396864131717,-0.26527154386656937,23.352004549331816
ZL_MACD_15_34_9,200,2.0,2.0,24h,3689,-2810.4115443639644,174039.79141322532,176850.20295758976,0.984108519541601,34.10138248847927,11618.860958426545,-0.24188356796934743,-0.1701160669105898,28.831661696936838
ZL_MACD_15_34_9,200,2.0,2.0,London_NY,2975,-922.5694056921674,148771.70398298,149694.2733886724,0.9938369759590134,34.016806722689076,8139.753229632102,-0.11334120085282552,-0.060053447477780644,30.734789915966388
ZL_MACD_15_34_9,200,2.0,3.0,24h,2755,6942.734863281223,155004.66261858252,148061.92775530167,1.046890750164721,25.843920145190562,8940.924281529302,0.7765119851897125,0.38266421211149915,41.776769509981854
ZL_MACD_15_34_9,200,2.0,3.0,London_NY,2285,11859.044294084797,138367.90251813608,126508.85822405177,1.0937408214773507,26.039387308533918,6789.829610770148,1.7465893805749957,0.6897056248132132,44.70109409190372
ZL_MACD_15_34_9,200,2.0,4.0,24h,2229,6704.055426897361,135548.72143554688,128844.6660086496,1.0520320757899844,21.085688649618664,7969.531145368509,0.8412107694432465,0.35241910153062544,53.873485868102286
ZL_MACD_15_34_9,200,2.0,4.0,London_NY,1926,9559.777022879507,123089.8331263951,113530.05610351595,1.0842048119324683,20.924195223260643,7066.053466797084,1.3529160326623997,0.5220826760512016,56.27881619937695
ZL_MACD_15_34_9,200,2.5,1.5,24h,3150,-255.29615129756473,173209.79477539036,173465.09092668816,0.9985282563198511,40.666666666666664,9566.987820870765,-0.026685113023832436,-0.01493730404370684,35.08920634920635
ZL_MACD_15_34_9,200,2.5,1.5,London_NY,2645,3592.4016592843236,151884.40241786416,148292.00075857982,1.0242251884181723,41.02079395085066,7018.2340323314465,0.5118668945399835,0.2258985277591962,36.67977315689981
ZL_MACD_15_34_9,200,2.5,2.0,24h,2524,7408.31257672984,162821.88188825332,155413.56931152337,1.0476683767675403,34.66719492868462,7575.949086216842,0.9778725401161963,0.40530421118819177,46.35459587955626
ZL_MACD_15_34_9,200,2.5,2.0,London_NY,2164,8797.06286446711,145479.45928083145,136682.39641636444,1.0643613449508833,34.889094269870604,5258.24245256705,1.6730044199792315,0.5122116751780896,48.44685767097967
ZL_MACD_15_34_9,200,2.5,3.0,24h,1810,3510.2057931082054,131318.78741280694,127808.58161969883,1.0274645547945513,25.635359116022098,8431.402744838362,0.4163252425887407,0.18319181396558232,68.06574585635359
ZL_MACD_15_34_9,200,2.5,3.0,London_NY,1613,7922.122746930825,122962.86247732987,115040.73973039913,1.0688636283589312,25.97644141351519,5247.853198242311,1.5095930559917758,0.427452606080676,70.45753254804711
ZL_MACD_15_34_9,200,2.5,4.0,24h,1408,6691.90523507256,112108.30747070316,105416.4022356308,1.0634806832063417,21.37784090909091,8563.46701137014,0.7814481244789506,0.3373758143292444,90.1875
ZL_MACD_15_34_9,200,2.5,4.0,London_NY,1234,8311.127753557526,102674.0011997768,94362.87344621941,1.0880762470453402,21.71799027552674,5836.750273786347,1.4239306743829612,0.4313060396374933,96.94165316045381
ZL_MACD_15_34_9,200,3.0,1.5,24h,2349,4669.558304268931,163393.12722516723,158723.5689208987,1.0294194386883757,41.123882503192846,8816.71140485511,0.5296258536598509,0.2538341031904735,50.255002128565344
ZL_MACD_15_34_9,200,3.0,1.5,London_NY,2002,3768.3199584961267,142767.62319859094,138999.30324009515,1.027110351423753,41.30869130869131,7188.434200614044,0.5242198583627896,0.21952658050977467,53.17032967032967
ZL_MACD_15_34_9,200,3.0,2.0,24h,1831,6169.612018694179,146064.98178013376,139895.36976144006,1.0441016170100168,34.51665756417258,7128.918174525782,0.8654345396669648,0.32189784733942406,67.1780447842709
ZL_MACD_15_34_9,200,3.0,2.0,London_NY,1626,12886.203850446356,135119.41226981016,122233.20841936413,1.1054231007848159,35.485854858548585,4540.03936941965,2.838346278942861,0.71090120892485,69.39544895448954
ZL_MACD_15_34_9,200,3.0,3.0,24h,1310,4947.499319894043,118016.4024972098,113068.90317731595,1.0437564987442667,26.183206106870227,7266.817142159674,0.6808344317886141,0.24757856160966418,97.54503816793893
ZL_MACD_15_34_9,200,3.0,3.0,London_NY,1160,8447.88087681361,108023.39846888946,99575.517592076,1.084838935122801,26.982758620689655,4941.242658342713,1.7096672762165093,0.44492897808909193,104.08103448275862
ZL_MACD_15_34_9,200,3.0,4.0,24h,1005,12900.62173897872,105957.97358398435,93057.35184500553,1.1386308709973376,22.587064676616915,3920.2524867466873,3.290762975750218,0.609349613954143,130.58109452736318
ZL_MACD_15_34_9,200,3.0,4.0,London_NY,920,13508.03199986045,97779.22583007808,84271.19383021758,1.160292401067384,22.82608695652174,3888.335048130608,3.473988695072637,0.6703524349137466,135.96413043478262
ZL_MACD_15_34_9,400,1.5,1.5,24h,6529,-21087.3053955081,187062.46899413996,208149.77438964986,0.8986916730640547,39.362842701792005,24933.583906773136,-0.8457390431457307,-1.5504494350793558,11.993107673456885
ZL_MACD_15_34_9,400,1.5,1.5,London_NY,4591,-11481.872426060185,143013.1449776784,154495.0174037391,0.9256812768527329,39.664561097800046,15294.281522042398,-0.7507297684766885,-0.9649469907924968,13.532999346547593
ZL_MACD_15_34_9,400,1.5,2.0,24h,5574,-13497.225753348172,186498.34178292385,199995.56753627342,0.9325123755510153,33.04628632938644,18005.630892508605,-0.749611376236964,-0.9099575973491514,16.010943667025476
ZL_MACD_15_34_9,400,1.5,2.0,London_NY,4097,-4063.10461077039,149378.60893903463,153441.7135498048,0.9735202083138147,33.80522333414694,10636.403353445943,-0.38199986177226347,-0.3067015422425961,17.754698559921895
ZL_MACD_15_34_9,400,1.5,3.0,24h,4380,-7257.440787179217,172999.3870483398,180256.82783551968,0.9597383307233047,24.977168949771688,11766.14981340682,-0.6168067636628083,-0.4348377862351332,23.229680365296804
ZL_MACD_15_34_9,400,1.5,3.0,London_NY,3390,1593.9124668668828,146645.485611398,145051.57314453117,1.010988591383829,25.92920353982301,5287.840227399708,0.30142977062880894,0.10389229372657399,25.373746312684364
ZL_MACD_15_34_9,400,1.5,4.0,24h,3504,1706.681551688293,154936.33504464285,153229.65349295508,1.0111380631149587,20.348173515981735,5781.492888532772,0.2951973797413794,0.09676161492636234,31.144406392694062
ZL_MACD_15_34_9,400,1.5,4.0,London_NY,2774,9570.181342424854,134936.14325474328,125365.96191231882,1.0763379564631574,21.01658255227109,4365.752772739921,2.192103364666402,0.5790198556467813,34.44232155731795
ZL_MACD_15_34_9,400,2.0,1.5,24h,4508,-9577.94862932478,188060.9158307754,197638.86446010083,0.9515381316549761,40.12866015971606,16364.41263602129,-0.5852913173456548,-0.6012439053381853,22.01064773735581
ZL_MACD_15_34_9,400,2.0,1.5,London_NY,3503,-4458.147830636591,154126.131577846,158584.2794084825,0.9718878324682289,40.593776762774766,10365.218516322746,-0.4301064973802599,-0.3112237649391946,23.83813873822438
ZL_MACD_15_34_9,400,2.0,2.0,24h,3642,-6049.21175362752,173261.36321149545,179310.57496512323,0.966264054672713,33.49807797913235,12217.57269112756,-0.4951238602427532,-0.36177418746366913,29.602690829214716
ZL_MACD_15_34_9,400,2.0,2.0,London_NY,2942,-1442.7716727119987,149178.47979910724,150621.25147181968,0.9904211944953706,33.85452073419442,7630.014878627729,-0.1890915936158022,-0.09251049591572272,31.78178110129164
ZL_MACD_15_34_9,400,2.0,3.0,24h,2718,7532.094112723173,158242.4866071429,150710.39249442008,1.0499772708972388,25.570272259013983,5197.378097098206,1.4492103464491994,0.40457373216942305,42.68101545253863
ZL_MACD_15_34_9,400,2.0,3.0,London_NY,2220,14505.664271763068,140584.82341657364,126079.15914481072,1.115052038498307,26.576576576576578,3972.223325892861,3.651774606228249,0.8265180864497935,46.73513513513514
ZL_MACD_15_34_9,400,2.0,4.0,24h,2207,3495.9681082590837,134943.15779854907,131447.18969029028,1.0265959897392696,20.52560036248301,6668.619963727678,0.5242416162976065,0.18174711120546214,54.63887630267331
ZL_MACD_15_34_9,400,2.0,4.0,London_NY,1876,10631.841406249956,125224.22310965395,114592.38170340432,1.0927796529595455,21.321961620469082,4274.6310686383695,2.4871950901804016,0.5696029405043297,58.29477611940298
ZL_MACD_15_34_9,400,2.5,1.5,24h,3118,1362.6192548477013,174289.1205453052,172926.50129045793,1.0078797595780795,40.667094291212315,8260.999473354263,0.16494605274371588,0.07913717048105556,35.97209749839641
ZL_MACD_15_34_9,400,2.5,1.5,London_NY,2624,4790.4981584820935,153418.8062779018,148628.30811941973,1.0322313980364561,41.04420731707317,5789.202410888884,0.8274884549677635,0.2975177669509594,37.66158536585366
ZL_MACD_15_34_9,400,2.5,2.0,24h,2459,11239.998167201562,164255.31069684707,153015.31252964577,1.0734566886240462,34.810898739324934,4245.776070731003,2.647336548125194,0.6039431502724225,47.996746644977634
ZL_MACD_15_34_9,400,2.5,2.0,London_NY,2122,11445.118219866092,147329.78685825894,135884.66863839302,1.084226707358156,34.91988689915174,4075.1719273158014,2.8084994753594756,0.6511691573370548,49.939679547596604
ZL_MACD_15_34_9,400,2.5,3.0,24h,1732,4509.879023088804,129009.1895368304,124499.31051374177,1.0362241285070477,25.57736720554272,6565.674217006265,0.6868874199404251,0.23594658657327336,71.76154734411085
ZL_MACD_15_34_9,400,2.5,3.0,London_NY,1532,10070.586638532362,121885.72721819204,111815.14057965975,1.0900646065132633,26.50130548302872,4634.0340401785725,2.173179254018663,0.5425248127866256,74.80613577023499
ZL_MACD_15_34_9,400,2.5,4.0,24h,1396,7219.454922921408,113870.1855119978,106650.7305890765,1.0676925032116071,21.84813753581662,3700.7176409040785,1.950825656927911,0.3619230764599511,91.2836676217765
ZL_MACD_15_34_9,400,2.5,4.0,London_NY,1185,9585.54510498032,102444.60345284599,92859.05834786559,1.103226817884275,22.278481012658226,5862.278076171864,1.6351228959851376,0.49591583393534966,101.37552742616033
ZL_MACD_15_34_9,400,3.0,1.5,24h,2306,10145.74517996669,166820.66246163502,156674.91728166866,1.0647566653041625,41.7172593235039,4652.921400669617,2.1805107600800184,0.5429683996309222,51.68386816999133
ZL_MACD_15_34_9,400,3.0,1.5,London_NY,1982,11404.197347586482,148130.89525844035,136726.697910854,1.0834087089196134,41.97780020181634,3987.295382254548,2.8601335628007005,0.6511586126342959,54.6619576185671
ZL_MACD_15_34_9,400,3.0,2.0,24h,1777,12026.474386160422,149091.80080217627,137065.32641601583,1.0877426457925479,35.56555993247046,5670.506243024562,2.120881958459089,0.6220389133353363,69.95047833427124
ZL_MACD_15_34_9,400,3.0,2.0,London_NY,1585,17668.026576450706,137087.44373604906,119419.41715959845,1.147949361977191,36.34069400630915,4380.086070033489,4.03371675669278,0.9706248603947556,72.3179810725552
ZL_MACD_15_34_9,400,3.0,3.0,24h,1232,8357.766901506711,117335.42231794083,108977.65541643421,1.0766924822301347,27.110389610389614,6429.599923270078,1.2998891068257903,0.4174908166729108,104.92694805194805
ZL_MACD_15_34_9,400,3.0,3.0,London_NY,1107,10242.65773576999,106862.28857073099,96619.63083496098,1.106010110442937,27.371273712737125,4446.775223214288,2.3033900347151413,0.5410867268131253,110.9683830171635
ZL_MACD_15_34_9,400,3.0,4.0,24h,929,5497.394660295764,96808.71095145089,91311.3162911551,1.0602049656448584,21.85145317545748,6262.371411132849,0.8778455156017803,0.27028589591564767,142.33907427341228
ZL_MACD_15_34_9,400,3.0,4.0,London_NY,820,12633.373099190765,91810.38901367184,79177.01591448097,1.1595585910036843,23.29268292682927,5171.971735491075,2.442660893233059,0.6385857308499061,154.89634146341464
