total_trades,net_profit,pf,win_rate,max_dd,mcr,pos_months,total_months,multiplier,use_kfd,kfd_thresh,profit_lock,def_thresh,def_mult
201,5356.74,1.444,38.81,2005.45,48.61,35,72,4.0,False,1.4,250.0,120.0,0.25
201,4809.73,1.404,38.81,2005.45,47.22,34,72,4.0,False,1.4,200.0,120.0,0.25
204,4980.7,1.394,38.73,2005.45,47.22,34,72,4.0,False,1.4,300.0,120.0,0.25
277,3377.28,1.263,34.3,1415.08,41.67,30,72,3.0,False,1.4,300.0,120.0,0.25
267,2757.52,1.225,33.71,1296.39,41.67,30,72,3.0,False,1.4,250.0,120.0,0.25
262,2156.4,1.177,32.82,1296.39,41.67,30,72,3.0,False,1.4,200.0,120.0,0.25
246,2124.49,1.162,36.59,2030.49,38.89,28,72,3.5,False,1.4,300.0,120.0,0.25
235,1881.4,1.154,37.02,1970.84,41.67,30,72,3.5,False,1.4,200.0,120.0,0.25
239,1613.02,1.129,36.82,1970.84,40.28,29,72,3.5,False,1.4,250.0,120.0,0.25
354,737.21,1.052,34.18,1331.46,37.5,27,72,2.5,False,1.4,200.0,120.0,0.25
374,341.82,1.023,34.76,1590.45,34.72,25,72,2.5,False,1.4,250.0,120.0,0.25
389,152.89,1.01,34.7,1849.5,33.33,24,72,2.5,False,1.4,300.0,120.0,0.25
458,-573.78,0.961,31.44,1846.44,36.11,26,72,2.0,False,1.4,200.0,120.0,0.25
458,-573.78,0.961,31.44,1846.44,36.11,26,72,2.0,False,1.4,250.0,120.0,0.25
519,-2276.35,0.87,30.64,2706.62,30.56,22,72,2.0,False,1.4,300.0,120.0,0.25
