wpr_period,os_thresh,ob_thresh,tp_mult,sl_mult,kfd_thresh,monthly_profit_lock,monthly_loss_breaker,use_kfd,total_trades,trades_per_year,net_profit,pf,win_rate,max_dd,romad,mcr,pos_months,total_months
10,-80.0,-20.0,3.0,1.5,1.35,0.0,0.0,True,330,55.0,2825.95,1.152,38.79,1506.77,1.88,48.61,35,72
10,-80.0,-20.0,3.0,1.5,1.35,200.0,250.0,True,265,44.2,3189.4,1.236,40.38,903.54,3.53,50.0,36,72
10,-80.0,-20.0,3.0,1.5,1.35,250.0,250.0,True,282,47.0,2734.16,1.187,39.72,903.54,3.03,50.0,36,72
10,-80.0,-20.0,3.0,1.5,1.35,350.0,350.0,True,314,52.3,2327.47,1.138,38.85,979.72,2.38,47.22,34,72
10,-80.0,-20.0,3.0,1.5,1.4,0.0,0.0,True,367,61.2,2647.06,1.127,37.6,1679.52,1.58,48.61,35,72
10,-80.0,-20.0,3.0,1.5,1.4,200.0,250.0,True,291,48.5,1416.85,1.092,37.46,938.66,1.51,48.61,35,72
10,-80.0,-20.0,3.0,1.5,1.4,250.0,250.0,True,313,52.2,1374.45,1.082,37.7,930.85,1.48,48.61,35,72
10,-80.0,-20.0,3.0,1.5,1.4,350.0,350.0,True,340,56.7,1120.43,1.061,37.35,1668.03,0.67,47.22,34,72
10,-80.0,-20.0,3.0,1.5,1.45,0.0,0.0,True,410,68.3,2711.31,1.115,37.32,2074.88,1.31,41.67,30,72
10,-80.0,-20.0,3.0,1.5,1.45,200.0,250.0,True,306,51.0,1344.17,1.083,36.93,1218.84,1.1,47.22,34,72
10,-80.0,-20.0,3.0,1.5,1.45,250.0,250.0,True,333,55.5,1576.42,1.089,37.54,1218.84,1.29,45.83,33,72
10,-80.0,-20.0,3.0,1.5,1.45,350.0,350.0,True,366,61.0,785.33,1.039,36.89,1864.12,0.42,43.06,31,72
10,-80.0,-20.0,3.0,1.5,,0.0,0.0,False,1262,210.3,-5385.89,0.934,33.12,11561.01,-0.47,38.89,28,72
10,-80.0,-20.0,3.0,1.5,,200.0,250.0,False,465,77.5,-5532.46,0.788,28.6,7223.81,-0.77,36.11,26,72
10,-80.0,-20.0,3.0,1.5,,250.0,250.0,False,489,81.5,-4664.51,0.827,29.65,6660.06,-0.7,36.11,26,72
10,-80.0,-20.0,3.0,1.5,,350.0,350.0,False,700,116.7,-3776.31,0.903,31.86,5729.45,-0.66,41.67,30,72
10,-80.0,-20.0,3.0,2.0,1.35,0.0,0.0,True,317,52.8,1703.18,1.078,44.79,3070.71,0.55,51.39,37,72
10,-80.0,-20.0,3.0,2.0,1.35,200.0,250.0,True,248,41.3,2532.46,1.17,45.97,1368.95,1.85,56.94,41,72
10,-80.0,-20.0,3.0,2.0,1.35,250.0,250.0,True,258,43.0,2271.38,1.144,45.74,1396.31,1.63,54.17,39,72
10,-80.0,-20.0,3.0,2.0,1.35,350.0,350.0,True,288,48.0,2062.26,1.113,45.83,1545.5,1.33,52.78,38,72
10,-80.0,-20.0,3.0,2.0,1.4,0.0,0.0,True,352,58.7,2047.15,1.085,44.03,2336.94,0.88,55.56,40,72
10,-80.0,-20.0,3.0,2.0,1.4,200.0,250.0,True,270,45.0,1998.73,1.124,44.81,1471.85,1.36,58.33,42,72
10,-80.0,-20.0,3.0,2.0,1.4,250.0,250.0,True,282,47.0,1160.41,1.067,43.97,1570.79,0.74,55.56,40,72
10,-80.0,-20.0,3.0,2.0,1.4,350.0,350.0,True,327,54.5,986.21,1.047,44.04,1580.64,0.62,55.56,40,72
10,-80.0,-20.0,3.0,2.0,1.45,0.0,0.0,True,389,64.8,2087.48,1.077,44.22,2658.11,0.79,54.17,39,72
10,-80.0,-20.0,3.0,2.0,1.45,200.0,250.0,True,280,46.7,2257.96,1.134,45.36,1715.15,1.32,59.72,43,72
10,-80.0,-20.0,3.0,2.0,1.45,250.0,250.0,True,293,48.8,1694.72,1.094,45.05,1715.15,0.99,56.94,41,72
10,-80.0,-20.0,3.0,2.0,1.45,350.0,350.0,True,351,58.5,1155.03,1.051,44.44,2040.61,0.57,55.56,40,72
10,-80.0,-20.0,3.0,2.0,,0.0,0.0,False,1074,179.0,-4676.61,0.944,40.13,12408.08,-0.38,40.28,29,72
10,-80.0,-20.0,3.0,2.0,,200.0,250.0,False,390,65.0,-4760.86,0.811,36.41,5839.37,-0.82,43.06,31,72
10,-80.0,-20.0,3.0,2.0,,250.0,250.0,False,444,74.0,-5524.91,0.81,36.49,5941.07,-0.93,37.5,27,72
10,-80.0,-20.0,3.0,2.0,,350.0,350.0,False,591,98.5,-5855.55,0.857,38.07,7813.37,-0.75,38.89,28,72
10,-80.0,-20.0,3.5,1.5,1.35,0.0,0.0,True,323,53.8,3867.69,1.203,36.22,1406.9,2.75,55.56,40,72
10,-80.0,-20.0,3.5,1.5,1.35,200.0,250.0,True,245,40.8,3501.86,1.267,37.96,1066.14,3.28,55.56,40,72
10,-80.0,-20.0,3.5,1.5,1.35,250.0,250.0,True,273,45.5,2804.84,1.185,36.26,1079.49,2.6,54.17,39,72
10,-80.0,-20.0,3.5,1.5,1.35,350.0,350.0,True,304,50.7,2615.69,1.151,35.86,1033.86,2.53,54.17,39,72
10,-80.0,-20.0,3.5,1.5,1.4,0.0,0.0,True,360,60.0,4040.36,1.189,35.28,1251.19,3.23,55.56,40,72
10,-80.0,-20.0,3.5,1.5,1.4,200.0,250.0,True,269,44.8,2001.78,1.134,35.32,1055.97,1.9,52.78,38,72
10,-80.0,-20.0,3.5,1.5,1.4,250.0,250.0,True,296,49.3,1261.85,1.075,34.12,1319.06,0.96,51.39,37,72
10,-80.0,-20.0,3.5,1.5,1.4,350.0,350.0,True,332,55.3,1257.3,1.066,34.34,1635.62,0.77,51.39,37,72
10,-80.0,-20.0,3.5,1.5,1.45,0.0,0.0,True,402,67.0,3969.59,1.164,34.58,1839.56,2.16,50.0,36,72
10,-80.0,-20.0,3.5,1.5,1.45,200.0,250.0,True,298,49.7,1831.39,1.11,34.56,1166.25,1.57,50.0,36,72
10,-80.0,-20.0,3.5,1.5,1.45,250.0,250.0,True,318,53.0,1214.46,1.067,33.65,1377.2,0.88,47.22,34,72
10,-80.0,-20.0,3.5,1.5,1.45,350.0,350.0,True,361,60.2,1696.59,1.082,34.07,1794.58,0.95,47.22,34,72
10,-80.0,-20.0,3.5,1.5,,0.0,0.0,False,1194,199.0,-518.0,0.993,30.99,8108.35,-0.06,48.61,35,72
10,-80.0,-20.0,3.5,1.5,,200.0,250.0,False,407,67.8,-2914.17,0.877,27.52,4776.53,-0.61,43.06,31,72
10,-80.0,-20.0,3.5,1.5,,250.0,250.0,False,456,76.0,-4160.73,0.847,27.41,5327.11,-0.78,36.11,26,72
10,-80.0,-20.0,3.5,1.5,,350.0,350.0,False,638,106.3,-2019.12,0.944,29.62,3698.48,-0.55,44.44,32,72
10,-80.0,-20.0,3.5,2.0,1.35,0.0,0.0,True,305,50.8,3711.03,1.17,42.62,2210.59,1.68,54.17,39,72
10,-80.0,-20.0,3.5,2.0,1.35,200.0,250.0,True,221,36.8,3848.11,1.282,43.89,939.37,4.1,55.56,40,72
10,-80.0,-20.0,3.5,2.0,1.35,250.0,250.0,True,247,41.2,3528.34,1.225,42.91,1277.05,2.76,52.78,38,72
10,-80.0,-20.0,3.5,2.0,1.35,350.0,350.0,True,272,45.3,3737.02,1.209,43.75,1277.05,2.93,52.78,38,72
10,-80.0,-20.0,3.5,2.0,1.4,0.0,0.0,True,340,56.7,4124.3,1.17,41.76,1831.14,2.25,56.94,41,72
10,-80.0,-20.0,3.5,2.0,1.4,200.0,250.0,True,235,39.2,3634.62,1.253,43.4,954.18,3.81,59.72,43,72
10,-80.0,-20.0,3.5,2.0,1.4,250.0,250.0,True,269,44.8,2708.86,1.158,41.64,1277.05,2.12,55.56,40,72
10,-80.0,-20.0,3.5,2.0,1.4,350.0,350.0,True,305,50.8,3421.14,1.171,42.62,1277.05,2.68,58.33,42,72
10,-80.0,-20.0,3.5,2.0,1.45,0.0,0.0,True,377,62.8,4267.86,1.156,41.64,2231.77,1.91,54.17,39,72
10,-80.0,-20.0,3.5,2.0,1.45,200.0,250.0,True,259,43.2,3125.64,1.19,42.47,1489.08,2.1,58.33,42,72
10,-80.0,-20.0,3.5,2.0,1.45,250.0,250.0,True,287,47.8,2408.59,1.13,41.11,1489.08,1.62,55.56,40,72
10,-80.0,-20.0,3.5,2.0,1.45,350.0,350.0,True,328,54.7,3619.36,1.168,42.38,1482.41,2.44,58.33,42,72
10,-80.0,-20.0,3.5,2.0,,0.0,0.0,False,1013,168.8,-79.65,0.999,37.51,8798.64,-0.01,50.0,36,72
10,-80.0,-20.0,3.5,2.0,,200.0,250.0,False,323,53.8,-2760.39,0.877,34.37,3905.96,-0.71,44.44,32,72
10,-80.0,-20.0,3.5,2.0,,250.0,250.0,False,374,62.3,-3278.96,0.875,33.96,4235.95,-0.77,38.89,28,72
10,-80.0,-20.0,3.5,2.0,,350.0,350.0,False,525,87.5,-3457.25,0.906,34.86,5010.67,-0.69,44.44,32,72
10,-80.0,-20.0,4.0,1.5,1.35,0.0,0.0,True,320,53.3,3075.65,1.153,32.5,2405.56,1.28,55.56,40,72
10,-80.0,-20.0,4.0,1.5,1.35,200.0,250.0,True,232,38.7,3108.63,1.244,34.05,1319.5,2.36,59.72,43,72
10,-80.0,-20.0,4.0,1.5,1.35,250.0,250.0,True,263,43.8,2339.91,1.15,32.7,1342.03,1.74,54.17,39,72
10,-80.0,-20.0,4.0,1.5,1.35,350.0,350.0,True,296,49.3,1770.96,1.098,32.43,1731.28,1.02,54.17,39,72
10,-80.0,-20.0,4.0,1.5,1.4,0.0,0.0,True,357,59.5,3302.87,1.147,31.65,1786.76,1.85,55.56,40,72
10,-80.0,-20.0,4.0,1.5,1.4,200.0,250.0,True,252,42.0,3159.97,1.228,33.73,1319.5,2.39,56.94,41,72
10,-80.0,-20.0,4.0,1.5,1.4,250.0,250.0,True,288,48.0,2249.35,1.132,32.29,1319.5,1.7,51.39,37,72
10,-80.0,-20.0,4.0,1.5,1.4,350.0,350.0,True,329,54.8,496.47,1.025,31.0,2516.88,0.2,51.39,37,72
10,-80.0,-20.0,4.0,1.5,1.45,0.0,0.0,True,399,66.5,3572.62,1.141,31.33,1922.47,1.86,51.39,37,72
10,-80.0,-20.0,4.0,1.5,1.45,200.0,250.0,True,288,48.0,2846.44,1.177,32.64,1319.5,2.16,54.17,39,72
10,-80.0,-20.0,4.0,1.5,1.45,250.0,250.0,True,313,52.2,2653.32,1.145,32.27,1581.57,1.68,51.39,37,72
10,-80.0,-20.0,4.0,1.5,1.45,350.0,350.0,True,359,59.8,430.2,1.02,30.64,2367.87,0.18,48.61,35,72
10,-80.0,-20.0,4.0,1.5,,0.0,0.0,False,1135,189.2,2654.05,1.034,28.63,6840.01,0.39,45.83,33,72
10,-80.0,-20.0,4.0,1.5,,200.0,250.0,False,349,58.2,-2239.54,0.894,25.5,3446.58,-0.65,44.44,32,72
10,-80.0,-20.0,4.0,1.5,,250.0,250.0,False,390,65.0,-1795.02,0.923,26.41,3736.85,-0.48,43.06,31,72
10,-80.0,-20.0,4.0,1.5,,350.0,350.0,False,600,100.0,-5106.73,0.86,25.83,6271.2,-0.81,37.5,27,72
10,-80.0,-20.0,4.0,2.0,1.35,0.0,0.0,True,297,49.5,3452.73,1.152,39.39,3199.15,1.08,52.78,38,72
10,-80.0,-20.0,4.0,2.0,1.35,200.0,250.0,True,203,33.8,4404.33,1.341,42.86,1497.17,2.94,58.33,42,72
10,-80.0,-20.0,4.0,2.0,1.35,250.0,250.0,True,230,38.3,3528.61,1.227,40.43,1497.17,2.36,52.78,38,72
10,-80.0,-20.0,4.0,2.0,1.35,350.0,350.0,True,266,44.3,3360.01,1.179,40.6,1754.16,1.92,51.39,37,72
10,-80.0,-20.0,4.0,2.0,1.4,0.0,0.0,True,331,55.2,3629.18,1.143,38.37,2437.55,1.49,59.72,43,72
10,-80.0,-20.0,4.0,2.0,1.4,200.0,250.0,True,217,36.2,4363.58,1.315,42.86,1497.17,2.91,59.72,43,72
10,-80.0,-20.0,4.0,2.0,1.4,250.0,250.0,True,245,40.8,3919.79,1.241,40.82,1497.17,2.62,58.33,42,72
10,-80.0,-20.0,4.0,2.0,1.4,350.0,350.0,True,298,49.7,3004.93,1.143,39.26,1885.9,1.59,59.72,43,72
10,-80.0,-20.0,4.0,2.0,1.45,0.0,0.0,True,367,61.2,3640.86,1.128,38.15,2377.55,1.53,52.78,38,72
10,-80.0,-20.0,4.0,2.0,1.45,200.0,250.0,True,241,40.2,3681.26,1.231,41.49,1497.17,2.46,56.94,41,72
10,-80.0,-20.0,4.0,2.0,1.45,250.0,250.0,True,263,43.8,3285.75,1.184,39.92,1497.17,2.19,54.17,39,72
10,-80.0,-20.0,4.0,2.0,1.45,350.0,350.0,True,319,53.2,2360.81,1.105,38.56,1979.34,1.19,55.56,40,72
10,-80.0,-20.0,4.0,2.0,,0.0,0.0,False,953,158.8,2686.06,1.033,35.15,7232.7,0.37,51.39,37,72
10,-80.0,-20.0,4.0,2.0,,200.0,250.0,False,293,48.8,-1270.0,0.938,33.79,1790.05,-0.71,50.0,36,72
10,-80.0,-20.0,4.0,2.0,,250.0,250.0,False,343,57.2,-2075.38,0.915,33.53,2937.83,-0.71,43.06,31,72
10,-80.0,-20.0,4.0,2.0,,350.0,350.0,False,477,79.5,-4310.83,0.878,32.08,5141.51,-0.84,40.28,29,72
10,-80.0,-20.0,4.5,1.5,1.35,0.0,0.0,True,316,52.7,2857.33,1.138,29.75,2405.56,1.19,50.0,36,72
10,-80.0,-20.0,4.5,1.5,1.35,200.0,250.0,True,221,36.8,2735.26,1.213,29.86,1319.5,2.07,54.17,39,72
10,-80.0,-20.0,4.5,1.5,1.35,250.0,250.0,True,243,40.5,3097.61,1.219,30.45,1319.5,2.35,51.39,37,72
10,-80.0,-20.0,4.5,1.5,1.35,350.0,350.0,True,285,47.5,2138.98,1.12,29.82,1642.57,1.3,48.61,35,72
10,-80.0,-20.0,4.5,1.5,1.4,0.0,0.0,True,352,58.7,3160.0,1.137,28.98,1686.91,1.87,54.17,39,72
10,-80.0,-20.0,4.5,1.5,1.4,200.0,250.0,True,241,40.2,1609.37,1.114,28.63,1401.21,1.15,52.78,38,72
10,-80.0,-20.0,4.5,1.5,1.4,250.0,250.0,True,265,44.2,1852.93,1.119,29.06,1941.13,0.95,51.39,37,72
10,-80.0,-20.0,4.5,1.5,1.4,350.0,350.0,True,312,52.0,1172.33,1.06,28.85,1877.73,0.62,50.0,36,72
10,-80.0,-20.0,4.5,1.5,1.45,0.0,0.0,True,393,65.5,3279.15,1.126,28.75,1619.54,2.02,54.17,39,72
10,-80.0,-20.0,4.5,1.5,1.45,200.0,250.0,True,271,45.2,1537.61,1.096,28.04,1341.35,1.15,54.17,39,72
10,-80.0,-20.0,4.5,1.5,1.45,250.0,250.0,True,296,49.3,2159.57,1.124,29.05,1319.5,1.64,52.78,38,72
10,-80.0,-20.0,4.5,1.5,1.45,350.0,350.0,True,338,56.3,1633.48,1.077,28.99,1989.44,0.82,51.39,37,72
10,-80.0,-20.0,4.5,1.5,,0.0,0.0,False,1073,178.8,2542.52,1.033,26.37,5850.04,0.43,44.44,32,72
10,-80.0,-20.0,4.5,1.5,,200.0,250.0,False,314,52.3,-1798.03,0.906,23.25,3088.9,-0.58,43.06,31,72
10,-80.0,-20.0,4.5,1.5,,250.0,250.0,False,348,58.0,-1012.02,0.952,24.14,2912.78,-0.35,41.67,30,72
10,-80.0,-20.0,4.5,1.5,,350.0,350.0,False,585,97.5,-3194.13,0.912,24.1,4477.48,-0.71,38.89,28,72
10,-80.0,-20.0,4.5,2.0,1.35,0.0,0.0,True,293,48.8,2082.83,1.087,35.49,3199.15,0.65,50.0,36,72
10,-80.0,-20.0,4.5,2.0,1.35,200.0,250.0,True,188,31.3,2129.56,1.16,35.64,1497.17,1.42,54.17,39,72
10,-80.0,-20.0,4.5,2.0,1.35,250.0,250.0,True,208,34.7,2923.61,1.199,36.54,1497.17,1.95,51.39,37,72
10,-80.0,-20.0,4.5,2.0,1.35,350.0,350.0,True,255,42.5,2452.62,1.129,36.47,2012.59,1.22,47.22,34,72
10,-80.0,-20.0,4.5,2.0,1.4,0.0,0.0,True,325,54.2,2491.93,1.094,34.77,2063.96,1.21,54.17,39,72
10,-80.0,-20.0,4.5,2.0,1.4,200.0,250.0,True,201,33.5,2000.44,1.141,35.82,1497.17,1.34,54.17,39,72
10,-80.0,-20.0,4.5,2.0,1.4,250.0,250.0,True,219,36.5,3733.9,1.248,37.44,1497.17,2.49,54.17,39,72
10,-80.0,-20.0,4.5,2.0,1.4,350.0,350.0,True,282,47.0,2523.53,1.121,35.82,1754.16,1.44,51.39,37,72
10,-80.0,-20.0,4.5,2.0,1.45,0.0,0.0,True,361,60.2,2241.82,1.075,34.63,2063.96,1.09,54.17,39,72
10,-80.0,-20.0,4.5,2.0,1.45,200.0,250.0,True,225,37.5,1105.84,1.068,34.67,1497.17,0.74,54.17,39,72
10,-80.0,-20.0,4.5,2.0,1.45,250.0,250.0,True,249,41.5,3033.64,1.171,36.55,1497.17,2.03,54.17,39,72
10,-80.0,-20.0,4.5,2.0,1.45,350.0,350.0,True,309,51.5,1619.85,1.07,34.95,1754.16,0.92,54.17,39,72
10,-80.0,-20.0,4.5,2.0,,0.0,0.0,False,906,151.0,1571.13,1.02,32.67,6856.28,0.23,47.22,34,72
10,-80.0,-20.0,4.5,2.0,,200.0,250.0,False,240,40.0,-1226.51,0.932,30.83,2346.65,-0.52,47.22,34,72
10,-80.0,-20.0,4.5,2.0,,250.0,250.0,False,291,48.5,-2453.07,0.888,29.9,3579.43,-0.69,41.67,30,72
10,-80.0,-20.0,4.5,2.0,,350.0,350.0,False,453,75.5,-4946.06,0.858,28.92,5177.87,-0.96,38.89,28,72
10,-85.0,-15.0,3.0,1.5,1.35,0.0,0.0,True,280,46.7,1374.02,1.08,37.86,2362.97,0.58,47.22,34,72
10,-85.0,-15.0,3.0,1.5,1.35,200.0,250.0,True,242,40.3,907.38,1.069,37.6,2176.95,0.42,51.39,37,72
10,-85.0,-15.0,3.0,1.5,1.35,250.0,250.0,True,251,41.8,585.19,1.042,37.05,2320.09,0.25,51.39,37,72
10,-85.0,-15.0,3.0,1.5,1.35,350.0,350.0,True,269,44.8,1210.8,1.079,37.92,2362.97,0.51,48.61,35,72
10,-85.0,-15.0,3.0,1.5,1.4,0.0,0.0,True,313,52.2,1696.49,1.089,37.38,2914.71,0.58,44.44,32,72
10,-85.0,-15.0,3.0,1.5,1.4,200.0,250.0,True,269,44.8,671.76,1.046,37.17,2508.49,0.27,47.22,34,72
10,-85.0,-15.0,3.0,1.5,1.4,250.0,250.0,True,278,46.3,526.59,1.035,37.05,2651.63,0.2,47.22,34,72
10,-85.0,-15.0,3.0,1.5,1.4,350.0,350.0,True,298,49.7,1017.71,1.06,37.58,2831.74,0.36,44.44,32,72
10,-85.0,-15.0,3.0,1.5,1.45,0.0,0.0,True,348,58.0,1618.84,1.076,37.07,3003.65,0.54,48.61,35,72
10,-85.0,-15.0,3.0,1.5,1.45,200.0,250.0,True,280,46.7,1718.44,1.117,38.21,1409.56,1.22,54.17,39,72
10,-85.0,-15.0,3.0,1.5,1.45,250.0,250.0,True,296,49.3,1228.62,1.078,37.5,1445.96,0.85,52.78,38,72
10,-85.0,-15.0,3.0,1.5,1.45,350.0,350.0,True,322,53.7,1109.09,1.061,37.58,2149.39,0.52,50.0,36,72
10,-85.0,-15.0,3.0,1.5,,0.0,0.0,False,1117,186.2,-3850.89,0.947,33.12,10686.45,-0.36,43.06,31,72
10,-85.0,-15.0,3.0,1.5,,200.0,250.0,False,421,70.2,-2671.98,0.887,31.35,5327.86,-0.5,45.83,33,72
10,-85.0,-15.0,3.0,1.5,,250.0,250.0,False,489,81.5,-2993.69,0.891,31.49,5101.33,-0.59,41.67,30,72
10,-85.0,-15.0,3.0,1.5,,350.0,350.0,False,673,112.2,-4156.2,0.889,32.24,6154.34,-0.68,43.06,31,72
10,-85.0,-15.0,3.0,2.0,1.35,0.0,0.0,True,269,44.8,3707.33,1.198,44.61,2980.97,1.24,52.78,38,72
10,-85.0,-15.0,3.0,2.0,1.35,200.0,250.0,True,214,35.7,2189.98,1.168,44.86,1617.06,1.35,55.56,40,72
10,-85.0,-15.0,3.0,2.0,1.35,250.0,250.0,True,228,38.0,1928.14,1.138,44.3,1676.42,1.15,54.17,39,72
10,-85.0,-15.0,3.0,2.0,1.35,350.0,350.0,True,253,42.2,2035.3,1.122,44.66,2678.71,0.76,52.78,38,72
10,-85.0,-15.0,3.0,2.0,1.4,0.0,0.0,True,298,49.7,3353.22,1.161,43.62,3063.69,1.09,54.17,39,72
10,-85.0,-15.0,3.0,2.0,1.4,200.0,250.0,True,236,39.3,2471.9,1.175,44.49,1428.08,1.73,58.33,42,72
10,-85.0,-15.0,3.0,2.0,1.4,250.0,250.0,True,254,42.3,1823.43,1.117,43.7,1565.04,1.17,55.56,40,72
10,-85.0,-15.0,3.0,2.0,1.4,350.0,350.0,True,282,47.0,1880.81,1.101,43.97,2758.77,0.68,54.17,39,72
10,-85.0,-15.0,3.0,2.0,1.45,0.0,0.0,True,331,55.2,3241.09,1.139,43.5,3614.65,0.9,50.0,36,72
10,-85.0,-15.0,3.0,2.0,1.45,200.0,250.0,True,257,42.8,2504.68,1.165,43.97,1532.97,1.63,55.56,40,72
10,-85.0,-15.0,3.0,2.0,1.45,250.0,250.0,True,271,45.2,2684.35,1.167,44.28,1555.5,1.73,54.17,39,72
10,-85.0,-15.0,3.0,2.0,1.45,350.0,350.0,True,302,50.3,2700.71,1.139,44.7,2309.34,1.17,52.78,38,72
10,-85.0,-15.0,3.0,2.0,,0.0,0.0,False,965,160.8,-2494.05,0.966,40.52,9943.27,-0.25,41.67,30,72
10,-85.0,-15.0,3.0,2.0,,200.0,250.0,False,362,60.3,-3390.25,0.857,38.12,4338.37,-0.78,44.44,32,72
10,-85.0,-15.0,3.0,2.0,,250.0,250.0,False,406,67.7,-2943.26,0.889,39.16,3891.38,-0.76,41.67,30,72
10,-85.0,-15.0,3.0,2.0,,350.0,350.0,False,556,92.7,-6162.52,0.84,37.77,7901.23,-0.78,37.5,27,72
10,-85.0,-15.0,3.5,1.5,1.35,0.0,0.0,True,277,46.2,2463.49,1.139,35.38,2017.06,1.22,50.0,36,72
10,-85.0,-15.0,3.5,1.5,1.35,200.0,250.0,True,220,36.7,1592.65,1.128,35.45,1566.58,1.02,52.78,38,72
10,-85.0,-15.0,3.5,1.5,1.35,250.0,250.0,True,240,40.0,1504.23,1.11,35.0,1689.61,0.89,51.39,37,72
10,-85.0,-15.0,3.5,1.5,1.35,350.0,350.0,True,263,43.8,2615.62,1.173,35.74,1604.39,1.63,51.39,37,72
10,-85.0,-15.0,3.5,1.5,1.4,0.0,0.0,True,309,51.5,3246.84,1.166,35.28,2689.8,1.21,48.61,35,72
10,-85.0,-15.0,3.5,1.5,1.4,200.0,250.0,True,245,40.8,1589.19,1.115,35.1,1965.43,0.81,51.39,37,72
10,-85.0,-15.0,3.5,1.5,1.4,250.0,250.0,True,266,44.3,1564.72,1.104,34.96,2125.71,0.74,50.0,36,72
10,-85.0,-15.0,3.5,1.5,1.4,350.0,350.0,True,292,48.7,2329.98,1.139,35.27,2092.44,1.11,50.0,36,72
10,-85.0,-15.0,3.5,1.5,1.45,0.0,0.0,True,344,57.3,3215.83,1.147,34.88,2963.43,1.09,50.0,36,72
10,-85.0,-15.0,3.5,1.5,1.45,200.0,250.0,True,259,43.2,2438.37,1.172,35.91,1495.22,1.63,54.17,39,72
10,-85.0,-15.0,3.5,1.5,1.45,250.0,250.0,True,277,46.2,2402.99,1.158,35.74,1495.22,1.61,52.78,38,72
10,-85.0,-15.0,3.5,1.5,1.45,350.0,350.0,True,315,52.5,2726.54,1.153,35.24,1404.24,1.94,52.78,38,72
10,-85.0,-15.0,3.5,1.5,,0.0,0.0,False,1065,177.5,257.31,1.004,31.08,7408.64,0.03,47.22,34,72
10,-85.0,-15.0,3.5,1.5,,200.0,250.0,False,393,65.5,-2617.71,0.884,27.74,5407.61,-0.48,45.83,33,72
10,-85.0,-15.0,3.5,1.5,,250.0,250.0,False,445,74.2,-2916.4,0.888,28.31,5159.52,-0.57,41.67,30,72
10,-85.0,-15.0,3.5,1.5,,350.0,350.0,False,622,103.7,-1811.11,0.95,30.23,4449.43,-0.41,48.61,35,72
10,-85.0,-15.0,3.5,2.0,1.35,0.0,0.0,True,262,43.7,6406.28,1.343,43.13,2167.43,2.96,51.39,37,72
10,-85.0,-15.0,3.5,2.0,1.35,200.0,250.0,True,202,33.7,3285.5,1.254,42.08,1316.43,2.5,52.78,38,72
10,-85.0,-15.0,3.5,2.0,1.35,250.0,250.0,True,211,35.2,3684.5,1.278,42.65,1316.43,2.8,52.78,38,72
10,-85.0,-15.0,3.5,2.0,1.35,350.0,350.0,True,240,40.0,4304.55,1.272,42.92,1357.3,3.17,52.78,38,72
10,-85.0,-15.0,3.5,2.0,1.4,0.0,0.0,True,290,48.3,6064.7,1.292,42.07,2504.04,2.42,54.17,39,72
10,-85.0,-15.0,3.5,2.0,1.4,200.0,250.0,True,222,37.0,3359.51,1.238,41.44,1391.97,2.41,55.56,40,72
10,-85.0,-15.0,3.5,2.0,1.4,250.0,250.0,True,233,38.8,3773.04,1.259,42.06,1391.97,2.71,55.56,40,72
10,-85.0,-15.0,3.5,2.0,1.4,350.0,350.0,True,267,44.5,4292.59,1.244,42.32,1442.53,2.98,55.56,40,72
10,-85.0,-15.0,3.5,2.0,1.45,0.0,0.0,True,323,53.8,6379.1,1.273,42.11,3148.07,2.03,51.39,37,72
10,-85.0,-15.0,3.5,2.0,1.45,200.0,250.0,True,235,39.2,4158.07,1.288,42.13,1483.69,2.8,54.17,39,72
10,-85.0,-15.0,3.5,2.0,1.45,250.0,250.0,True,253,42.2,4488.32,1.293,42.29,1483.69,3.03,54.17,39,72
10,-85.0,-15.0,3.5,2.0,1.45,350.0,350.0,True,287,47.8,5296.64,1.288,42.86,1648.35,3.21,54.17,39,72
10,-85.0,-15.0,3.5,2.0,,0.0,0.0,False,916,152.7,962.43,1.013,37.88,7348.11,0.13,41.67,30,72
10,-85.0,-15.0,3.5,2.0,,200.0,250.0,False,303,50.5,-2908.35,0.864,34.32,4184.73,-0.69,43.06,31,72
10,-85.0,-15.0,3.5,2.0,,250.0,250.0,False,341,56.8,-2687.09,0.887,35.19,3875.28,-0.69,40.28,29,72
10,-85.0,-15.0,3.5,2.0,,350.0,350.0,False,512,85.3,-732.25,0.979,37.11,4688.18,-0.16,45.83,33,72
10,-85.0,-15.0,4.0,1.5,1.35,0.0,0.0,True,271,45.2,3252.84,1.184,32.84,1930.31,1.69,44.44,32,72
10,-85.0,-15.0,4.0,1.5,1.35,200.0,250.0,True,205,34.2,2303.44,1.198,33.66,1223.69,1.88,51.39,37,72
10,-85.0,-15.0,4.0,1.5,1.35,250.0,250.0,True,231,38.5,1769.89,1.129,32.47,1737.42,1.02,47.22,34,72
10,-85.0,-15.0,4.0,1.5,1.35,350.0,350.0,True,256,42.7,2016.71,1.129,32.81,1728.64,1.17,47.22,34,72
10,-85.0,-15.0,4.0,1.5,1.4,0.0,0.0,True,302,50.3,3400.88,1.175,32.78,2567.28,1.32,47.22,34,72
10,-85.0,-15.0,4.0,1.5,1.4,200.0,250.0,True,227,37.8,2164.82,1.169,33.04,1537.44,1.41,52.78,38,72
10,-85.0,-15.0,4.0,1.5,1.4,250.0,250.0,True,255,42.5,2297.99,1.154,32.94,2191.94,1.05,50.0,36,72
10,-85.0,-15.0,4.0,1.5,1.4,350.0,350.0,True,282,47.0,2289.34,1.134,32.98,2235.11,1.02,50.0,36,72
10,-85.0,-15.0,4.0,1.5,1.45,0.0,0.0,True,335,55.8,3410.01,1.157,32.54,2618.66,1.3,45.83,33,72
10,-85.0,-15.0,4.0,1.5,1.45,200.0,250.0,True,241,40.2,2780.67,1.208,33.61,1413.14,1.97,52.78,38,72
10,-85.0,-15.0,4.0,1.5,1.45,250.0,250.0,True,267,44.5,3797.81,1.252,34.46,1413.14,2.69,51.39,37,72
10,-85.0,-15.0,4.0,1.5,1.45,350.0,350.0,True,302,50.3,3167.31,1.177,33.44,1503.42,2.11,50.0,36,72
10,-85.0,-15.0,4.0,1.5,,0.0,0.0,False,1016,169.3,1468.55,1.021,28.64,6070.43,0.24,48.61,35,72
10,-85.0,-15.0,4.0,1.5,,200.0,250.0,False,368,61.3,-1173.24,0.944,26.09,3969.9,-0.3,48.61,35,72
10,-85.0,-15.0,4.0,1.5,,250.0,250.0,False,400,66.7,-2484.89,0.895,25.75,4596.68,-0.54,43.06,31,72
10,-85.0,-15.0,4.0,1.5,,350.0,350.0,False,601,100.2,-3477.43,0.906,27.29,4558.79,-0.76,44.44,32,72
10,-85.0,-15.0,4.0,2.0,1.35,0.0,0.0,True,254,42.3,4536.29,1.234,40.16,2115.65,2.14,50.0,36,72
10,-85.0,-15.0,4.0,2.0,1.35,200.0,250.0,True,180,30.0,1876.63,1.151,40.56,1576.48,1.19,54.17,39,72
10,-85.0,-15.0,4.0,2.0,1.35,250.0,250.0,True,202,33.7,1554.29,1.108,39.11,1892.34,0.82,51.39,37,72
10,-85.0,-15.0,4.0,2.0,1.35,350.0,350.0,True,234,39.0,2208.22,1.129,39.74,2136.29,1.03,51.39,37,72
10,-85.0,-15.0,4.0,2.0,1.4,0.0,0.0,True,281,46.8,4109.89,1.191,39.15,2655.27,1.55,48.61,35,72
10,-85.0,-15.0,4.0,2.0,1.4,200.0,250.0,True,193,32.2,1789.76,1.135,39.9,1576.48,1.14,52.78,38,72
10,-85.0,-15.0,4.0,2.0,1.4,250.0,250.0,True,214,35.7,1485.31,1.098,38.79,2291.03,0.65,50.0,36,72
10,-85.0,-15.0,4.0,2.0,1.4,350.0,350.0,True,255,42.5,2156.82,1.116,39.22,2539.31,0.85,50.0,36,72
10,-85.0,-15.0,4.0,2.0,1.45,0.0,0.0,True,311,51.8,4345.18,1.181,39.23,2842.69,1.53,50.0,36,72
10,-85.0,-15.0,4.0,2.0,1.45,200.0,250.0,True,206,34.3,2489.81,1.18,40.29,1576.48,1.58,52.78,38,72
10,-85.0,-15.0,4.0,2.0,1.45,250.0,250.0,True,227,37.8,3323.91,1.218,40.53,1746.83,1.9,52.78,38,72
10,-85.0,-15.0,4.0,2.0,1.45,350.0,350.0,True,271,45.2,3485.09,1.182,40.22,2263.03,1.54,52.78,38,72
10,-85.0,-15.0,4.0,2.0,,0.0,0.0,False,867,144.5,2177.24,1.03,35.52,5371.34,0.41,40.28,29,72
10,-85.0,-15.0,4.0,2.0,,200.0,250.0,False,280,46.7,-1760.46,0.911,32.5,2492.25,-0.71,47.22,34,72
10,-85.0,-15.0,4.0,2.0,,250.0,250.0,False,301,50.2,-2540.26,0.884,32.56,3309.32,-0.77,41.67,30,72
10,-85.0,-15.0,4.0,2.0,,350.0,350.0,False,500,83.3,-1321.43,0.963,34.4,4105.17,-0.32,43.06,31,72
10,-85.0,-15.0,4.5,1.5,1.35,0.0,0.0,True,266,44.3,2653.02,1.145,28.95,2336.18,1.14,45.83,33,72
10,-85.0,-15.0,4.5,1.5,1.35,200.0,250.0,True,201,33.5,1056.79,1.086,28.86,1524.7,0.69,50.0,36,72
10,-85.0,-15.0,4.5,1.5,1.35,250.0,250.0,True,224,37.3,-158.21,0.989,27.23,2095.81,-0.08,45.83,33,72
10,-85.0,-15.0,4.5,1.5,1.35,350.0,350.0,True,247,41.2,84.11,1.005,27.94,2233.94,0.04,45.83,33,72
10,-85.0,-15.0,4.5,1.5,1.4,0.0,0.0,True,295,49.2,2569.32,1.128,28.81,3004.49,0.86,47.22,34,72
10,-85.0,-15.0,4.5,1.5,1.4,200.0,250.0,True,225,37.5,400.5,1.029,28.0,1603.82,0.25,51.39,37,72
10,-85.0,-15.0,4.5,1.5,1.4,250.0,250.0,True,245,40.8,-565.06,0.963,26.94,2610.25,-0.22,47.22,34,72
10,-85.0,-15.0,4.5,1.5,1.4,350.0,350.0,True,271,45.2,107.26,1.006,28.04,2826.24,0.04,47.22,34,72
10,-85.0,-15.0,4.5,1.5,1.45,0.0,0.0,True,327,54.5,2924.77,1.131,29.05,2845.62,1.03,45.83,33,72
10,-85.0,-15.0,4.5,1.5,1.45,200.0,250.0,True,231,38.5,913.03,1.065,28.57,1842.15,0.5,51.39,37,72
10,-85.0,-15.0,4.5,1.5,1.45,250.0,250.0,True,255,42.5,1307.23,1.086,29.02,1735.36,0.75,48.61,35,72
10,-85.0,-15.0,4.5,1.5,1.45,350.0,350.0,True,283,47.2,1845.5,1.104,29.68,1631.06,1.13,48.61,35,72
10,-85.0,-15.0,4.5,1.5,,0.0,0.0,False,964,160.7,707.88,1.01,25.93,7818.92,0.09,44.44,32,72
10,-85.0,-15.0,4.5,1.5,,200.0,250.0,False,323,53.8,1497.83,1.08,27.24,2501.26,0.6,51.39,37,72
10,-85.0,-15.0,4.5,1.5,,250.0,250.0,False,400,66.7,-2039.23,0.915,24.0,4433.34,-0.46,40.28,29,72
10,-85.0,-15.0,4.5,1.5,,350.0,350.0,False,555,92.5,-2227.66,0.935,25.05,4467.02,-0.5,43.06,31,72
10,-85.0,-15.0,4.5,2.0,1.35,0.0,0.0,True,249,41.5,3656.05,1.18,35.74,2371.04,1.54,45.83,33,72
10,-85.0,-15.0,4.5,2.0,1.35,200.0,250.0,True,173,28.8,802.67,1.062,35.26,1855.71,0.43,48.61,35,72
10,-85.0,-15.0,4.5,2.0,1.35,250.0,250.0,True,190,31.7,170.02,1.012,34.21,2207.22,0.08,44.44,32,72
10,-85.0,-15.0,4.5,2.0,1.35,350.0,350.0,True,226,37.7,969.09,1.055,34.96,2674.76,0.36,44.44,32,72
10,-85.0,-15.0,4.5,2.0,1.4,0.0,0.0,True,274,45.7,2966.55,1.133,34.67,3141.54,0.94,45.83,33,72
10,-85.0,-15.0,4.5,2.0,1.4,200.0,250.0,True,185,30.8,526.39,1.038,34.59,1812.55,0.29,48.61,35,72
10,-85.0,-15.0,4.5,2.0,1.4,250.0,250.0,True,201,33.5,-88.02,0.994,33.83,2614.51,-0.03,44.44,32,72
10,-85.0,-15.0,4.5,2.0,1.4,350.0,350.0,True,248,41.3,519.74,1.027,34.27,3164.78,0.16,44.44,32,72
10,-85.0,-15.0,4.5,2.0,1.45,0.0,0.0,True,304,50.7,3539.26,1.142,35.2,3154.52,1.12,45.83,33,72
10,-85.0,-15.0,4.5,2.0,1.45,200.0,250.0,True,200,33.3,732.84,1.049,34.5,2191.38,0.33,47.22,34,72
10,-85.0,-15.0,4.5,2.0,1.45,250.0,250.0,True,213,35.5,1613.64,1.103,35.68,2191.38,0.74,45.83,33,72
10,-85.0,-15.0,4.5,2.0,1.45,350.0,350.0,True,262,43.7,2220.19,1.112,35.88,2790.85,0.8,45.83,33,72
10,-85.0,-15.0,4.5,2.0,,0.0,0.0,False,816,136.0,1178.82,1.016,32.48,6515.17,0.18,44.44,32,72
10,-85.0,-15.0,4.5,2.0,,200.0,250.0,False,250,41.7,-564.4,0.969,32.0,1441.83,-0.39,50.0,36,72
10,-85.0,-15.0,4.5,2.0,,250.0,250.0,False,296,49.3,-3627.41,0.84,29.39,4047.27,-0.9,40.28,29,72
10,-85.0,-15.0,4.5,2.0,,350.0,350.0,False,435,72.5,-2879.45,0.913,30.34,4847.37,-0.59,44.44,32,72
14,-80.0,-20.0,3.0,1.5,1.35,0.0,0.0,True,280,46.7,-1705.39,0.903,34.29,2986.09,-0.57,43.06,31,72
14,-80.0,-20.0,3.0,1.5,1.35,200.0,250.0,True,236,39.3,-1542.83,0.888,35.17,2379.75,-0.65,41.67,30,72
14,-80.0,-20.0,3.0,1.5,1.35,250.0,250.0,True,246,41.0,-2179.95,0.851,34.15,2681.6,-0.81,40.28,29,72
14,-80.0,-20.0,3.0,1.5,1.35,350.0,350.0,True,264,44.0,-2193.0,0.861,34.09,2636.08,-0.83,41.67,30,72
14,-80.0,-20.0,3.0,1.5,1.4,0.0,0.0,True,306,51.0,-1856.23,0.903,33.99,2927.69,-0.63,41.67,30,72
14,-80.0,-20.0,3.0,1.5,1.4,200.0,250.0,True,257,42.8,-2396.28,0.842,33.85,2513.48,-0.95,40.28,29,72
14,-80.0,-20.0,3.0,1.5,1.4,250.0,250.0,True,269,44.8,-2664.35,0.834,33.46,2700.98,-0.99,40.28,29,72
14,-80.0,-20.0,3.0,1.5,1.4,350.0,350.0,True,288,48.0,-2742.93,0.841,33.33,2779.56,-0.99,41.67,30,72
14,-80.0,-20.0,3.0,1.5,1.45,0.0,0.0,True,341,56.8,-3024.83,0.861,33.43,3910.89,-0.77,38.89,28,72
14,-80.0,-20.0,3.0,1.5,1.45,200.0,250.0,True,255,42.5,-3215.07,0.79,32.16,3146.57,-1.02,37.5,27,72
14,-80.0,-20.0,3.0,1.5,1.45,250.0,250.0,True,267,44.5,-3158.77,0.802,32.58,3090.27,-1.02,37.5,27,72
14,-80.0,-20.0,3.0,1.5,1.45,350.0,350.0,True,315,52.5,-3510.84,0.818,33.33,3529.64,-0.99,38.89,28,72
14,-80.0,-20.0,3.0,1.5,,0.0,0.0,False,1095,182.5,-8272.66,0.886,32.24,12084.84,-0.68,38.89,28,72
14,-80.0,-20.0,3.0,1.5,,200.0,250.0,False,417,69.5,-5879.57,0.752,28.54,5922.13,-0.99,40.28,29,72
14,-80.0,-20.0,3.0,1.5,,250.0,250.0,False,458,76.3,-4470.8,0.827,30.35,4632.88,-0.97,38.89,28,72
14,-80.0,-20.0,3.0,1.5,,350.0,350.0,False,665,110.8,-6254.46,0.839,30.98,6480.98,-0.97,38.89,28,72
14,-80.0,-20.0,3.0,2.0,1.35,0.0,0.0,True,274,45.7,-2635.79,0.875,40.51,4651.58,-0.57,40.28,29,72
14,-80.0,-20.0,3.0,2.0,1.35,200.0,250.0,True,218,36.3,-3333.44,0.787,38.53,3354.92,-0.99,41.67,30,72
14,-80.0,-20.0,3.0,2.0,1.35,250.0,250.0,True,223,37.2,-3810.2,0.766,38.12,3831.68,-0.99,38.89,28,72
14,-80.0,-20.0,3.0,2.0,1.35,350.0,350.0,True,250,41.7,-3411.04,0.813,39.6,4129.58,-0.83,40.28,29,72
14,-80.0,-20.0,3.0,2.0,1.4,0.0,0.0,True,299,49.8,-2652.29,0.883,40.47,4449.63,-0.6,38.89,28,72
14,-80.0,-20.0,3.0,2.0,1.4,200.0,250.0,True,232,38.7,-3141.76,0.808,38.79,3163.24,-0.99,40.28,29,72
14,-80.0,-20.0,3.0,2.0,1.4,250.0,250.0,True,238,39.7,-3464.62,0.796,38.66,3486.1,-0.99,37.5,27,72
14,-80.0,-20.0,3.0,2.0,1.4,350.0,350.0,True,273,45.5,-3698.92,0.814,39.19,3948.91,-0.94,38.89,28,72
14,-80.0,-20.0,3.0,2.0,1.45,0.0,0.0,True,328,54.7,-4532.25,0.824,39.63,5971.3,-0.76,38.89,28,72
14,-80.0,-20.0,3.0,2.0,1.45,200.0,250.0,True,230,38.3,-2414.05,0.849,40.43,2736.56,-0.88,44.44,32,72
14,-80.0,-20.0,3.0,2.0,1.45,250.0,250.0,True,240,40.0,-3138.96,0.815,39.58,3187.56,-0.98,41.67,30,72
14,-80.0,-20.0,3.0,2.0,1.45,350.0,350.0,True,282,47.0,-4911.65,0.768,39.01,5223.84,-0.94,40.28,29,72
14,-80.0,-20.0,3.0,2.0,,0.0,0.0,False,939,156.5,-8278.06,0.891,38.87,12355.24,-0.67,45.83,33,72
14,-80.0,-20.0,3.0,2.0,,200.0,250.0,False,324,54.0,-3773.12,0.824,36.42,4745.84,-0.8,44.44,32,72
14,-80.0,-20.0,3.0,2.0,,250.0,250.0,False,378,63.0,-4738.07,0.812,36.51,5403.7,-0.88,40.28,29,72
14,-80.0,-20.0,3.0,2.0,,350.0,350.0,False,562,93.7,-5614.4,0.854,37.19,7173.61,-0.78,40.28,29,72
14,-80.0,-20.0,3.5,1.5,1.35,0.0,0.0,True,276,46.0,-1293.13,0.929,31.16,2811.52,-0.46,45.83,33,72
14,-80.0,-20.0,3.5,1.5,1.35,200.0,250.0,True,221,36.8,-212.28,0.984,33.03,1723.79,-0.12,48.61,35,72
14,-80.0,-20.0,3.5,1.5,1.35,250.0,250.0,True,239,39.8,-1973.67,0.867,30.96,2760.06,-0.72,44.44,32,72
14,-80.0,-20.0,3.5,1.5,1.35,350.0,350.0,True,258,43.0,-2630.75,0.839,30.23,2806.23,-0.94,44.44,32,72
14,-80.0,-20.0,3.5,1.5,1.4,0.0,0.0,True,302,50.3,-1001.55,0.949,31.46,2725.48,-0.37,44.44,32,72
14,-80.0,-20.0,3.5,1.5,1.4,200.0,250.0,True,235,39.2,-259.88,0.981,33.19,1710.42,-0.15,47.22,34,72
14,-80.0,-20.0,3.5,1.5,1.4,250.0,250.0,True,260,43.3,-2518.76,0.844,30.38,2856.24,-0.88,43.06,31,72
14,-80.0,-20.0,3.5,1.5,1.4,350.0,350.0,True,284,47.3,-2350.6,0.867,30.63,2968.08,-0.79,44.44,32,72
14,-80.0,-20.0,3.5,1.5,1.45,0.0,0.0,True,335,55.8,-2028.72,0.909,31.04,3290.24,-0.62,40.28,29,72
14,-80.0,-20.0,3.5,1.5,1.45,200.0,250.0,True,244,40.7,-1528.12,0.895,31.15,2280.14,-0.67,40.28,29,72
14,-80.0,-20.0,3.5,1.5,1.45,250.0,250.0,True,264,44.0,-3250.86,0.803,29.55,3197.07,-1.02,37.5,27,72
14,-80.0,-20.0,3.5,1.5,1.45,350.0,350.0,True,303,50.5,-2234.11,0.88,31.02,2914.18,-0.77,41.67,30,72
14,-80.0,-20.0,3.5,1.5,,0.0,0.0,False,1046,174.3,-4472.48,0.938,29.83,9460.01,-0.47,47.22,34,72
14,-80.0,-20.0,3.5,1.5,,200.0,250.0,False,387,64.5,-2558.82,0.884,27.91,4549.67,-0.56,45.83,33,72
14,-80.0,-20.0,3.5,1.5,,250.0,250.0,False,426,71.0,-2504.09,0.897,28.64,4162.44,-0.6,44.44,32,72
14,-80.0,-20.0,3.5,1.5,,350.0,350.0,False,621,103.5,-2407.49,0.934,29.15,4699.92,-0.51,47.22,34,72
14,-80.0,-20.0,3.5,2.0,1.35,0.0,0.0,True,266,44.3,-1053.6,0.95,38.35,4097.28,-0.26,45.83,33,72
14,-80.0,-20.0,3.5,2.0,1.35,200.0,250.0,True,203,33.8,-872.9,0.939,38.42,2721.27,-0.32,48.61,35,72
14,-80.0,-20.0,3.5,2.0,1.35,250.0,250.0,True,215,35.8,-2102.04,0.867,36.74,2721.27,-0.77,43.06,31,72
14,-80.0,-20.0,3.5,2.0,1.35,350.0,350.0,True,240,40.0,-2850.9,0.845,36.67,3901.1,-0.73,44.44,32,72
14,-80.0,-20.0,3.5,2.0,1.4,0.0,0.0,True,292,48.7,-620.28,0.973,38.7,3837.93,-0.16,45.83,33,72
14,-80.0,-20.0,3.5,2.0,1.4,200.0,250.0,True,213,35.5,-523.68,0.965,38.97,2360.0,-0.22,50.0,36,72
14,-80.0,-20.0,3.5,2.0,1.4,250.0,250.0,True,231,38.5,-1647.11,0.901,37.23,2536.84,-0.65,43.06,31,72
14,-80.0,-20.0,3.5,2.0,1.4,350.0,350.0,True,260,43.3,-2185.86,0.887,37.31,3641.75,-0.6,45.83,33,72
14,-80.0,-20.0,3.5,2.0,1.45,0.0,0.0,True,320,53.3,-2110.03,0.918,38.12,5055.78,-0.42,47.22,34,72
14,-80.0,-20.0,3.5,2.0,1.45,200.0,250.0,True,222,37.0,-1080.44,0.931,38.29,2385.38,-0.45,47.22,34,72
14,-80.0,-20.0,3.5,2.0,1.45,250.0,250.0,True,234,39.0,-1652.1,0.902,37.61,2562.22,-0.64,44.44,32,72
14,-80.0,-20.0,3.5,2.0,1.45,350.0,350.0,True,268,44.7,-2808.87,0.86,36.94,3703.4,-0.76,47.22,34,72
14,-80.0,-20.0,3.5,2.0,,0.0,0.0,False,896,149.3,-4657.35,0.938,36.05,9705.64,-0.48,43.06,31,72
14,-80.0,-20.0,3.5,2.0,,200.0,250.0,False,339,56.5,-3906.54,0.834,33.04,5660.55,-0.69,44.44,32,72
14,-80.0,-20.0,3.5,2.0,,250.0,250.0,False,350,58.3,-3197.29,0.868,34.0,4932.85,-0.65,43.06,31,72
14,-80.0,-20.0,3.5,2.0,,350.0,350.0,False,542,90.3,-1819.41,0.952,35.79,4823.78,-0.38,45.83,33,72
14,-80.0,-20.0,4.0,1.5,1.35,0.0,0.0,True,274,45.7,-998.53,0.947,28.47,2861.77,-0.35,44.44,32,72
14,-80.0,-20.0,4.0,1.5,1.35,200.0,250.0,True,222,37.0,-592.22,0.956,29.28,1861.29,-0.32,45.83,33,72
14,-80.0,-20.0,4.0,1.5,1.35,250.0,250.0,True,235,39.2,-654.67,0.955,29.36,2067.36,-0.32,45.83,33,72
14,-80.0,-20.0,4.0,1.5,1.35,350.0,350.0,True,256,42.7,-2118.27,0.873,28.12,2885.42,-0.73,43.06,31,72
14,-80.0,-20.0,4.0,1.5,1.4,0.0,0.0,True,300,50.0,-761.96,0.962,28.67,2717.2,-0.28,50.0,36,72
14,-80.0,-20.0,4.0,1.5,1.4,200.0,250.0,True,234,39.0,-130.88,0.991,29.91,1934.8,-0.07,50.0,36,72
14,-80.0,-20.0,4.0,1.5,1.4,250.0,250.0,True,251,41.8,-876.05,0.943,29.08,2140.87,-0.41,48.61,35,72
14,-80.0,-20.0,4.0,1.5,1.4,350.0,350.0,True,280,46.7,-2727.84,0.851,27.5,3024.6,-0.9,47.22,34,72
14,-80.0,-20.0,4.0,1.5,1.45,0.0,0.0,True,333,55.5,-1810.7,0.921,28.23,3046.44,-0.59,45.83,33,72
14,-80.0,-20.0,4.0,1.5,1.45,200.0,250.0,True,256,42.7,-1399.9,0.911,28.52,2114.77,-0.66,43.06,31,72
14,-80.0,-20.0,4.0,1.5,1.45,250.0,250.0,True,262,43.7,-1482.72,0.908,28.24,2114.77,-0.7,43.06,31,72
14,-80.0,-20.0,4.0,1.5,1.45,350.0,350.0,True,300,50.0,-2304.25,0.88,28.0,2948.09,-0.78,44.44,32,72
14,-80.0,-20.0,4.0,1.5,,0.0,0.0,False,1000,166.7,-2655.85,0.963,27.2,9352.42,-0.28,44.44,32,72
14,-80.0,-20.0,4.0,1.5,,200.0,250.0,False,333,55.5,-3119.7,0.847,24.32,4185.44,-0.75,41.67,30,72
14,-80.0,-20.0,4.0,1.5,,250.0,250.0,False,376,62.7,-3330.67,0.852,24.47,4699.71,-0.71,38.89,28,72
14,-80.0,-20.0,4.0,1.5,,350.0,350.0,False,563,93.8,-2745.37,0.919,26.47,5077.23,-0.54,41.67,30,72
14,-80.0,-20.0,4.0,2.0,1.35,0.0,0.0,True,260,43.3,-560.39,0.974,35.77,3572.86,-0.16,44.44,32,72
14,-80.0,-20.0,4.0,2.0,1.35,200.0,250.0,True,191,31.8,-70.05,0.995,36.13,1890.62,-0.04,47.22,34,72
14,-80.0,-20.0,4.0,2.0,1.35,250.0,250.0,True,208,34.7,-639.0,0.958,35.58,2492.78,-0.26,43.06,31,72
14,-80.0,-20.0,4.0,2.0,1.35,350.0,350.0,True,234,39.0,-1837.49,0.901,35.04,3672.61,-0.5,41.67,30,72
14,-80.0,-20.0,4.0,2.0,1.4,0.0,0.0,True,286,47.7,-155.34,0.993,36.01,3361.32,-0.05,50.0,36,72
14,-80.0,-20.0,4.0,2.0,1.4,200.0,250.0,True,202,33.7,826.1,1.059,37.13,1498.11,0.55,52.78,38,72
14,-80.0,-20.0,4.0,2.0,1.4,250.0,250.0,True,221,36.8,2.73,1.0,36.2,2277.11,0.0,48.61,35,72
14,-80.0,-20.0,4.0,2.0,1.4,350.0,350.0,True,256,42.7,-721.36,0.963,35.94,3355.86,-0.21,50.0,36,72
14,-80.0,-20.0,4.0,2.0,1.45,0.0,0.0,True,313,52.2,-1943.82,0.927,35.14,4607.09,-0.42,48.61,35,72
14,-80.0,-20.0,4.0,2.0,1.45,200.0,250.0,True,217,36.2,137.29,1.009,36.41,1498.11,0.09,51.39,37,72
14,-80.0,-20.0,4.0,2.0,1.45,250.0,250.0,True,232,38.7,-386.83,0.977,35.78,2302.49,-0.17,48.61,35,72
14,-80.0,-20.0,4.0,2.0,1.45,350.0,350.0,True,262,43.7,-1737.61,0.914,35.11,3417.51,-0.51,50.0,36,72
14,-80.0,-20.0,4.0,2.0,,0.0,0.0,False,847,141.2,-3373.39,0.955,33.29,9504.78,-0.35,43.06,31,72
14,-80.0,-20.0,4.0,2.0,,200.0,250.0,False,262,43.7,-3670.79,0.808,29.39,4283.99,-0.86,43.06,31,72
14,-80.0,-20.0,4.0,2.0,,250.0,250.0,False,318,53.0,-5174.31,0.781,29.25,5532.63,-0.94,37.5,27,72
14,-80.0,-20.0,4.0,2.0,,350.0,350.0,False,477,79.5,-1051.33,0.97,33.75,2356.99,-0.45,47.22,34,72
14,-80.0,-20.0,4.5,1.5,1.35,0.0,0.0,True,274,45.7,-917.3,0.952,27.01,2540.46,-0.36,45.83,33,72
14,-80.0,-20.0,4.5,1.5,1.35,200.0,250.0,True,214,35.7,-1003.78,0.926,26.64,2105.67,-0.48,44.44,32,72
14,-80.0,-20.0,4.5,1.5,1.35,250.0,250.0,True,226,37.7,-547.89,0.962,27.43,2264.79,-0.24,44.44,32,72
14,-80.0,-20.0,4.5,1.5,1.35,350.0,350.0,True,250,41.7,-674.18,0.959,27.6,2249.33,-0.3,45.83,33,72
14,-80.0,-20.0,4.5,1.5,1.4,0.0,0.0,True,299,49.8,-1028.87,0.951,26.76,2387.23,-0.43,48.61,35,72
14,-80.0,-20.0,4.5,1.5,1.4,200.0,250.0,True,229,38.2,-570.91,0.96,27.07,1912.8,-0.3,48.61,35,72
14,-80.0,-20.0,4.5,1.5,1.4,250.0,250.0,True,243,40.5,-748.4,0.951,27.16,2159.9,-0.35,47.22,34,72
14,-80.0,-20.0,4.5,1.5,1.4,350.0,350.0,True,273,45.5,-1686.98,0.906,26.37,2389.34,-0.71,47.22,34,72
14,-80.0,-20.0,4.5,1.5,1.45,0.0,0.0,True,332,55.3,-1868.96,0.921,26.51,3081.32,-0.61,45.83,33,72
14,-80.0,-20.0,4.5,1.5,1.45,200.0,250.0,True,244,40.7,-628.11,0.959,27.46,1930.8,-0.33,48.61,35,72
14,-80.0,-20.0,4.5,1.5,1.45,250.0,250.0,True,257,42.8,-70.76,0.996,28.02,2063.26,-0.03,48.61,35,72
14,-80.0,-20.0,4.5,1.5,1.45,350.0,350.0,True,291,48.5,-1226.64,0.934,26.8,2324.23,-0.53,45.83,33,72
14,-80.0,-20.0,4.5,1.5,,0.0,0.0,False,954,159.0,-3046.89,0.957,25.05,8603.52,-0.35,38.89,28,72
14,-80.0,-20.0,4.5,1.5,,200.0,250.0,False,309,51.5,102.15,1.005,25.24,3339.81,0.03,47.22,34,72
14,-80.0,-20.0,4.5,1.5,,250.0,250.0,False,343,57.2,-450.49,0.978,24.49,3339.81,-0.13,43.06,31,72
14,-80.0,-20.0,4.5,1.5,,350.0,350.0,False,510,85.0,-1989.99,0.936,24.51,3771.02,-0.53,40.28,29,72
14,-80.0,-20.0,4.5,2.0,1.35,0.0,0.0,True,260,43.3,-1278.09,0.944,33.46,3684.99,-0.35,44.44,32,72
14,-80.0,-20.0,4.5,2.0,1.35,200.0,250.0,True,185,30.8,-333.26,0.976,33.51,2374.4,-0.14,47.22,34,72
14,-80.0,-20.0,4.5,2.0,1.35,250.0,250.0,True,194,32.3,519.32,1.036,34.54,2374.4,0.22,47.22,34,72
14,-80.0,-20.0,4.5,2.0,1.35,350.0,350.0,True,229,38.2,-1136.44,0.938,33.62,3578.66,-0.32,43.06,31,72
14,-80.0,-20.0,4.5,2.0,1.4,0.0,0.0,True,285,47.5,-1193.6,0.951,33.33,3652.87,-0.33,47.22,34,72
14,-80.0,-20.0,4.5,2.0,1.4,200.0,250.0,True,194,32.3,610.43,1.043,34.54,1950.66,0.31,52.78,38,72
14,-80.0,-20.0,4.5,2.0,1.4,250.0,250.0,True,205,34.2,1484.2,1.102,35.61,1950.66,0.76,52.78,38,72
14,-80.0,-20.0,4.5,2.0,1.4,350.0,350.0,True,248,41.3,-936.93,0.952,33.47,3544.68,-0.26,47.22,34,72
14,-80.0,-20.0,4.5,2.0,1.45,0.0,0.0,True,312,52.0,-2814.73,0.898,32.69,4782.43,-0.59,47.22,34,72
14,-80.0,-20.0,4.5,2.0,1.45,200.0,250.0,True,212,35.3,249.1,1.016,34.43,1950.66,0.13,50.0,36,72
14,-80.0,-20.0,4.5,2.0,1.45,250.0,250.0,True,226,37.7,941.78,1.058,34.96,1950.66,0.48,50.0,36,72
14,-80.0,-20.0,4.5,2.0,1.45,350.0,350.0,True,256,42.7,-1436.81,0.929,33.2,3580.95,-0.4,47.22,34,72
14,-80.0,-20.0,4.5,2.0,,0.0,0.0,False,807,134.5,-4618.01,0.938,30.73,8970.09,-0.51,40.28,29,72
14,-80.0,-20.0,4.5,2.0,,200.0,250.0,False,239,39.8,-1361.56,0.923,29.29,2806.98,-0.49,47.22,34,72
14,-80.0,-20.0,4.5,2.0,,250.0,250.0,False,272,45.3,-3533.39,0.832,27.57,5145.64,-0.69,40.28,29,72
14,-80.0,-20.0,4.5,2.0,,350.0,350.0,False,448,74.7,-2593.76,0.923,30.36,3672.12,-0.71,40.28,29,72
14,-85.0,-15.0,3.0,1.5,1.35,0.0,0.0,True,237,39.5,-1390.03,0.912,33.76,2703.06,-0.51,37.5,27,72
14,-85.0,-15.0,3.0,1.5,1.35,200.0,250.0,True,202,33.7,-2034.42,0.838,34.16,3388.25,-0.6,41.67,30,72
14,-85.0,-15.0,3.0,1.5,1.35,250.0,250.0,True,215,35.8,-2518.18,0.814,32.56,3714.04,-0.68,40.28,29,72
14,-85.0,-15.0,3.0,1.5,1.35,350.0,350.0,True,228,38.0,-2229.73,0.845,33.33,3406.16,-0.65,37.5,27,72
14,-85.0,-15.0,3.0,1.5,1.4,0.0,0.0,True,260,43.3,-1120.39,0.935,33.46,3228.4,-0.35,37.5,27,72
14,-85.0,-15.0,3.0,1.5,1.4,200.0,250.0,True,226,37.7,-2972.65,0.79,32.74,3921.79,-0.76,40.28,29,72
14,-85.0,-15.0,3.0,1.5,1.4,250.0,250.0,True,237,39.5,-3097.12,0.792,32.07,4273.55,-0.72,38.89,28,72
14,-85.0,-15.0,3.0,1.5,1.4,350.0,350.0,True,249,41.5,-2639.1,0.832,32.93,3931.5,-0.67,36.11,26,72
14,-85.0,-15.0,3.0,1.5,1.45,0.0,0.0,True,290,48.3,-1158.67,0.939,33.79,3380.73,-0.34,38.89,28,72
14,-85.0,-15.0,3.0,1.5,1.45,200.0,250.0,True,239,39.8,-1497.01,0.895,35.15,2545.75,-0.59,45.83,33,72
14,-85.0,-15.0,3.0,1.5,1.45,250.0,250.0,True,254,42.3,-2267.64,0.854,33.46,3365.23,-0.67,41.67,30,72
14,-85.0,-15.0,3.0,1.5,1.45,350.0,350.0,True,270,45.0,-2415.8,0.857,33.7,3526.9,-0.68,38.89,28,72
14,-85.0,-15.0,3.0,1.5,,0.0,0.0,False,957,159.5,-5856.97,0.908,32.29,11382.54,-0.51,43.06,31,72
14,-85.0,-15.0,3.0,1.5,,200.0,250.0,False,355,59.2,-3862.53,0.81,28.73,6291.87,-0.61,44.44,32,72
14,-85.0,-15.0,3.0,1.5,,250.0,250.0,False,388,64.7,-3929.35,0.822,29.38,6023.13,-0.65,41.67,30,72
14,-85.0,-15.0,3.0,1.5,,350.0,350.0,False,635,105.8,-2830.4,0.922,32.44,5132.14,-0.55,41.67,30,72
14,-85.0,-15.0,3.0,2.0,1.35,0.0,0.0,True,229,38.2,0.08,1.0,40.61,3528.52,0.0,45.83,33,72
14,-85.0,-15.0,3.0,2.0,1.35,200.0,250.0,True,180,30.0,-1731.12,0.868,40.0,2804.69,-0.62,45.83,33,72
14,-85.0,-15.0,3.0,2.0,1.35,250.0,250.0,True,192,32.0,-2244.21,0.841,39.06,2927.7,-0.77,43.06,31,72
14,-85.0,-15.0,3.0,2.0,1.35,350.0,350.0,True,212,35.3,-1692.35,0.894,39.62,3569.02,-0.47,44.44,32,72
14,-85.0,-15.0,3.0,2.0,1.4,0.0,0.0,True,252,42.0,176.08,1.009,40.08,4108.28,0.04,44.44,32,72
14,-85.0,-15.0,3.0,2.0,1.4,200.0,250.0,True,198,33.0,-2108.86,0.853,39.39,2960.83,-0.71,44.44,32,72
14,-85.0,-15.0,3.0,2.0,1.4,250.0,250.0,True,209,34.8,-2826.1,0.816,38.28,3396.87,-0.83,41.67,30,72
14,-85.0,-15.0,3.0,2.0,1.4,350.0,350.0,True,237,39.5,-2364.85,0.867,38.82,4241.52,-0.56,43.06,31,72
14,-85.0,-15.0,3.0,2.0,1.45,0.0,0.0,True,277,46.2,-196.08,0.991,40.07,4674.96,-0.04,40.28,29,72
14,-85.0,-15.0,3.0,2.0,1.45,200.0,250.0,True,208,34.7,-1511.65,0.896,40.38,2588.6,-0.58,44.44,32,72
14,-85.0,-15.0,3.0,2.0,1.45,250.0,250.0,True,220,36.7,-2594.67,0.837,38.64,3080.28,-0.84,40.28,29,72
14,-85.0,-15.0,3.0,2.0,1.45,350.0,350.0,True,256,42.7,-1998.04,0.895,39.84,3789.55,-0.53,40.28,29,72
14,-85.0,-15.0,3.0,2.0,,0.0,0.0,False,829,138.2,-8043.78,0.881,38.12,13912.71,-0.58,36.11,26,72
14,-85.0,-15.0,3.0,2.0,,200.0,250.0,False,292,48.7,-3192.22,0.844,36.99,5406.09,-0.59,43.06,31,72
14,-85.0,-15.0,3.0,2.0,,250.0,250.0,False,329,54.8,-2453.03,0.892,38.3,4915.7,-0.5,40.28,29,72
14,-85.0,-15.0,3.0,2.0,,350.0,350.0,False,495,82.5,-4200.79,0.878,37.37,7249.65,-0.58,41.67,30,72
14,-85.0,-15.0,3.5,1.5,1.35,0.0,0.0,True,234,39.0,317.34,1.02,32.48,1927.72,0.16,41.67,30,72
14,-85.0,-15.0,3.5,1.5,1.35,200.0,250.0,True,197,32.8,-774.09,0.937,32.49,2323.13,-0.33,44.44,32,72
14,-85.0,-15.0,3.5,1.5,1.35,250.0,250.0,True,206,34.3,-1268.86,0.903,32.04,2624.33,-0.48,41.67,30,72
14,-85.0,-15.0,3.5,1.5,1.35,350.0,350.0,True,224,37.3,-1061.95,0.927,31.7,2648.08,-0.4,40.28,29,72
14,-85.0,-15.0,3.5,1.5,1.4,0.0,0.0,True,257,42.8,866.34,1.05,32.3,2438.41,0.36,40.28,29,72
14,-85.0,-15.0,3.5,1.5,1.4,200.0,250.0,True,219,36.5,-1420.67,0.896,31.51,2833.82,-0.5,43.06,31,72
14,-85.0,-15.0,3.5,1.5,1.4,250.0,250.0,True,230,38.3,-1890.1,0.871,31.3,3135.02,-0.6,40.28,29,72
14,-85.0,-15.0,3.5,1.5,1.4,350.0,350.0,True,244,40.7,-1569.97,0.901,31.15,3158.77,-0.5,38.89,28,72
14,-85.0,-15.0,3.5,1.5,1.45,0.0,0.0,True,286,47.7,694.03,1.036,32.17,2767.57,0.25,43.06,31,72
14,-85.0,-15.0,3.5,1.5,1.45,200.0,250.0,True,222,37.0,194.06,1.015,33.78,1906.97,0.1,50.0,36,72
14,-85.0,-15.0,3.5,1.5,1.45,250.0,250.0,True,242,40.3,-867.59,0.942,32.64,2296.72,-0.38,45.83,33,72
14,-85.0,-15.0,3.5,1.5,1.45,350.0,350.0,True,263,43.8,-1154.64,0.931,31.56,2541.86,-0.45,44.44,32,72
14,-85.0,-15.0,3.5,1.5,,0.0,0.0,False,923,153.8,-3697.87,0.942,29.9,9402.81,-0.39,47.22,34,72
14,-85.0,-15.0,3.5,1.5,,200.0,250.0,False,351,58.5,-3029.89,0.854,26.78,5276.97,-0.57,44.44,32,72
14,-85.0,-15.0,3.5,1.5,,250.0,250.0,False,378,63.0,-3415.19,0.85,27.25,4800.68,-0.71,41.67,30,72
14,-85.0,-15.0,3.5,1.5,,350.0,350.0,False,593,98.8,-1291.08,0.963,30.02,4258.42,-0.3,50.0,36,72
14,-85.0,-15.0,3.5,2.0,1.35,0.0,0.0,True,224,37.3,1186.6,1.065,39.29,2714.24,0.44,44.44,32,72
14,-85.0,-15.0,3.5,2.0,1.35,200.0,250.0,True,174,29.0,148.0,1.012,39.08,1987.12,0.07,47.22,34,72
14,-85.0,-15.0,3.5,2.0,1.35,250.0,250.0,True,181,30.2,-237.32,0.982,38.67,1987.12,-0.12,45.83,33,72
14,-85.0,-15.0,3.5,2.0,1.35,350.0,350.0,True,205,34.2,262.3,1.017,38.54,2369.74,0.11,44.44,32,72
14,-85.0,-15.0,3.5,2.0,1.4,0.0,0.0,True,247,41.2,1680.42,1.085,38.87,3111.85,0.54,44.44,32,72
14,-85.0,-15.0,3.5,2.0,1.4,200.0,250.0,True,190,31.7,-184.82,0.987,38.42,2083.53,-0.09,47.22,34,72
14,-85.0,-15.0,3.5,2.0,1.4,250.0,250.0,True,200,33.3,-340.57,0.977,38.5,2271.9,-0.15,45.83,33,72
14,-85.0,-15.0,3.5,2.0,1.4,350.0,350.0,True,227,37.8,-255.74,0.985,37.89,2767.35,-0.09,44.44,32,72
14,-85.0,-15.0,3.5,2.0,1.45,0.0,0.0,True,271,45.2,1229.15,1.056,38.38,3608.68,0.34,38.89,28,72
14,-85.0,-15.0,3.5,2.0,1.45,200.0,250.0,True,205,34.2,154.72,1.011,38.54,2023.24,0.08,44.44,32,72
14,-85.0,-15.0,3.5,2.0,1.45,250.0,250.0,True,218,36.3,-321.92,0.979,38.07,2509.75,-0.13,41.67,30,72
14,-85.0,-15.0,3.5,2.0,1.45,350.0,350.0,True,245,40.8,-255.75,0.986,37.55,2723.3,-0.09,41.67,30,72
14,-85.0,-15.0,3.5,2.0,,0.0,0.0,False,796,132.7,-6168.62,0.909,35.18,11993.78,-0.51,36.11,26,72
14,-85.0,-15.0,3.5,2.0,,200.0,250.0,False,280,46.7,-4002.81,0.804,31.07,6736.74,-0.59,40.28,29,72
14,-85.0,-15.0,3.5,2.0,,250.0,250.0,False,301,50.2,-5006.91,0.781,31.23,6156.26,-0.81,34.72,25,72
14,-85.0,-15.0,3.5,2.0,,350.0,350.0,False,480,80.0,-3749.73,0.893,34.38,6612.93,-0.57,40.28,29,72
14,-85.0,-15.0,4.0,1.5,1.35,0.0,0.0,True,230,38.3,1555.12,1.097,30.43,1618.73,0.96,45.83,33,72
14,-85.0,-15.0,4.0,1.5,1.35,200.0,250.0,True,185,30.8,208.77,1.018,30.81,1673.23,0.12,50.0,36,72
14,-85.0,-15.0,4.0,1.5,1.35,250.0,250.0,True,195,32.5,80.8,1.007,30.77,1884.62,0.04,48.61,35,72
14,-85.0,-15.0,4.0,1.5,1.35,350.0,350.0,True,217,36.2,-1320.8,0.909,29.03,2539.15,-0.52,44.44,32,72
14,-85.0,-15.0,4.0,1.5,1.4,0.0,0.0,True,252,42.0,1374.74,1.079,30.16,1954.31,0.7,45.83,33,72
14,-85.0,-15.0,4.0,1.5,1.4,200.0,250.0,True,203,33.8,132.87,1.01,30.54,1935.53,0.07,50.0,36,72
14,-85.0,-15.0,4.0,1.5,1.4,250.0,250.0,True,216,36.0,67.26,1.005,30.56,2372.46,0.03,48.61,35,72
14,-85.0,-15.0,4.0,1.5,1.4,350.0,350.0,True,238,39.7,-1424.43,0.91,28.99,3026.99,-0.47,44.44,32,72
14,-85.0,-15.0,4.0,1.5,1.45,0.0,0.0,True,281,46.8,1407.29,1.073,30.25,2053.15,0.69,50.0,36,72
14,-85.0,-15.0,4.0,1.5,1.45,200.0,250.0,True,210,35.0,1153.78,1.091,31.9,1490.45,0.77,52.78,38,72
14,-85.0,-15.0,4.0,1.5,1.45,250.0,250.0,True,221,36.8,1941.31,1.148,33.03,1490.45,1.3,52.78,38,72
14,-85.0,-15.0,4.0,1.5,1.45,350.0,350.0,True,258,43.0,-656.29,0.961,29.84,2504.93,-0.26,50.0,36,72
14,-85.0,-15.0,4.0,1.5,,0.0,0.0,False,888,148.0,-1272.19,0.98,27.93,7481.57,-0.17,41.67,30,72
14,-85.0,-15.0,4.0,1.5,,200.0,250.0,False,335,55.8,-2246.79,0.889,25.07,4551.31,-0.49,41.67,30,72
14,-85.0,-15.0,4.0,1.5,,250.0,250.0,False,360,60.0,-1599.88,0.926,26.11,4611.36,-0.35,40.28,29,72
14,-85.0,-15.0,4.0,1.5,,350.0,350.0,False,586,97.7,-2678.35,0.925,26.62,5545.85,-0.48,41.67,30,72
14,-85.0,-15.0,4.0,2.0,1.35,0.0,0.0,True,219,36.5,1393.81,1.076,36.99,2115.7,0.66,47.22,34,72
14,-85.0,-15.0,4.0,2.0,1.35,200.0,250.0,True,154,25.7,-63.72,0.995,37.66,1835.87,-0.03,52.78,38,72
14,-85.0,-15.0,4.0,2.0,1.35,250.0,250.0,True,172,28.7,-856.35,0.936,36.63,2411.0,-0.36,50.0,36,72
14,-85.0,-15.0,4.0,2.0,1.35,350.0,350.0,True,199,33.2,-725.72,0.956,36.18,3047.42,-0.24,47.22,34,72
14,-85.0,-15.0,4.0,2.0,1.4,0.0,0.0,True,240,40.0,862.99,1.043,36.25,2786.6,0.31,47.22,34,72
14,-85.0,-15.0,4.0,2.0,1.4,200.0,250.0,True,166,27.7,70.37,1.006,37.95,2036.21,0.03,54.17,39,72
14,-85.0,-15.0,4.0,2.0,1.4,250.0,250.0,True,185,30.8,-920.59,0.936,36.76,2842.66,-0.32,50.0,36,72
14,-85.0,-15.0,4.0,2.0,1.4,350.0,350.0,True,222,37.0,-1423.17,0.922,35.14,3688.58,-0.39,47.22,34,72
14,-85.0,-15.0,4.0,2.0,1.45,0.0,0.0,True,262,43.7,660.7,1.03,36.26,3125.98,0.21,44.44,32,72
14,-85.0,-15.0,4.0,2.0,1.45,200.0,250.0,True,179,29.8,274.79,1.021,37.99,2048.12,0.13,52.78,38,72
14,-85.0,-15.0,4.0,2.0,1.45,250.0,250.0,True,198,33.0,-40.04,0.997,37.88,2860.61,-0.01,50.0,36,72
14,-85.0,-15.0,4.0,2.0,1.45,350.0,350.0,True,235,39.2,-789.62,0.958,36.17,3664.99,-0.22,47.22,34,72
14,-85.0,-15.0,4.0,2.0,,0.0,0.0,False,762,127.0,-4794.7,0.929,33.07,10329.54,-0.46,37.5,27,72
14,-85.0,-15.0,4.0,2.0,,200.0,250.0,False,246,41.0,-2430.78,0.867,30.49,3243.03,-0.75,44.44,32,72
14,-85.0,-15.0,4.0,2.0,,250.0,250.0,False,270,45.0,-3432.73,0.833,30.37,4139.49,-0.83,38.89,28,72
14,-85.0,-15.0,4.0,2.0,,350.0,350.0,False,431,71.8,-6121.19,0.818,30.16,7536.12,-0.81,37.5,27,72
14,-85.0,-15.0,4.5,1.5,1.35,0.0,0.0,True,228,38.0,155.77,1.009,26.32,2115.76,0.07,47.22,34,72
14,-85.0,-15.0,4.5,1.5,1.35,200.0,250.0,True,177,29.5,-546.81,0.954,26.55,1895.45,-0.29,48.61,35,72
14,-85.0,-15.0,4.5,1.5,1.35,250.0,250.0,True,191,31.8,-962.44,0.924,26.18,2512.31,-0.38,47.22,34,72
14,-85.0,-15.0,4.5,1.5,1.35,350.0,350.0,True,208,34.7,-1716.12,0.88,25.48,3195.2,-0.54,44.44,32,72
14,-85.0,-15.0,4.5,1.5,1.4,0.0,0.0,True,249,41.5,-120.85,0.993,26.1,2580.75,-0.05,44.44,32,72
14,-85.0,-15.0,4.5,1.5,1.4,200.0,250.0,True,194,32.3,-887.98,0.931,26.29,2182.13,-0.41,45.83,33,72
14,-85.0,-15.0,4.5,1.5,1.4,250.0,250.0,True,209,34.8,-1413.61,0.899,25.84,2908.99,-0.49,44.44,32,72
14,-85.0,-15.0,4.5,1.5,1.4,350.0,350.0,True,230,38.3,-2083.51,0.868,25.22,3660.19,-0.57,41.67,30,72
14,-85.0,-15.0,4.5,1.5,1.45,0.0,0.0,True,278,46.3,168.74,1.008,26.62,2552.45,0.07,48.61,35,72
14,-85.0,-15.0,4.5,1.5,1.45,200.0,250.0,True,198,33.0,-221.94,0.983,27.27,1789.58,-0.12,50.0,36,72
14,-85.0,-15.0,4.5,1.5,1.45,250.0,250.0,True,216,36.0,109.12,1.008,27.78,1901.11,0.06,48.61,35,72
14,-85.0,-15.0,4.5,1.5,1.45,350.0,350.0,True,243,40.5,-421.75,0.974,27.16,2563.71,-0.16,45.83,33,72
14,-85.0,-15.0,4.5,1.5,,0.0,0.0,False,849,141.5,-682.56,0.989,25.8,7555.98,-0.09,41.67,30,72
14,-85.0,-15.0,4.5,1.5,,200.0,250.0,False,301,50.2,52.84,1.003,24.58,3249.13,0.02,50.0,36,72
14,-85.0,-15.0,4.5,1.5,,250.0,250.0,False,355,59.2,-482.27,0.977,24.23,4000.83,-0.12,44.44,32,72
14,-85.0,-15.0,4.5,1.5,,350.0,350.0,False,527,87.8,-1005.31,0.969,25.05,4304.73,-0.23,48.61,35,72
14,-85.0,-15.0,4.5,2.0,1.35,0.0,0.0,True,217,36.2,-157.32,0.992,32.72,2792.51,-0.06,47.22,34,72
14,-85.0,-15.0,4.5,2.0,1.35,200.0,250.0,True,152,25.3,-959.41,0.921,32.89,2331.51,-0.41,48.61,35,72
14,-85.0,-15.0,4.5,2.0,1.35,250.0,250.0,True,162,27.0,-1153.69,0.911,32.72,2556.03,-0.45,47.22,34,72
14,-85.0,-15.0,4.5,2.0,1.35,350.0,350.0,True,189,31.5,-1550.7,0.902,32.28,3453.88,-0.45,47.22,34,72
14,-85.0,-15.0,4.5,2.0,1.4,0.0,0.0,True,237,39.5,-782.55,0.963,32.07,3439.6,-0.23,47.22,34,72
14,-85.0,-15.0,4.5,2.0,1.4,200.0,250.0,True,162,27.0,-966.09,0.925,33.33,2531.85,-0.38,50.0,36,72
14,-85.0,-15.0,4.5,2.0,1.4,250.0,250.0,True,173,28.8,-1306.0,0.906,32.95,3097.29,-0.42,48.61,35,72
14,-85.0,-15.0,4.5,2.0,1.4,350.0,350.0,True,206,34.3,-2341.39,0.866,31.55,4100.97,-0.57,47.22,34,72
14,-85.0,-15.0,4.5,2.0,1.45,0.0,0.0,True,259,43.2,-758.59,0.967,32.43,3662.3,-0.21,44.44,32,72
14,-85.0,-15.0,4.5,2.0,1.45,200.0,250.0,True,171,28.5,-777.57,0.942,33.33,2511.35,-0.31,47.22,34,72
14,-85.0,-15.0,4.5,2.0,1.45,250.0,250.0,True,184,30.7,89.67,1.006,34.78,2511.35,0.04,47.22,34,72
14,-85.0,-15.0,4.5,2.0,1.45,350.0,350.0,True,215,35.8,-1236.33,0.93,33.02,3485.24,-0.35,47.22,34,72
14,-85.0,-15.0,4.5,2.0,,0.0,0.0,False,730,121.7,-6152.44,0.909,29.86,11492.1,-0.54,34.72,25,72
14,-85.0,-15.0,4.5,2.0,,200.0,250.0,False,202,33.7,-972.98,0.937,29.7,2330.26,-0.42,48.61,35,72
14,-85.0,-15.0,4.5,2.0,,250.0,250.0,False,250,41.7,-2314.06,0.882,28.8,3170.18,-0.73,41.67,30,72
14,-85.0,-15.0,4.5,2.0,,350.0,350.0,False,380,63.3,-3113.56,0.896,28.95,4862.07,-0.64,41.67,30,72
20,-80.0,-20.0,3.0,1.5,1.35,0.0,0.0,True,239,39.8,-204.92,0.986,33.47,1978.55,-0.1,41.67,30,72
20,-80.0,-20.0,3.0,1.5,1.35,200.0,250.0,True,212,35.3,418.63,1.034,34.43,1914.65,0.22,44.44,32,72
20,-80.0,-20.0,3.0,1.5,1.35,250.0,250.0,True,219,36.5,-75.11,0.994,33.79,1788.2,-0.04,43.06,31,72
20,-80.0,-20.0,3.0,1.5,1.35,350.0,350.0,True,231,38.5,-221.01,0.984,33.77,1853.02,-0.12,43.06,31,72
20,-80.0,-20.0,3.0,1.5,1.4,0.0,0.0,True,261,43.5,-390.04,0.975,33.33,2317.57,-0.17,41.67,30,72
20,-80.0,-20.0,3.0,1.5,1.4,200.0,250.0,True,228,38.0,32.82,1.003,33.77,2101.51,0.02,44.44,32,72
20,-80.0,-20.0,3.0,1.5,1.4,250.0,250.0,True,236,39.3,-246.42,0.982,33.47,2101.51,-0.12,44.44,32,72
20,-80.0,-20.0,3.0,1.5,1.4,350.0,350.0,True,252,42.0,-317.67,0.978,33.73,2033.43,-0.16,44.44,32,72
20,-80.0,-20.0,3.0,1.5,1.45,0.0,0.0,True,284,47.3,-220.88,0.987,33.45,2563.24,-0.09,44.44,32,72
20,-80.0,-20.0,3.0,1.5,1.45,200.0,250.0,True,232,38.7,590.01,1.046,34.91,1949.55,0.3,47.22,34,72
20,-80.0,-20.0,3.0,1.5,1.45,250.0,250.0,True,246,41.0,-12.54,0.999,34.15,2339.53,-0.01,45.83,33,72
20,-80.0,-20.0,3.0,1.5,1.45,350.0,350.0,True,268,44.7,-331.11,0.978,33.96,2123.07,-0.16,45.83,33,72
20,-80.0,-20.0,3.0,1.5,,0.0,0.0,False,854,142.3,-2066.81,0.963,33.49,7440.14,-0.28,44.44,32,72
20,-80.0,-20.0,3.0,1.5,,200.0,250.0,False,422,70.3,-415.31,0.982,33.41,3646.7,-0.11,50.0,36,72
20,-80.0,-20.0,3.0,1.5,,250.0,250.0,False,466,77.7,-914.76,0.964,33.05,3876.77,-0.24,44.44,32,72
20,-80.0,-20.0,3.0,1.5,,350.0,350.0,False,591,98.5,-1958.97,0.942,33.16,4677.78,-0.42,45.83,33,72
20,-80.0,-20.0,3.0,2.0,1.35,0.0,0.0,True,230,38.3,84.67,1.005,41.3,2318.21,0.04,44.44,32,72
20,-80.0,-20.0,3.0,2.0,1.35,200.0,250.0,True,185,30.8,-1126.3,0.911,40.0,1943.66,-0.58,44.44,32,72
20,-80.0,-20.0,3.0,2.0,1.35,250.0,250.0,True,191,31.8,-1692.31,0.874,39.27,2148.29,-0.79,41.67,30,72
20,-80.0,-20.0,3.0,2.0,1.35,350.0,350.0,True,219,36.5,90.63,1.006,41.55,1976.98,0.05,43.06,31,72
20,-80.0,-20.0,3.0,2.0,1.4,0.0,0.0,True,251,41.8,-328.97,0.982,40.64,2467.21,-0.13,45.83,33,72
20,-80.0,-20.0,3.0,2.0,1.4,200.0,250.0,True,199,33.2,-359.45,0.973,41.21,2059.22,-0.17,45.83,33,72
20,-80.0,-20.0,3.0,2.0,1.4,250.0,250.0,True,205,34.2,-898.01,0.936,40.49,2059.22,-0.44,43.06,31,72
20,-80.0,-20.0,3.0,2.0,1.4,350.0,350.0,True,236,39.3,-435.28,0.973,40.68,2113.21,-0.21,44.44,32,72
20,-80.0,-20.0,3.0,2.0,1.45,0.0,0.0,True,270,45.0,-398.6,0.979,40.37,2820.26,-0.14,48.61,35,72
20,-80.0,-20.0,3.0,2.0,1.45,200.0,250.0,True,212,35.3,-349.48,0.975,41.51,2178.99,-0.16,48.61,35,72
20,-80.0,-20.0,3.0,2.0,1.45,250.0,250.0,True,220,36.7,-803.04,0.945,40.91,2178.99,-0.37,45.83,33,72
20,-80.0,-20.0,3.0,2.0,1.45,350.0,350.0,True,248,41.3,-334.9,0.98,40.73,2109.07,-0.16,45.83,33,72
20,-80.0,-20.0,3.0,2.0,,0.0,0.0,False,732,122.0,-3932.52,0.933,39.62,8962.34,-0.44,51.39,37,72
20,-80.0,-20.0,3.0,2.0,,200.0,250.0,False,305,50.8,-199.12,0.99,40.98,3245.3,-0.06,52.78,38,72
20,-80.0,-20.0,3.0,2.0,,250.0,250.0,False,358,59.7,-955.69,0.958,40.5,3049.27,-0.31,47.22,34,72
20,-80.0,-20.0,3.0,2.0,,350.0,350.0,False,516,86.0,-603.81,0.983,41.09,3086.32,-0.2,52.78,38,72
20,-80.0,-20.0,3.5,1.5,1.35,0.0,0.0,True,236,39.3,-135.21,0.991,29.66,2519.24,-0.05,40.28,29,72
20,-80.0,-20.0,3.5,1.5,1.35,200.0,250.0,True,196,32.7,1219.63,1.109,31.63,1843.66,0.66,47.22,34,72
20,-80.0,-20.0,3.5,1.5,1.35,250.0,250.0,True,211,35.2,-270.73,0.979,29.86,2435.62,-0.11,41.67,30,72
20,-80.0,-20.0,3.5,1.5,1.35,350.0,350.0,True,229,38.2,-382.53,0.973,29.69,2519.24,-0.15,40.28,29,72
20,-80.0,-20.0,3.5,1.5,1.4,0.0,0.0,True,257,42.8,-389.65,0.976,29.57,2742.28,-0.14,38.89,28,72
20,-80.0,-20.0,3.5,1.5,1.4,200.0,250.0,True,214,35.7,652.53,1.053,30.84,2026.33,0.32,45.83,33,72
20,-80.0,-20.0,3.5,1.5,1.4,250.0,250.0,True,228,38.0,-985.88,0.929,28.95,2781.06,-0.35,40.28,29,72
20,-80.0,-20.0,3.5,1.5,1.4,350.0,350.0,True,250,41.7,-636.97,0.959,29.6,2624.62,-0.24,40.28,29,72
20,-80.0,-20.0,3.5,1.5,1.45,0.0,0.0,True,280,46.7,-83.66,0.995,29.64,3140.19,-0.03,43.06,31,72
20,-80.0,-20.0,3.5,1.5,1.45,200.0,250.0,True,223,37.2,580.4,1.046,30.49,2518.06,0.23,48.61,35,72
20,-80.0,-20.0,3.5,1.5,1.45,250.0,250.0,True,237,39.5,-759.09,0.947,29.11,3272.79,-0.23,43.06,31,72
20,-80.0,-20.0,3.5,1.5,1.45,350.0,350.0,True,261,43.5,-447.99,0.972,29.89,2951.01,-0.15,43.06,31,72
20,-80.0,-20.0,3.5,1.5,,0.0,0.0,False,812,135.3,347.03,1.006,30.67,6167.03,0.06,50.0,36,72
20,-80.0,-20.0,3.5,1.5,,200.0,250.0,False,371,61.8,316.5,1.015,30.19,4065.91,0.08,50.0,36,72
20,-80.0,-20.0,3.5,1.5,,250.0,250.0,False,387,64.5,987.48,1.045,31.01,3842.9,0.26,48.61,35,72
20,-80.0,-20.0,3.5,1.5,,350.0,350.0,False,559,93.2,91.11,1.003,30.77,4368.02,0.02,47.22,34,72
20,-80.0,-20.0,3.5,2.0,1.35,0.0,0.0,True,225,37.5,1447.65,1.087,38.67,1954.14,0.74,52.78,38,72
20,-80.0,-20.0,3.5,2.0,1.35,200.0,250.0,True,171,28.5,651.62,1.056,38.6,1198.4,0.54,50.0,36,72
20,-80.0,-20.0,3.5,2.0,1.35,250.0,250.0,True,184,30.7,-500.29,0.962,36.96,1755.36,-0.29,45.83,33,72
20,-80.0,-20.0,3.5,2.0,1.35,350.0,350.0,True,212,35.3,754.47,1.049,38.21,1760.17,0.43,48.61,35,72
20,-80.0,-20.0,3.5,2.0,1.4,0.0,0.0,True,243,40.5,1057.59,1.059,37.86,2071.71,0.51,52.78,38,72
20,-80.0,-20.0,3.5,2.0,1.4,200.0,250.0,True,182,30.3,1411.24,1.116,39.56,1134.83,1.24,52.78,38,72
20,-80.0,-20.0,3.5,2.0,1.4,250.0,250.0,True,197,32.8,125.52,1.009,37.56,1933.22,0.06,48.61,35,72
20,-80.0,-20.0,3.5,2.0,1.4,350.0,350.0,True,226,37.7,802.1,1.049,38.05,1896.4,0.42,50.0,36,72
20,-80.0,-20.0,3.5,2.0,1.45,0.0,0.0,True,263,43.8,1433.62,1.074,38.02,2498.96,0.57,52.78,38,72
20,-80.0,-20.0,3.5,2.0,1.45,200.0,250.0,True,195,32.5,1596.36,1.125,40.0,1374.57,1.16,52.78,38,72
20,-80.0,-20.0,3.5,2.0,1.45,250.0,250.0,True,210,35.0,431.42,1.03,38.1,2172.96,0.2,48.61,35,72
20,-80.0,-20.0,3.5,2.0,1.45,350.0,350.0,True,235,39.2,1386.87,1.084,38.72,1892.26,0.73,52.78,38,72
20,-80.0,-20.0,3.5,2.0,,0.0,0.0,False,699,116.5,-1200.39,0.98,36.48,7198.05,-0.17,43.06,31,72
20,-80.0,-20.0,3.5,2.0,,200.0,250.0,False,285,47.5,336.18,1.017,38.25,2812.93,0.12,52.78,38,72
20,-80.0,-20.0,3.5,2.0,,250.0,250.0,False,330,55.0,1067.73,1.049,38.48,2937.39,0.36,50.0,36,72
20,-80.0,-20.0,3.5,2.0,,350.0,350.0,False,465,77.5,1113.58,1.034,38.06,3593.05,0.31,48.61,35,72
20,-80.0,-20.0,4.0,1.5,1.35,0.0,0.0,True,234,39.0,592.53,1.039,27.35,2340.29,0.25,47.22,34,72
20,-80.0,-20.0,4.0,1.5,1.35,200.0,250.0,True,194,32.3,1664.94,1.146,28.87,1541.66,1.08,51.39,37,72
20,-80.0,-20.0,4.0,1.5,1.35,250.0,250.0,True,204,34.0,1259.89,1.103,28.43,1949.6,0.65,50.0,36,72
20,-80.0,-20.0,4.0,1.5,1.35,350.0,350.0,True,229,38.2,1.46,1.0,27.07,2340.29,0.0,45.83,33,72
20,-80.0,-20.0,4.0,1.5,1.4,0.0,0.0,True,255,42.5,477.18,1.029,27.45,2335.57,0.2,45.83,33,72
20,-80.0,-20.0,4.0,1.5,1.4,200.0,250.0,True,213,35.5,1597.15,1.128,29.11,1459.73,1.09,50.0,36,72
20,-80.0,-20.0,4.0,1.5,1.4,250.0,250.0,True,224,37.3,886.49,1.066,28.12,1775.24,0.5,47.22,34,72
20,-80.0,-20.0,4.0,1.5,1.4,350.0,350.0,True,250,41.7,-113.89,0.993,27.2,2335.57,-0.05,44.44,32,72
20,-80.0,-20.0,4.0,1.5,1.45,0.0,0.0,True,277,46.2,813.09,1.046,27.44,2864.78,0.28,47.22,34,72
20,-80.0,-20.0,4.0,1.5,1.45,200.0,250.0,True,226,37.7,1530.64,1.116,28.76,1961.02,0.78,50.0,36,72
20,-80.0,-20.0,4.0,1.5,1.45,250.0,250.0,True,236,39.3,1011.97,1.073,27.97,2196.48,0.46,48.61,35,72
20,-80.0,-20.0,4.0,1.5,1.45,350.0,350.0,True,260,43.3,-40.86,0.997,27.31,2703.9,-0.02,45.83,33,72
20,-80.0,-20.0,4.0,1.5,,0.0,0.0,False,787,131.2,1199.78,1.021,28.21,5952.56,0.2,45.83,33,72
20,-80.0,-20.0,4.0,1.5,,200.0,250.0,False,358,59.7,3082.74,1.149,29.33,3639.8,0.85,52.78,38,72
20,-80.0,-20.0,4.0,1.5,,250.0,250.0,False,380,63.3,2431.39,1.11,28.95,3860.74,0.63,50.0,36,72
20,-80.0,-20.0,4.0,1.5,,350.0,350.0,False,563,93.8,1944.49,1.057,28.95,4477.09,0.43,50.0,36,72
20,-80.0,-20.0,4.0,2.0,1.35,0.0,0.0,True,219,36.5,3128.1,1.187,37.44,1844.21,1.7,54.17,39,72
20,-80.0,-20.0,4.0,2.0,1.35,200.0,250.0,True,165,27.5,1303.11,1.112,35.76,1359.42,0.96,51.39,37,72
20,-80.0,-20.0,4.0,2.0,1.35,250.0,250.0,True,178,29.7,1116.85,1.087,35.96,1214.22,0.92,48.61,35,72
20,-80.0,-20.0,4.0,2.0,1.35,350.0,350.0,True,208,34.7,1882.07,1.119,36.54,1826.61,1.03,50.0,36,72
20,-80.0,-20.0,4.0,2.0,1.4,0.0,0.0,True,237,39.5,2876.13,1.159,36.71,1853.29,1.55,52.78,38,72
20,-80.0,-20.0,4.0,2.0,1.4,200.0,250.0,True,177,29.5,2484.78,1.205,37.29,1025.65,2.42,52.78,38,72
20,-80.0,-20.0,4.0,2.0,1.4,250.0,250.0,True,190,31.7,1931.17,1.145,36.84,1281.21,1.51,50.0,36,72
20,-80.0,-20.0,4.0,2.0,1.4,350.0,350.0,True,222,37.0,1789.62,1.107,36.04,1732.78,1.03,48.61,35,72
20,-80.0,-20.0,4.0,2.0,1.45,0.0,0.0,True,255,42.5,3050.76,1.157,36.47,2177.63,1.4,52.78,38,72
20,-80.0,-20.0,4.0,2.0,1.45,200.0,250.0,True,188,31.3,2756.18,1.217,37.77,1383.17,1.99,52.78,38,72
20,-80.0,-20.0,4.0,2.0,1.45,250.0,250.0,True,199,33.2,2096.22,1.151,37.19,1689.11,1.24,50.0,36,72
20,-80.0,-20.0,4.0,2.0,1.45,350.0,350.0,True,228,38.0,1626.7,1.096,35.96,1675.43,0.97,50.0,36,72
20,-80.0,-20.0,4.0,2.0,,0.0,0.0,False,668,111.3,169.81,1.003,34.28,5510.73,0.03,45.83,33,72
20,-80.0,-20.0,4.0,2.0,,200.0,250.0,False,259,43.2,963.01,1.054,35.14,1934.91,0.5,52.78,38,72
20,-80.0,-20.0,4.0,2.0,,250.0,250.0,False,301,50.2,75.2,1.004,34.88,2493.18,0.03,47.22,34,72
20,-80.0,-20.0,4.0,2.0,,350.0,350.0,False,421,70.2,3204.14,1.104,36.34,2463.66,1.3,54.17,39,72
20,-80.0,-20.0,4.5,1.5,1.35,0.0,0.0,True,232,38.7,-355.29,0.978,25.43,2216.55,-0.16,44.44,32,72
20,-80.0,-20.0,4.5,1.5,1.35,200.0,250.0,True,179,29.8,932.08,1.083,26.26,1826.62,0.51,45.83,33,72
20,-80.0,-20.0,4.5,1.5,1.35,250.0,250.0,True,195,32.5,556.18,1.046,26.15,1917.92,0.29,45.83,33,72
20,-80.0,-20.0,4.5,1.5,1.35,350.0,350.0,True,222,37.0,-400.84,0.972,25.68,2216.55,-0.18,44.44,32,72
20,-80.0,-20.0,4.5,1.5,1.4,0.0,0.0,True,252,42.0,-552.67,0.968,25.4,2165.7,-0.26,47.22,34,72
20,-80.0,-20.0,4.5,1.5,1.4,200.0,250.0,True,192,32.0,877.92,1.074,26.56,1775.77,0.49,48.61,35,72
20,-80.0,-20.0,4.5,1.5,1.4,250.0,250.0,True,216,36.0,576.7,1.043,26.39,1675.84,0.34,48.61,35,72
20,-80.0,-20.0,4.5,1.5,1.4,350.0,350.0,True,241,40.2,-529.91,0.966,25.73,2165.7,-0.24,45.83,33,72
20,-80.0,-20.0,4.5,1.5,1.45,0.0,0.0,True,273,45.5,38.08,1.002,25.64,2692.68,0.01,51.39,37,72
20,-80.0,-20.0,4.5,1.5,1.45,200.0,250.0,True,200,33.3,892.46,1.073,26.5,2309.54,0.39,52.78,38,72
20,-80.0,-20.0,4.5,1.5,1.45,250.0,250.0,True,227,37.8,836.01,1.06,26.43,2118.31,0.39,52.78,38,72
20,-80.0,-20.0,4.5,1.5,1.45,350.0,350.0,True,250,41.7,-175.68,0.989,26.0,2560.1,-0.07,50.0,36,72
20,-80.0,-20.0,4.5,1.5,,0.0,0.0,False,759,126.5,-236.55,0.996,26.09,7271.66,-0.03,44.44,32,72
20,-80.0,-20.0,4.5,1.5,,200.0,250.0,False,301,50.2,3964.75,1.22,27.91,2091.07,1.9,55.56,40,72
20,-80.0,-20.0,4.5,1.5,,250.0,250.0,False,358,59.7,3301.53,1.156,26.82,2754.11,1.2,48.61,35,72
20,-80.0,-20.0,4.5,1.5,,350.0,350.0,False,481,80.2,5784.03,1.204,28.07,3770.01,1.53,52.78,38,72
20,-80.0,-20.0,4.5,2.0,1.35,0.0,0.0,True,217,36.2,1095.28,1.061,34.1,2182.85,0.5,50.0,36,72
20,-80.0,-20.0,4.5,2.0,1.35,200.0,250.0,True,152,25.3,2486.27,1.227,35.53,1038.55,2.39,54.17,39,72
20,-80.0,-20.0,4.5,2.0,1.35,250.0,250.0,True,168,28.0,2906.35,1.246,35.71,1038.55,2.8,52.78,38,72
20,-80.0,-20.0,4.5,2.0,1.35,350.0,350.0,True,192,32.0,780.43,1.052,33.85,1909.42,0.41,47.22,34,72
20,-80.0,-20.0,4.5,2.0,1.4,0.0,0.0,True,234,39.0,764.04,1.04,33.33,2298.41,0.33,50.0,36,72
20,-80.0,-20.0,4.5,2.0,1.4,200.0,250.0,True,159,26.5,3313.11,1.298,36.48,1038.55,3.19,52.78,38,72
20,-80.0,-20.0,4.5,2.0,1.4,250.0,250.0,True,176,29.3,3612.65,1.297,36.36,1038.55,3.48,52.78,38,72
20,-80.0,-20.0,4.5,2.0,1.4,350.0,350.0,True,204,34.0,666.19,1.042,33.33,2024.98,0.33,47.22,34,72
20,-80.0,-20.0,4.5,2.0,1.45,0.0,0.0,True,251,41.8,1196.32,1.058,33.47,2647.56,0.45,50.0,36,72
20,-80.0,-20.0,4.5,2.0,1.45,200.0,250.0,True,165,27.5,3804.84,1.336,36.97,1230.99,3.09,54.17,39,72
20,-80.0,-20.0,4.5,2.0,1.45,250.0,250.0,True,185,30.8,3810.36,1.3,36.76,1230.99,3.1,52.78,38,72
20,-80.0,-20.0,4.5,2.0,1.45,350.0,350.0,True,214,35.7,849.26,1.051,33.64,2120.33,0.4,47.22,34,72
20,-80.0,-20.0,4.5,2.0,,0.0,0.0,False,647,107.8,-2598.45,0.957,31.53,6292.86,-0.41,50.0,36,72
20,-80.0,-20.0,4.5,2.0,,200.0,250.0,False,239,39.8,1992.51,1.116,33.05,1679.81,1.19,51.39,37,72
20,-80.0,-20.0,4.5,2.0,,250.0,250.0,False,272,45.3,2344.75,1.12,33.82,1757.51,1.33,48.61,35,72
20,-80.0,-20.0,4.5,2.0,,350.0,350.0,False,391,65.2,2693.03,1.092,32.74,2495.45,1.08,51.39,37,72
20,-85.0,-15.0,3.0,1.5,1.35,0.0,0.0,True,187,31.2,592.03,1.051,33.16,2119.37,0.28,36.11,26,72
20,-85.0,-15.0,3.0,1.5,1.35,200.0,250.0,True,174,29.0,-1153.13,0.892,31.61,2289.96,-0.5,36.11,26,72
20,-85.0,-15.0,3.0,1.5,1.35,250.0,250.0,True,176,29.3,-1382.47,0.873,31.25,2519.3,-0.55,34.72,25,72
20,-85.0,-15.0,3.0,1.5,1.35,350.0,350.0,True,178,29.7,-1144.17,0.895,32.02,2281.0,-0.5,34.72,25,72
20,-85.0,-15.0,3.0,1.5,1.4,0.0,0.0,True,204,34.0,-34.78,0.997,32.35,2900.08,-0.01,36.11,26,72
20,-85.0,-15.0,3.0,1.5,1.4,200.0,250.0,True,188,31.3,-1890.59,0.838,30.85,3027.42,-0.62,34.72,25,72
20,-85.0,-15.0,3.0,1.5,1.4,250.0,250.0,True,191,31.8,-1966.03,0.835,30.89,3102.86,-0.63,34.72,25,72
20,-85.0,-15.0,3.0,1.5,1.4,350.0,350.0,True,195,32.5,-1770.98,0.853,31.28,2907.81,-0.61,34.72,25,72
20,-85.0,-15.0,3.0,1.5,1.45,0.0,0.0,True,235,39.2,-695.79,0.954,32.34,3786.24,-0.18,37.5,27,72
20,-85.0,-15.0,3.0,1.5,1.45,200.0,250.0,True,197,32.8,-1436.65,0.879,31.47,2536.85,-0.57,37.5,27,72
20,-85.0,-15.0,3.0,1.5,1.45,250.0,250.0,True,202,33.7,-1668.38,0.864,31.19,2768.58,-0.6,37.5,27,72
20,-85.0,-15.0,3.0,1.5,1.45,350.0,350.0,True,219,36.5,-2365.66,0.83,31.51,3465.86,-0.68,36.11,26,72
20,-85.0,-15.0,3.0,1.5,,0.0,0.0,False,726,121.0,-3062.16,0.937,32.92,8347.2,-0.37,44.44,32,72
20,-85.0,-15.0,3.0,1.5,,200.0,250.0,False,373,62.2,-225.58,0.989,32.71,2995.55,-0.08,50.0,36,72
20,-85.0,-15.0,3.0,1.5,,250.0,250.0,False,412,68.7,-464.52,0.979,33.01,3096.07,-0.15,47.22,34,72
20,-85.0,-15.0,3.0,1.5,,350.0,350.0,False,525,87.5,-1568.66,0.947,32.76,4713.4,-0.33,45.83,33,72
20,-85.0,-15.0,3.0,2.0,1.35,0.0,0.0,True,180,30.0,1585.8,1.12,41.11,2573.16,0.62,40.28,29,72
20,-85.0,-15.0,3.0,2.0,1.35,200.0,250.0,True,152,25.3,396.69,1.038,40.13,2054.01,0.19,40.28,29,72
20,-85.0,-15.0,3.0,2.0,1.35,250.0,250.0,True,159,26.5,-139.95,0.987,38.99,2368.11,-0.06,38.89,28,72
20,-85.0,-15.0,3.0,2.0,1.35,350.0,350.0,True,169,28.2,122.08,1.01,40.24,2197.32,0.06,40.28,29,72
20,-85.0,-15.0,3.0,2.0,1.4,0.0,0.0,True,197,32.8,1250.69,1.086,40.61,2973.86,0.42,43.06,31,72
20,-85.0,-15.0,3.0,2.0,1.4,200.0,250.0,True,162,27.0,326.44,1.029,40.12,2333.49,0.14,43.06,31,72
20,-85.0,-15.0,3.0,2.0,1.4,250.0,250.0,True,171,28.5,76.6,1.006,39.77,2433.51,0.03,43.06,31,72
20,-85.0,-15.0,3.0,2.0,1.4,350.0,350.0,True,187,31.2,-109.3,0.992,40.11,2491.36,-0.04,43.06,31,72
20,-85.0,-15.0,3.0,2.0,1.45,0.0,0.0,True,224,37.3,-197.68,0.989,39.73,4662.53,-0.04,44.44,32,72
20,-85.0,-15.0,3.0,2.0,1.45,200.0,250.0,True,174,29.0,2.6,1.0,39.66,2473.07,0.0,44.44,32,72
20,-85.0,-15.0,3.0,2.0,1.45,250.0,250.0,True,186,31.0,-257.08,0.98,39.25,2617.66,-0.1,44.44,32,72
20,-85.0,-15.0,3.0,2.0,1.45,350.0,350.0,True,204,34.0,-1141.33,0.924,39.71,3501.91,-0.33,44.44,32,72
20,-85.0,-15.0,3.0,2.0,,0.0,0.0,False,635,105.8,-5086.94,0.902,38.74,9981.85,-0.51,47.22,34,72
20,-85.0,-15.0,3.0,2.0,,200.0,250.0,False,290,48.3,1414.13,1.077,42.76,1660.66,0.85,58.33,42,72
20,-85.0,-15.0,3.0,2.0,,250.0,250.0,False,337,56.2,875.21,1.04,41.25,2118.64,0.41,51.39,37,72
20,-85.0,-15.0,3.0,2.0,,350.0,350.0,False,442,73.7,-1344.6,0.956,39.59,4571.7,-0.29,54.17,39,72
20,-85.0,-15.0,3.5,1.5,1.35,0.0,0.0,True,186,31.0,1492.57,1.124,31.18,1861.4,0.8,40.28,29,72
20,-85.0,-15.0,3.5,1.5,1.35,200.0,250.0,True,163,27.2,204.18,1.021,30.67,1665.29,0.12,41.67,30,72
20,-85.0,-15.0,3.5,1.5,1.35,250.0,250.0,True,174,29.0,-564.61,0.949,29.89,1908.08,-0.3,38.89,28,72
20,-85.0,-15.0,3.5,1.5,1.35,350.0,350.0,True,177,29.5,-672.42,0.94,29.94,2008.87,-0.33,38.89,28,72
20,-85.0,-15.0,3.5,1.5,1.4,0.0,0.0,True,203,33.8,963.36,1.073,30.54,2570.68,0.37,40.28,29,72
20,-85.0,-15.0,3.5,1.5,1.4,200.0,250.0,True,177,29.5,-479.71,0.956,29.94,2013.71,-0.24,41.67,30,72
20,-85.0,-15.0,3.5,1.5,1.4,250.0,250.0,True,188,31.3,-1248.5,0.896,29.26,2584.95,-0.48,38.89,28,72
20,-85.0,-15.0,3.5,1.5,1.4,350.0,350.0,True,193,32.2,-1124.88,0.909,29.53,2461.33,-0.46,38.89,28,72
20,-85.0,-15.0,3.5,1.5,1.45,0.0,0.0,True,233,38.8,-193.34,0.988,29.18,3981.97,-0.05,41.67,30,72
20,-85.0,-15.0,3.5,1.5,1.45,200.0,250.0,True,189,31.5,-868.8,0.925,28.57,2563.09,-0.34,44.44,32,72
20,-85.0,-15.0,3.5,1.5,1.45,250.0,250.0,True,199,33.2,-1566.52,0.876,28.14,2851.63,-0.55,41.67,30,72
20,-85.0,-15.0,3.5,1.5,1.45,350.0,350.0,True,214,35.7,-1513.73,0.888,28.5,2866.69,-0.53,41.67,30,72
20,-85.0,-15.0,3.5,1.5,,0.0,0.0,False,700,116.7,-596.66,0.988,30.43,6664.15,-0.09,50.0,36,72
20,-85.0,-15.0,3.5,1.5,,200.0,250.0,False,360,60.0,1252.52,1.063,30.83,2316.23,0.54,55.56,40,72
20,-85.0,-15.0,3.5,1.5,,250.0,250.0,False,383,63.8,1015.08,1.047,31.07,2489.34,0.41,52.78,38,72
20,-85.0,-15.0,3.5,1.5,,350.0,350.0,False,501,83.5,170.92,1.006,30.54,3450.93,0.05,54.17,39,72
20,-85.0,-15.0,3.5,2.0,1.35,0.0,0.0,True,177,29.5,3306.68,1.248,40.11,2339.43,1.41,40.28,29,72
20,-85.0,-15.0,3.5,2.0,1.35,200.0,250.0,True,145,24.2,2151.89,1.215,40.0,1472.43,1.46,41.67,30,72
20,-85.0,-15.0,3.5,2.0,1.35,250.0,250.0,True,152,25.3,1650.81,1.152,39.47,1644.57,1.0,40.28,29,72
20,-85.0,-15.0,3.5,2.0,1.35,350.0,350.0,True,166,27.7,1102.87,1.09,38.55,2039.31,0.54,40.28,29,72
20,-85.0,-15.0,3.5,2.0,1.4,0.0,0.0,True,194,32.3,3136.99,1.214,39.69,2493.54,1.26,43.06,31,72
20,-85.0,-15.0,3.5,2.0,1.4,200.0,250.0,True,155,25.8,2180.37,1.204,40.0,1318.78,1.65,43.06,31,72
20,-85.0,-15.0,3.5,2.0,1.4,250.0,250.0,True,162,27.0,1679.29,1.146,39.51,1797.89,0.93,41.67,30,72
20,-85.0,-15.0,3.5,2.0,1.4,350.0,350.0,True,178,29.7,1466.98,1.114,39.33,1894.34,0.77,43.06,31,72
20,-85.0,-15.0,3.5,2.0,1.45,0.0,0.0,True,220,36.7,1436.52,1.081,37.73,4120.15,0.35,43.06,31,72
20,-85.0,-15.0,3.5,2.0,1.45,200.0,250.0,True,168,28.0,1419.88,1.121,38.1,1783.25,0.8,44.44,32,72
20,-85.0,-15.0,3.5,2.0,1.45,250.0,250.0,True,174,29.0,1148.07,1.093,37.93,2056.46,0.56,43.06,31,72
20,-85.0,-15.0,3.5,2.0,1.45,350.0,350.0,True,197,32.8,800.29,1.056,37.56,2169.35,0.37,44.44,32,72
20,-85.0,-15.0,3.5,2.0,,0.0,0.0,False,613,102.2,-3104.51,0.94,35.73,8485.66,-0.37,43.06,31,72
20,-85.0,-15.0,3.5,2.0,,200.0,250.0,False,262,43.7,2123.08,1.122,39.31,2029.45,1.05,54.17,39,72
20,-85.0,-15.0,3.5,2.0,,250.0,250.0,False,287,47.8,1998.37,1.104,39.37,1725.32,1.16,52.78,38,72
20,-85.0,-15.0,3.5,2.0,,350.0,350.0,False,399,66.5,1072.14,1.038,37.34,3124.65,0.34,50.0,36,72
20,-85.0,-15.0,4.0,1.5,1.35,0.0,0.0,True,183,30.5,2112.83,1.172,28.42,1980.16,1.07,40.28,29,72
20,-85.0,-15.0,4.0,1.5,1.35,200.0,250.0,True,149,24.8,1277.48,1.141,29.53,1562.59,0.82,43.06,31,72
20,-85.0,-15.0,4.0,1.5,1.35,250.0,250.0,True,162,27.0,653.74,1.065,28.4,1794.98,0.36,41.67,30,72
20,-85.0,-15.0,4.0,1.5,1.35,350.0,350.0,True,174,29.0,-480.94,0.958,27.01,2017.03,-0.24,38.89,28,72
20,-85.0,-15.0,4.0,1.5,1.4,0.0,0.0,True,200,33.3,1681.21,1.125,28.0,2547.67,0.66,41.67,30,72
20,-85.0,-15.0,4.0,1.5,1.4,200.0,250.0,True,163,27.2,866.64,1.087,28.83,1611.81,0.54,44.44,32,72
20,-85.0,-15.0,4.0,1.5,1.4,250.0,250.0,True,178,29.7,36.13,1.003,27.53,2046.62,0.02,43.06,31,72
20,-85.0,-15.0,4.0,1.5,1.4,350.0,350.0,True,190,31.7,-835.81,0.933,26.84,2431.67,-0.34,40.28,29,72
20,-85.0,-15.0,4.0,1.5,1.45,0.0,0.0,True,230,38.3,668.33,1.042,26.96,3825.26,0.17,41.67,30,72
20,-85.0,-15.0,4.0,1.5,1.45,200.0,250.0,True,184,30.7,-235.42,0.98,26.63,2269.24,-0.1,44.44,32,72
20,-85.0,-15.0,4.0,1.5,1.45,250.0,250.0,True,189,31.5,-22.08,0.998,26.98,2328.09,-0.01,44.44,32,72
20,-85.0,-15.0,4.0,1.5,1.45,350.0,350.0,True,211,35.2,-782.08,0.943,26.54,2867.95,-0.27,41.67,30,72
20,-85.0,-15.0,4.0,1.5,,0.0,0.0,False,682,113.7,1952.1,1.04,28.3,5492.07,0.36,48.61,35,72
20,-85.0,-15.0,4.0,1.5,,200.0,250.0,False,330,55.0,1818.38,1.094,28.18,2644.5,0.69,51.39,37,72
20,-85.0,-15.0,4.0,1.5,,250.0,250.0,False,354,59.0,2123.25,1.104,28.53,2951.45,0.72,50.0,36,72
20,-85.0,-15.0,4.0,1.5,,350.0,350.0,False,494,82.3,366.65,1.012,28.14,2873.37,0.13,48.61,35,72
20,-85.0,-15.0,4.0,2.0,1.35,0.0,0.0,True,174,29.0,2309.85,1.161,36.78,2250.58,1.03,38.89,28,72
20,-85.0,-15.0,4.0,2.0,1.35,200.0,250.0,True,129,21.5,1521.62,1.162,37.98,1471.13,1.03,41.67,30,72
20,-85.0,-15.0,4.0,2.0,1.35,250.0,250.0,True,144,24.0,794.15,1.072,36.81,1668.86,0.48,38.89,28,72
20,-85.0,-15.0,4.0,2.0,1.35,350.0,350.0,True,162,27.0,-442.39,0.966,35.19,2467.1,-0.18,37.5,27,72
20,-85.0,-15.0,4.0,2.0,1.4,0.0,0.0,True,191,31.8,1866.37,1.118,36.13,2776.07,0.67,40.28,29,72
20,-85.0,-15.0,4.0,2.0,1.4,200.0,250.0,True,143,23.8,522.89,1.048,35.66,1671.12,0.31,41.67,30,72
20,-85.0,-15.0,4.0,2.0,1.4,250.0,250.0,True,156,26.0,502.57,1.042,35.9,1684.97,0.3,40.28,29,72
20,-85.0,-15.0,4.0,2.0,1.4,350.0,350.0,True,174,29.0,-165.22,0.988,35.63,2180.27,-0.08,40.28,29,72
20,-85.0,-15.0,4.0,2.0,1.45,0.0,0.0,True,215,35.8,135.0,1.007,34.42,4184.31,0.03,38.89,28,72
20,-85.0,-15.0,4.0,2.0,1.45,200.0,250.0,True,156,26.0,468.16,1.04,35.9,1652.0,0.28,43.06,31,72
20,-85.0,-15.0,4.0,2.0,1.45,250.0,250.0,True,163,27.2,475.76,1.038,36.2,1741.34,0.27,41.67,30,72
20,-85.0,-15.0,4.0,2.0,1.45,350.0,350.0,True,190,31.7,-659.3,0.956,34.74,2279.77,-0.29,41.67,30,72
20,-85.0,-15.0,4.0,2.0,,0.0,0.0,False,594,99.0,-2591.88,0.951,33.33,7561.52,-0.34,47.22,34,72
20,-85.0,-15.0,4.0,2.0,,200.0,250.0,False,242,40.3,3797.22,1.23,38.43,1509.19,2.52,56.94,41,72
20,-85.0,-15.0,4.0,2.0,,250.0,250.0,False,270,45.0,3776.26,1.208,37.78,1509.19,2.5,54.17,39,72
20,-85.0,-15.0,4.0,2.0,,350.0,350.0,False,373,62.2,1105.65,1.04,34.58,2930.6,0.38,51.39,37,72
20,-85.0,-15.0,4.5,1.5,1.35,0.0,0.0,True,181,30.2,581.64,1.045,24.86,2380.03,0.24,37.5,27,72
20,-85.0,-15.0,4.5,1.5,1.35,200.0,250.0,True,143,23.8,689.94,1.075,25.87,1655.26,0.42,38.89,28,72
20,-85.0,-15.0,4.5,1.5,1.35,250.0,250.0,True,153,25.5,409.95,1.041,25.49,1802.73,0.23,37.5,27,72
20,-85.0,-15.0,4.5,1.5,1.35,350.0,350.0,True,171,28.5,-582.28,0.95,24.56,2132.95,-0.27,36.11,26,72
20,-85.0,-15.0,4.5,1.5,1.4,0.0,0.0,True,197,32.8,-315.49,0.978,23.86,3195.56,-0.1,38.89,28,72
20,-85.0,-15.0,4.5,1.5,1.4,200.0,250.0,True,155,25.8,157.93,1.016,25.16,1860.27,0.08,40.28,29,72
20,-85.0,-15.0,4.5,1.5,1.4,250.0,250.0,True,167,27.8,-328.83,0.97,24.55,2414.71,-0.14,38.89,28,72
20,-85.0,-15.0,4.5,1.5,1.4,350.0,350.0,True,186,31.0,-1402.66,0.891,23.66,2953.33,-0.47,37.5,27,72
20,-85.0,-15.0,4.5,1.5,1.45,0.0,0.0,True,227,37.8,-1132.37,0.932,23.35,4325.89,-0.26,41.67,30,72
20,-85.0,-15.0,4.5,1.5,1.45,200.0,250.0,True,174,29.0,-424.91,0.963,24.14,2233.49,-0.19,43.06,31,72
20,-85.0,-15.0,4.5,1.5,1.45,250.0,250.0,True,185,30.8,-257.98,0.978,24.32,2050.04,-0.13,43.06,31,72
20,-85.0,-15.0,4.5,1.5,1.45,350.0,350.0,True,202,33.7,-1011.85,0.925,23.76,2756.2,-0.37,41.67,30,72
20,-85.0,-15.0,4.5,1.5,,0.0,0.0,False,663,110.5,1105.13,1.023,25.79,5628.77,0.2,45.83,33,72
20,-85.0,-15.0,4.5,1.5,,200.0,250.0,False,305,50.8,1723.41,1.093,25.57,3375.92,0.51,48.61,35,72
20,-85.0,-15.0,4.5,1.5,,250.0,250.0,False,337,56.2,1113.87,1.054,24.93,4279.07,0.26,45.83,33,72
20,-85.0,-15.0,4.5,1.5,,350.0,350.0,False,455,75.8,2810.63,1.103,27.03,2959.44,0.95,51.39,37,72
20,-85.0,-15.0,4.5,2.0,1.35,0.0,0.0,True,171,28.5,285.8,1.019,32.16,3041.64,0.09,38.89,28,72
20,-85.0,-15.0,4.5,2.0,1.35,200.0,250.0,True,124,20.7,604.74,1.062,33.87,1308.11,0.46,37.5,27,72
20,-85.0,-15.0,4.5,2.0,1.35,250.0,250.0,True,132,22.0,257.27,1.024,33.33,1749.57,0.15,36.11,26,72
20,-85.0,-15.0,4.5,2.0,1.35,350.0,350.0,True,151,25.2,-406.15,0.968,32.45,2673.83,-0.15,37.5,27,72
20,-85.0,-15.0,4.5,2.0,1.4,0.0,0.0,True,187,31.2,-618.14,0.963,31.02,3612.04,-0.17,37.5,27,72
20,-85.0,-15.0,4.5,2.0,1.4,200.0,250.0,True,136,22.7,-520.03,0.953,31.62,2012.37,-0.26,37.5,27,72
20,-85.0,-15.0,4.5,2.0,1.4,250.0,250.0,True,142,23.7,-129.12,0.989,32.39,1734.45,-0.07,37.5,27,72
20,-85.0,-15.0,4.5,2.0,1.4,350.0,350.0,True,161,26.8,-803.6,0.941,31.68,2669.77,-0.3,37.5,27,72
20,-85.0,-15.0,4.5,2.0,1.45,0.0,0.0,True,211,35.2,-2195.53,0.889,29.86,4991.64,-0.44,37.5,27,72
20,-85.0,-15.0,4.5,2.0,1.45,200.0,250.0,True,145,24.2,-631.79,0.947,31.72,2175.82,-0.29,40.28,29,72
20,-85.0,-15.0,4.5,2.0,1.45,250.0,250.0,True,154,25.7,-267.31,0.978,32.47,1869.22,-0.14,40.28,29,72
20,-85.0,-15.0,4.5,2.0,1.45,350.0,350.0,True,171,28.5,-974.15,0.933,31.58,2795.69,-0.35,40.28,29,72
20,-85.0,-15.0,4.5,2.0,,0.0,0.0,False,578,96.3,-4730.27,0.913,29.93,9102.33,-0.52,43.06,31,72
20,-85.0,-15.0,4.5,2.0,,200.0,250.0,False,215,35.8,996.19,1.06,31.63,1980.54,0.5,50.0,36,72
20,-85.0,-15.0,4.5,2.0,,250.0,250.0,False,241,40.2,1399.24,1.077,31.95,2090.29,0.67,48.61,35,72
20,-85.0,-15.0,4.5,2.0,,350.0,350.0,False,350,58.3,1054.34,1.039,32.29,3140.08,0.34,50.0,36,72
28,-80.0,-20.0,3.0,1.5,1.35,0.0,0.0,True,151,25.2,2733.03,1.334,39.07,1057.73,2.58,48.61,35,72
28,-80.0,-20.0,3.0,1.5,1.35,200.0,250.0,True,137,22.8,2486.49,1.361,39.42,957.64,2.6,50.0,36,72
28,-80.0,-20.0,3.0,1.5,1.35,250.0,250.0,True,141,23.5,2202.28,1.302,39.01,957.64,2.3,48.61,35,72
28,-80.0,-20.0,3.0,1.5,1.35,350.0,350.0,True,143,23.8,2268.88,1.307,39.16,1057.73,2.15,48.61,35,72
28,-80.0,-20.0,3.0,1.5,1.4,0.0,0.0,True,168,28.0,2868.6,1.317,38.69,1155.83,2.48,51.39,37,72
28,-80.0,-20.0,3.0,1.5,1.4,200.0,250.0,True,151,25.2,2423.15,1.317,38.41,1099.84,2.2,52.78,38,72
28,-80.0,-20.0,3.0,1.5,1.4,250.0,250.0,True,157,26.2,2426.31,1.301,38.85,1287.96,1.88,51.39,37,72
28,-80.0,-20.0,3.0,1.5,1.4,350.0,350.0,True,160,26.7,2404.45,1.291,38.75,1287.96,1.87,51.39,37,72
28,-80.0,-20.0,3.0,1.5,1.45,0.0,0.0,True,186,31.0,2466.42,1.242,36.56,1274.98,1.93,47.22,34,72
28,-80.0,-20.0,3.0,1.5,1.45,200.0,250.0,True,166,27.7,1985.38,1.232,36.75,1218.99,1.63,48.61,35,72
28,-80.0,-20.0,3.0,1.5,1.45,250.0,250.0,True,172,28.7,1773.63,1.196,36.63,1407.11,1.26,47.22,34,72
28,-80.0,-20.0,3.0,1.5,1.45,350.0,350.0,True,175,29.2,1501.9,1.161,36.0,1407.11,1.07,47.22,34,72
28,-80.0,-20.0,3.0,1.5,,0.0,0.0,False,637,106.2,4317.85,1.108,36.11,3612.15,1.2,59.72,43,72
28,-80.0,-20.0,3.0,1.5,,200.0,250.0,False,365,60.8,2195.68,1.117,35.89,2365.12,0.93,58.33,42,72
28,-80.0,-20.0,3.0,1.5,,250.0,250.0,False,399,66.5,2406.85,1.117,36.09,2199.48,1.09,56.94,41,72
28,-80.0,-20.0,3.0,1.5,,350.0,350.0,False,490,81.7,4720.98,1.182,37.76,2484.52,1.9,61.11,44,72
28,-80.0,-20.0,3.0,2.0,1.35,0.0,0.0,True,147,24.5,2007.42,1.205,44.9,1285.55,1.56,50.0,36,72
28,-80.0,-20.0,3.0,2.0,1.35,200.0,250.0,True,128,21.3,2124.3,1.276,45.31,1177.28,1.8,51.39,37,72
28,-80.0,-20.0,3.0,2.0,1.35,250.0,250.0,True,133,22.2,1812.36,1.22,45.11,1050.83,1.72,50.0,36,72
28,-80.0,-20.0,3.0,2.0,1.35,350.0,350.0,True,138,23.0,1608.88,1.184,44.93,1394.48,1.15,50.0,36,72
28,-80.0,-20.0,3.0,2.0,1.4,0.0,0.0,True,164,27.3,2145.97,1.198,44.51,1664.45,1.29,52.78,38,72
28,-80.0,-20.0,3.0,2.0,1.4,200.0,250.0,True,139,23.2,2187.5,1.262,44.6,1231.9,1.78,54.17,39,72
28,-80.0,-20.0,3.0,2.0,1.4,250.0,250.0,True,145,24.2,2009.03,1.226,44.83,1289.68,1.56,52.78,38,72
28,-80.0,-20.0,3.0,2.0,1.4,350.0,350.0,True,155,25.8,1747.43,1.179,44.52,1773.38,0.99,52.78,38,72
28,-80.0,-20.0,3.0,2.0,1.45,0.0,0.0,True,178,29.7,1181.95,1.097,41.57,1844.0,0.64,48.61,35,72
28,-80.0,-20.0,3.0,2.0,1.45,200.0,250.0,True,150,25.0,1201.81,1.127,42.0,1467.24,0.82,50.0,36,72
28,-80.0,-20.0,3.0,2.0,1.45,250.0,250.0,True,155,25.8,896.89,1.09,41.94,1467.24,0.61,48.61,35,72
28,-80.0,-20.0,3.0,2.0,1.45,350.0,350.0,True,166,27.7,297.13,1.027,40.96,1931.22,0.15,48.61,35,72
28,-80.0,-20.0,3.0,2.0,,0.0,0.0,False,560,93.3,2991.12,1.071,42.14,4326.15,0.69,54.17,39,72
28,-80.0,-20.0,3.0,2.0,,200.0,250.0,False,290,48.3,1999.47,1.115,43.1,2056.29,0.97,58.33,42,72
28,-80.0,-20.0,3.0,2.0,,250.0,250.0,False,328,54.7,2941.66,1.149,42.99,1662.61,1.77,54.17,39,72
28,-80.0,-20.0,3.0,2.0,,350.0,350.0,False,428,71.3,644.99,1.023,41.59,3242.53,0.2,52.78,38,72
28,-80.0,-20.0,3.5,1.5,1.35,0.0,0.0,True,150,25.0,2290.41,1.259,33.33,1246.99,1.84,41.67,30,72
28,-80.0,-20.0,3.5,1.5,1.35,200.0,250.0,True,128,21.3,2474.67,1.372,34.38,1009.63,2.45,44.44,32,72
28,-80.0,-20.0,3.5,1.5,1.35,250.0,250.0,True,137,22.8,1932.27,1.256,33.58,1341.89,1.44,41.67,30,72
28,-80.0,-20.0,3.5,1.5,1.35,350.0,350.0,True,142,23.7,1616.51,1.2,33.1,1246.99,1.3,40.28,29,72
28,-80.0,-20.0,3.5,1.5,1.4,0.0,0.0,True,166,27.7,2355.64,1.242,33.13,1076.06,2.19,45.83,33,72
28,-80.0,-20.0,3.5,1.5,1.4,200.0,250.0,True,142,23.7,2431.22,1.326,33.8,927.37,2.62,47.22,34,72
28,-80.0,-20.0,3.5,1.5,1.4,250.0,250.0,True,151,25.2,1888.82,1.226,33.11,1170.96,1.61,44.44,32,72
28,-80.0,-20.0,3.5,1.5,1.4,350.0,350.0,True,158,26.3,1681.74,1.188,32.91,1077.89,1.56,44.44,32,72
28,-80.0,-20.0,3.5,1.5,1.45,0.0,0.0,True,184,30.7,2080.51,1.191,31.52,1550.24,1.34,43.06,31,72
28,-80.0,-20.0,3.5,1.5,1.45,200.0,250.0,True,157,26.2,2072.45,1.248,32.48,1046.52,1.98,44.44,32,72
28,-80.0,-20.0,3.5,1.5,1.45,250.0,250.0,True,165,27.5,1382.0,1.149,31.52,1470.03,0.94,41.67,30,72
28,-80.0,-20.0,3.5,1.5,1.45,350.0,350.0,True,172,28.7,885.97,1.089,30.81,1664.08,0.53,41.67,30,72
28,-80.0,-20.0,3.5,1.5,,0.0,0.0,False,617,102.8,6438.2,1.159,33.39,3188.19,2.02,58.33,42,72
28,-80.0,-20.0,3.5,1.5,,200.0,250.0,False,323,53.8,5049.45,1.303,34.98,1680.61,3.0,59.72,43,72
28,-80.0,-20.0,3.5,1.5,,250.0,250.0,False,354,59.0,4342.33,1.232,34.18,2282.71,1.9,56.94,41,72
28,-80.0,-20.0,3.5,1.5,,350.0,350.0,False,455,75.8,6123.51,1.252,35.16,2345.13,2.61,59.72,43,72
28,-80.0,-20.0,3.5,2.0,1.35,0.0,0.0,True,144,24.0,2826.37,1.279,41.67,1058.22,2.67,47.22,34,72
28,-80.0,-20.0,3.5,2.0,1.35,200.0,250.0,True,115,19.2,3005.91,1.439,42.61,1027.73,2.92,48.61,35,72
28,-80.0,-20.0,3.5,2.0,1.35,250.0,250.0,True,126,21.0,2754.22,1.344,42.06,1105.69,2.49,47.22,34,72
28,-80.0,-20.0,3.5,2.0,1.35,350.0,350.0,True,135,22.5,2185.75,1.241,41.48,1281.43,1.71,45.83,33,72
28,-80.0,-20.0,3.5,2.0,1.4,0.0,0.0,True,160,26.7,3257.61,1.295,41.88,1394.67,2.34,52.78,38,72
28,-80.0,-20.0,3.5,2.0,1.4,200.0,250.0,True,125,20.8,3540.59,1.483,43.2,1027.73,3.45,54.17,39,72
28,-80.0,-20.0,3.5,2.0,1.4,250.0,250.0,True,137,22.8,3171.99,1.369,42.34,1136.84,2.79,52.78,38,72
28,-80.0,-20.0,3.5,2.0,1.4,350.0,350.0,True,150,25.0,2714.13,1.274,42.0,1654.18,1.64,51.39,37,72
28,-80.0,-20.0,3.5,2.0,1.45,0.0,0.0,True,175,29.2,2524.96,1.203,39.43,1552.51,1.63,47.22,34,72
28,-80.0,-20.0,3.5,2.0,1.45,200.0,250.0,True,137,22.8,2727.38,1.325,40.88,1177.19,2.32,48.61,35,72
28,-80.0,-20.0,3.5,2.0,1.45,250.0,250.0,True,147,24.5,2327.64,1.244,40.14,1318.23,1.77,47.22,34,72
28,-80.0,-20.0,3.5,2.0,1.45,350.0,350.0,True,161,26.8,1497.81,1.135,39.13,1812.02,0.83,45.83,33,72
28,-80.0,-20.0,3.5,2.0,,0.0,0.0,False,539,89.8,5682.68,1.133,39.33,3684.06,1.54,58.33,42,72
28,-80.0,-20.0,3.5,2.0,,200.0,250.0,False,261,43.5,5513.79,1.353,42.91,899.85,6.13,65.28,47,72
28,-80.0,-20.0,3.5,2.0,,250.0,250.0,False,284,47.3,5329.05,1.307,42.25,1356.24,3.93,62.5,45,72
28,-80.0,-20.0,3.5,2.0,,350.0,350.0,False,389,64.8,5153.11,1.204,40.36,2259.13,2.28,62.5,45,72
28,-80.0,-20.0,4.0,1.5,1.35,0.0,0.0,True,148,24.7,2541.6,1.278,29.73,1287.57,1.97,41.67,30,72
28,-80.0,-20.0,4.0,1.5,1.35,200.0,250.0,True,125,20.8,1922.94,1.272,28.8,1083.29,1.78,43.06,31,72
28,-80.0,-20.0,4.0,1.5,1.35,250.0,250.0,True,131,21.8,1885.76,1.251,29.01,1187.48,1.59,43.06,31,72
28,-80.0,-20.0,4.0,1.5,1.35,350.0,350.0,True,141,23.5,1540.22,1.181,29.08,1287.57,1.2,40.28,29,72
28,-80.0,-20.0,4.0,1.5,1.4,0.0,0.0,True,164,27.3,2744.91,1.273,29.88,1391.49,1.97,44.44,32,72
28,-80.0,-20.0,4.0,1.5,1.4,200.0,250.0,True,137,22.8,2143.65,1.277,29.2,1423.08,1.51,44.44,32,72
28,-80.0,-20.0,4.0,1.5,1.4,250.0,250.0,True,145,24.2,1954.23,1.234,28.97,1418.44,1.38,44.44,32,72
28,-80.0,-20.0,4.0,1.5,1.4,350.0,350.0,True,157,26.2,1743.53,1.186,29.3,1311.19,1.33,43.06,31,72
28,-80.0,-20.0,4.0,1.5,1.45,0.0,0.0,True,182,30.3,2596.83,1.232,28.57,1382.23,1.88,44.44,32,72
28,-80.0,-20.0,4.0,1.5,1.45,200.0,250.0,True,152,25.3,1863.86,1.216,28.29,1537.59,1.21,44.44,32,72
28,-80.0,-20.0,4.0,1.5,1.45,250.0,250.0,True,161,26.8,1596.76,1.171,27.95,1537.59,1.04,44.44,32,72
28,-80.0,-20.0,4.0,1.5,1.45,350.0,350.0,True,172,28.7,899.17,1.086,27.33,1509.07,0.6,43.06,31,72
28,-80.0,-20.0,4.0,1.5,,0.0,0.0,False,603,100.5,7834.2,1.191,30.85,2764.23,2.83,56.94,41,72
28,-80.0,-20.0,4.0,1.5,,200.0,250.0,False,299,49.8,5315.26,1.331,32.11,1298.3,4.09,59.72,43,72
28,-80.0,-20.0,4.0,1.5,,250.0,250.0,False,332,55.3,4513.67,1.249,30.72,1516.64,2.98,56.94,41,72
28,-80.0,-20.0,4.0,1.5,,350.0,350.0,False,430,71.7,6054.13,1.25,32.09,2069.76,2.93,58.33,42,72
28,-80.0,-20.0,4.0,2.0,1.35,0.0,0.0,True,140,23.3,3651.4,1.356,39.29,1150.48,3.17,48.61,35,72
28,-80.0,-20.0,4.0,2.0,1.35,200.0,250.0,True,115,19.2,2965.17,1.397,38.26,1073.79,2.76,48.61,35,72
28,-80.0,-20.0,4.0,2.0,1.35,250.0,250.0,True,121,20.2,2782.36,1.345,38.02,1214.83,2.29,47.22,34,72
28,-80.0,-20.0,4.0,2.0,1.35,350.0,350.0,True,133,22.2,2256.24,1.237,37.59,1390.57,1.62,45.83,33,72
28,-80.0,-20.0,4.0,2.0,1.4,0.0,0.0,True,156,26.0,4279.81,1.383,39.74,1379.75,3.1,54.17,39,72
28,-80.0,-20.0,4.0,2.0,1.4,200.0,250.0,True,123,20.5,3849.11,1.496,39.84,1145.18,3.36,54.17,39,72
28,-80.0,-20.0,4.0,2.0,1.4,250.0,250.0,True,132,22.0,3348.47,1.386,38.64,1222.52,2.74,52.78,38,72
28,-80.0,-20.0,4.0,2.0,1.4,350.0,350.0,True,148,24.7,2981.79,1.288,38.51,1617.84,1.84,51.39,37,72
28,-80.0,-20.0,4.0,2.0,1.45,0.0,0.0,True,171,28.5,3643.0,1.289,37.43,1537.59,2.37,50.0,36,72
28,-80.0,-20.0,4.0,2.0,1.45,200.0,250.0,True,135,22.5,3072.84,1.348,37.78,1262.87,2.43,50.0,36,72
28,-80.0,-20.0,4.0,2.0,1.45,250.0,250.0,True,144,24.0,2586.56,1.266,36.81,1403.91,1.84,48.61,35,72
28,-80.0,-20.0,4.0,2.0,1.45,350.0,350.0,True,159,26.5,1653.96,1.143,35.85,1775.68,0.93,47.22,34,72
28,-80.0,-20.0,4.0,2.0,,0.0,0.0,False,519,86.5,7625.93,1.177,37.19,3214.46,2.37,50.0,36,72
28,-80.0,-20.0,4.0,2.0,,200.0,250.0,False,225,37.5,5029.68,1.348,39.56,892.42,5.64,61.11,44,72
28,-80.0,-20.0,4.0,2.0,,250.0,250.0,False,276,46.0,4341.53,1.244,37.68,922.1,4.71,56.94,41,72
28,-80.0,-20.0,4.0,2.0,,350.0,350.0,False,362,60.3,5364.71,1.22,37.85,1609.56,3.33,56.94,41,72
28,-80.0,-20.0,4.5,1.5,1.35,0.0,0.0,True,146,24.3,2690.3,1.289,28.08,1226.36,2.19,40.28,29,72
28,-80.0,-20.0,4.5,1.5,1.35,200.0,250.0,True,119,19.8,2747.5,1.398,29.41,1041.12,2.64,43.06,31,72
28,-80.0,-20.0,4.5,1.5,1.35,250.0,250.0,True,125,20.8,1990.23,1.268,27.2,1041.12,1.91,40.28,29,72
28,-80.0,-20.0,4.5,1.5,1.35,350.0,350.0,True,140,23.3,1917.79,1.22,27.86,1141.21,1.68,37.5,27,72
28,-80.0,-20.0,4.5,1.5,1.4,0.0,0.0,True,161,26.8,2329.12,1.226,27.33,1224.83,1.9,41.67,30,72
28,-80.0,-20.0,4.5,1.5,1.4,200.0,250.0,True,129,21.5,2748.62,1.363,29.46,930.04,2.96,44.44,32,72
28,-80.0,-20.0,4.5,1.5,1.4,250.0,250.0,True,139,23.2,1710.65,1.205,26.62,1386.81,1.23,41.67,30,72
28,-80.0,-20.0,4.5,1.5,1.4,350.0,350.0,True,154,25.7,1624.92,1.168,27.27,1224.83,1.33,38.89,28,72
28,-80.0,-20.0,4.5,1.5,1.45,0.0,0.0,True,179,29.8,2308.09,1.201,26.26,1169.01,1.97,43.06,31,72
28,-80.0,-20.0,4.5,1.5,1.45,200.0,250.0,True,140,23.3,2257.47,1.271,27.86,1049.19,2.15,45.83,33,72
28,-80.0,-20.0,4.5,1.5,1.45,250.0,250.0,True,152,25.3,1349.78,1.147,25.66,1422.84,0.95,43.06,31,72
28,-80.0,-20.0,4.5,1.5,1.45,350.0,350.0,True,169,28.2,1517.38,1.142,26.04,1323.85,1.15,40.28,29,72
28,-80.0,-20.0,4.5,1.5,,0.0,0.0,False,582,97.0,5158.03,1.124,28.01,4118.14,1.25,56.94,41,72
28,-80.0,-20.0,4.5,1.5,,200.0,250.0,False,293,48.8,3832.99,1.23,27.65,1281.88,2.99,54.17,39,72
28,-80.0,-20.0,4.5,1.5,,250.0,250.0,False,320,53.3,4769.75,1.261,28.12,1386.93,3.44,52.78,38,72
28,-80.0,-20.0,4.5,1.5,,350.0,350.0,False,404,67.3,7066.01,1.308,29.7,1833.58,3.85,59.72,43,72
28,-80.0,-20.0,4.5,2.0,1.35,0.0,0.0,True,138,23.0,2992.36,1.278,36.23,1160.3,2.58,47.22,34,72
28,-80.0,-20.0,4.5,2.0,1.35,200.0,250.0,True,108,18.0,3104.26,1.42,37.96,1021.04,3.04,48.61,35,72
28,-80.0,-20.0,4.5,2.0,1.35,250.0,250.0,True,114,19.0,2573.2,1.325,35.96,1021.04,2.52,47.22,34,72
28,-80.0,-20.0,4.5,2.0,1.35,350.0,350.0,True,131,21.8,1577.55,1.155,34.35,1259.35,1.25,44.44,32,72
28,-80.0,-20.0,4.5,2.0,1.4,0.0,0.0,True,153,25.5,3073.61,1.259,35.95,1200.3,2.56,51.39,37,72
28,-80.0,-20.0,4.5,2.0,1.4,200.0,250.0,True,114,19.0,3462.51,1.446,38.6,1103.01,3.14,52.78,38,72
28,-80.0,-20.0,4.5,2.0,1.4,250.0,250.0,True,124,20.7,2906.24,1.339,36.29,1103.01,2.63,51.39,37,72
28,-80.0,-20.0,4.5,2.0,1.4,350.0,350.0,True,144,24.0,1845.98,1.167,34.72,1523.52,1.21,48.61,35,72
28,-80.0,-20.0,4.5,2.0,1.45,0.0,0.0,True,168,28.0,2532.65,1.191,33.93,1558.14,1.63,47.22,34,72
28,-80.0,-20.0,4.5,2.0,1.45,200.0,250.0,True,124,20.7,2656.4,1.305,36.29,1181.84,2.25,50.0,36,72
28,-80.0,-20.0,4.5,2.0,1.45,250.0,250.0,True,137,22.8,2064.37,1.212,34.31,1181.84,1.75,47.22,34,72
28,-80.0,-20.0,4.5,2.0,1.45,350.0,350.0,True,156,26.0,1520.75,1.125,33.33,1681.36,0.9,44.44,32,72
28,-80.0,-20.0,4.5,2.0,,0.0,0.0,False,499,83.2,2884.41,1.065,33.27,4841.61,0.6,48.61,35,72
28,-80.0,-20.0,4.5,2.0,,200.0,250.0,False,217,36.2,2033.95,1.13,32.26,2661.97,0.76,52.78,38,72
28,-80.0,-20.0,4.5,2.0,,250.0,250.0,False,239,39.8,2811.32,1.166,33.05,2689.29,1.05,51.39,37,72
28,-80.0,-20.0,4.5,2.0,,350.0,350.0,False,337,56.2,5390.98,1.229,34.42,1308.2,4.12,54.17,39,72
28,-85.0,-15.0,3.0,1.5,1.35,0.0,0.0,True,120,20.0,1744.99,1.263,35.83,1261.59,1.38,40.28,29,72
28,-85.0,-15.0,3.0,1.5,1.35,200.0,250.0,True,108,18.0,1322.83,1.236,36.11,1240.75,1.07,41.67,30,72
28,-85.0,-15.0,3.0,1.5,1.35,250.0,250.0,True,113,18.8,989.87,1.163,35.4,1248.37,0.79,40.28,29,72
28,-85.0,-15.0,3.0,1.5,1.35,350.0,350.0,True,115,19.2,823.32,1.132,34.78,1248.37,0.66,40.28,29,72
28,-85.0,-15.0,3.0,1.5,1.4,0.0,0.0,True,141,23.5,1379.15,1.173,35.46,1514.72,0.91,40.28,29,72
28,-85.0,-15.0,3.0,1.5,1.4,200.0,250.0,True,127,21.2,873.39,1.127,35.43,1313.38,0.66,41.67,30,72
28,-85.0,-15.0,3.0,1.5,1.4,250.0,250.0,True,132,22.0,567.88,1.077,34.85,1501.5,0.38,40.28,29,72
28,-85.0,-15.0,3.0,1.5,1.4,350.0,350.0,True,136,22.7,457.48,1.06,34.56,1501.5,0.3,40.28,29,72
28,-85.0,-15.0,3.0,1.5,1.45,0.0,0.0,True,171,28.5,1334.49,1.136,35.67,1495.06,0.89,38.89,28,72
28,-85.0,-15.0,3.0,1.5,1.45,200.0,250.0,True,145,24.2,1422.24,1.188,36.55,1543.25,0.92,43.06,31,72
28,-85.0,-15.0,3.0,1.5,1.45,250.0,250.0,True,151,25.2,1063.26,1.132,35.76,1645.47,0.65,41.67,30,72
28,-85.0,-15.0,3.0,1.5,1.45,350.0,350.0,True,162,27.0,484.98,1.053,35.19,1655.36,0.29,40.28,29,72
28,-85.0,-15.0,3.0,1.5,,0.0,0.0,False,550,91.7,3469.47,1.1,35.45,3105.03,1.12,51.39,37,72
28,-85.0,-15.0,3.0,1.5,,200.0,250.0,False,332,55.3,1153.24,1.067,34.64,2489.72,0.46,54.17,39,72
28,-85.0,-15.0,3.0,1.5,,250.0,250.0,False,361,60.2,1043.95,1.055,34.63,2208.37,0.47,50.0,36,72
28,-85.0,-15.0,3.0,1.5,,350.0,350.0,False,435,72.5,2563.69,1.108,36.09,1515.07,1.69,55.56,40,72
28,-85.0,-15.0,3.0,2.0,1.35,0.0,0.0,True,117,19.5,1285.81,1.162,42.74,1792.49,0.72,43.06,31,72
28,-85.0,-15.0,3.0,2.0,1.35,200.0,250.0,True,102,17.0,793.31,1.124,42.16,1408.16,0.56,43.06,31,72
28,-85.0,-15.0,3.0,2.0,1.35,250.0,250.0,True,107,17.8,311.34,1.045,41.12,1516.43,0.21,41.67,30,72
28,-85.0,-15.0,3.0,2.0,1.35,350.0,350.0,True,112,18.7,495.33,1.067,41.96,1846.97,0.27,43.06,31,72
28,-85.0,-15.0,3.0,2.0,1.4,0.0,0.0,True,137,22.8,1032.93,1.109,42.34,1578.07,0.65,45.83,33,72
28,-85.0,-15.0,3.0,2.0,1.4,200.0,250.0,True,116,19.3,656.11,1.089,42.24,1840.98,0.36,45.83,33,72
28,-85.0,-15.0,3.0,2.0,1.4,250.0,250.0,True,120,20.0,47.69,1.006,40.83,1904.95,0.03,44.44,32,72
28,-85.0,-15.0,3.0,2.0,1.4,350.0,350.0,True,132,22.0,242.45,1.027,41.67,1608.77,0.15,45.83,33,72
28,-85.0,-15.0,3.0,2.0,1.45,0.0,0.0,True,162,27.0,436.82,1.038,41.98,2462.38,0.18,44.44,32,72
28,-85.0,-15.0,3.0,2.0,1.45,200.0,250.0,True,131,21.8,579.35,1.07,41.98,1899.99,0.3,47.22,34,72
28,-85.0,-15.0,3.0,2.0,1.45,250.0,250.0,True,137,22.8,195.01,1.022,41.61,1773.54,0.11,45.83,33,72
28,-85.0,-15.0,3.0,2.0,1.45,350.0,350.0,True,152,25.3,-389.79,0.963,41.45,2420.52,-0.16,44.44,32,72
28,-85.0,-15.0,3.0,2.0,,0.0,0.0,False,482,80.3,2422.75,1.066,41.49,4467.59,0.54,45.83,33,72
28,-85.0,-15.0,3.0,2.0,,200.0,250.0,False,263,43.8,838.58,1.051,40.68,1844.56,0.45,54.17,39,72
28,-85.0,-15.0,3.0,2.0,,250.0,250.0,False,294,49.0,48.03,1.003,39.8,2691.88,0.02,48.61,35,72
28,-85.0,-15.0,3.0,2.0,,350.0,350.0,False,362,60.3,263.36,1.011,41.16,2506.36,0.11,48.61,35,72
28,-85.0,-15.0,3.5,1.5,1.35,0.0,0.0,True,120,20.0,2199.56,1.317,32.5,1221.44,1.8,37.5,27,72
28,-85.0,-15.0,3.5,1.5,1.35,200.0,250.0,True,104,17.3,1705.97,1.306,32.69,1220.85,1.4,38.89,28,72
28,-85.0,-15.0,3.5,1.5,1.35,250.0,250.0,True,110,18.3,1633.3,1.274,32.73,1220.85,1.34,37.5,27,72
28,-85.0,-15.0,3.5,1.5,1.35,350.0,350.0,True,115,19.2,1056.09,1.161,31.3,1221.44,0.86,36.11,26,72
28,-85.0,-15.0,3.5,1.5,1.4,0.0,0.0,True,141,23.5,2001.5,1.241,32.62,1212.85,1.65,41.67,30,72
28,-85.0,-15.0,3.5,1.5,1.4,200.0,250.0,True,121,20.2,1290.67,1.191,32.23,1257.23,1.03,41.67,30,72
28,-85.0,-15.0,3.5,1.5,1.4,250.0,250.0,True,128,21.3,1176.36,1.163,32.03,1201.86,0.98,40.28,29,72
28,-85.0,-15.0,3.5,1.5,1.4,350.0,350.0,True,135,22.5,934.78,1.12,31.85,1212.85,0.77,40.28,29,72
28,-85.0,-15.0,3.5,1.5,1.45,0.0,0.0,True,170,28.3,1891.04,1.185,32.35,1358.73,1.39,41.67,30,72
28,-85.0,-15.0,3.5,1.5,1.45,200.0,250.0,True,141,23.5,1296.05,1.165,31.91,1533.35,0.85,43.06,31,72
28,-85.0,-15.0,3.5,1.5,1.45,250.0,250.0,True,145,24.2,1595.28,1.201,32.41,1635.57,0.98,43.06,31,72
28,-85.0,-15.0,3.5,1.5,1.45,350.0,350.0,True,159,26.5,1237.93,1.137,32.08,1358.73,0.91,43.06,31,72
28,-85.0,-15.0,3.5,1.5,,0.0,0.0,False,536,89.3,5554.31,1.159,32.84,2492.46,2.23,56.94,41,72
28,-85.0,-15.0,3.5,1.5,,200.0,250.0,False,307,51.2,2460.86,1.15,32.57,3152.02,0.78,54.17,39,72
28,-85.0,-15.0,3.5,1.5,,250.0,250.0,False,335,55.8,3169.54,1.177,33.13,2944.37,1.08,54.17,39,72
28,-85.0,-15.0,3.5,1.5,,350.0,350.0,False,422,70.3,4742.88,1.207,34.12,1260.93,3.76,61.11,44,72
28,-85.0,-15.0,3.5,2.0,1.35,0.0,0.0,True,117,19.5,2349.59,1.289,41.03,1476.03,1.59,44.44,32,72
28,-85.0,-15.0,3.5,2.0,1.35,200.0,250.0,True,98,16.3,1790.29,1.292,40.82,1205.53,1.49,44.44,32,72
28,-85.0,-15.0,3.5,2.0,1.35,250.0,250.0,True,104,17.3,1595.64,1.24,40.38,1205.53,1.32,43.06,31,72
28,-85.0,-15.0,3.5,2.0,1.35,350.0,350.0,True,112,18.7,1337.31,1.176,40.18,1492.91,0.9,43.06,31,72
28,-85.0,-15.0,3.5,2.0,1.4,0.0,0.0,True,136,22.7,2187.61,1.227,40.44,1314.09,1.66,47.22,34,72
28,-85.0,-15.0,3.5,2.0,1.4,200.0,250.0,True,108,18.0,1695.25,1.245,40.74,1578.59,1.07,47.22,34,72
28,-85.0,-15.0,3.5,2.0,1.4,250.0,250.0,True,116,19.3,1336.65,1.175,39.66,1730.14,0.77,45.83,33,72
28,-85.0,-15.0,3.5,2.0,1.4,350.0,350.0,True,128,21.3,1562.81,1.179,40.62,1314.09,1.19,45.83,33,72
28,-85.0,-15.0,3.5,2.0,1.45,0.0,0.0,True,160,26.7,1811.4,1.154,40.0,1802.05,1.01,47.22,34,72
28,-85.0,-15.0,3.5,2.0,1.45,200.0,250.0,True,126,21.0,1114.7,1.133,38.89,1679.2,0.66,48.61,35,72
28,-85.0,-15.0,3.5,2.0,1.45,250.0,250.0,True,131,21.8,1479.02,1.173,39.69,1751.8,0.84,48.61,35,72
28,-85.0,-15.0,3.5,2.0,1.45,350.0,350.0,True,148,24.7,1296.64,1.128,39.86,1645.26,0.79,48.61,35,72
28,-85.0,-15.0,3.5,2.0,,0.0,0.0,False,471,78.5,4102.73,1.109,38.43,3312.56,1.24,51.39,37,72
28,-85.0,-15.0,3.5,2.0,,200.0,250.0,False,248,41.3,3419.39,1.221,40.32,1365.44,2.5,58.33,42,72
28,-85.0,-15.0,3.5,2.0,,250.0,250.0,False,269,44.8,4112.25,1.248,40.89,1255.52,3.28,58.33,42,72
28,-85.0,-15.0,3.5,2.0,,350.0,350.0,False,348,58.0,2604.25,1.111,38.79,1938.16,1.34,55.56,40,72
28,-85.0,-15.0,4.0,1.5,1.35,0.0,0.0,True,120,20.0,2547.43,1.353,29.17,1803.07,1.41,34.72,25,72
28,-85.0,-15.0,4.0,1.5,1.35,200.0,250.0,True,102,17.0,1961.58,1.345,29.41,1749.17,1.12,34.72,25,72
28,-85.0,-15.0,4.0,1.5,1.35,250.0,250.0,True,105,17.5,1968.04,1.336,29.52,1636.52,1.2,34.72,25,72
28,-85.0,-15.0,4.0,1.5,1.35,350.0,350.0,True,115,19.2,1182.18,1.173,27.83,1803.07,0.66,33.33,24,72
28,-85.0,-15.0,4.0,1.5,1.4,0.0,0.0,True,141,23.5,2517.14,1.294,29.79,1682.84,1.5,38.89,28,72
28,-85.0,-15.0,4.0,1.5,1.4,200.0,250.0,True,116,19.3,1930.92,1.293,30.17,1730.42,1.12,38.89,28,72
28,-85.0,-15.0,4.0,1.5,1.4,250.0,250.0,True,122,20.3,1662.3,1.236,29.51,1617.77,1.03,37.5,27,72
28,-85.0,-15.0,4.0,1.5,1.4,350.0,350.0,True,135,22.5,1228.64,1.152,28.89,1606.09,0.76,37.5,27,72
28,-85.0,-15.0,4.0,1.5,1.45,0.0,0.0,True,170,28.3,2416.04,1.229,29.41,1794.0,1.35,41.67,30,72
28,-85.0,-15.0,4.0,1.5,1.45,200.0,250.0,True,138,23.0,1257.1,1.156,28.26,1968.27,0.64,40.28,29,72
28,-85.0,-15.0,4.0,1.5,1.45,250.0,250.0,True,142,23.7,1573.63,1.192,28.87,1855.62,0.85,40.28,29,72
28,-85.0,-15.0,4.0,1.5,1.45,350.0,350.0,True,158,26.3,1327.37,1.142,28.48,1851.92,0.72,40.28,29,72
28,-85.0,-15.0,4.0,1.5,,0.0,0.0,False,526,87.7,8089.15,1.229,30.42,2210.9,3.66,51.39,37,72
28,-85.0,-15.0,4.0,1.5,,200.0,250.0,False,304,50.7,2839.15,1.168,29.61,3181.34,0.89,51.39,37,72
28,-85.0,-15.0,4.0,1.5,,250.0,250.0,False,319,53.2,4174.28,1.239,30.72,2452.24,1.7,51.39,37,72
28,-85.0,-15.0,4.0,1.5,,350.0,350.0,False,410,68.3,6154.26,1.27,31.46,1390.8,4.42,55.56,40,72
28,-85.0,-15.0,4.0,2.0,1.35,0.0,0.0,True,116,19.3,3112.02,1.373,38.79,1281.52,2.43,40.28,29,72
28,-85.0,-15.0,4.0,2.0,1.35,200.0,250.0,True,96,16.0,2345.83,1.379,38.54,1348.59,1.74,40.28,29,72
28,-85.0,-15.0,4.0,2.0,1.35,250.0,250.0,True,99,16.5,2296.34,1.358,38.38,1348.59,1.7,40.28,29,72
28,-85.0,-15.0,4.0,2.0,1.35,350.0,350.0,True,110,18.3,1589.59,1.203,37.27,1273.35,1.25,38.89,28,72
28,-85.0,-15.0,4.0,2.0,1.4,0.0,0.0,True,135,22.5,2706.37,1.27,37.78,1306.07,2.07,43.06,31,72
28,-85.0,-15.0,4.0,2.0,1.4,200.0,250.0,True,105,17.5,2053.52,1.292,38.1,1565.0,1.31,43.06,31,72
28,-85.0,-15.0,4.0,2.0,1.4,250.0,250.0,True,110,18.3,2213.65,1.304,38.18,1689.62,1.31,43.06,31,72
28,-85.0,-15.0,4.0,2.0,1.4,350.0,350.0,True,126,21.0,1571.42,1.173,37.3,1306.07,1.2,41.67,30,72
28,-85.0,-15.0,4.0,2.0,1.45,0.0,0.0,True,159,26.5,2302.06,1.189,37.11,1853.32,1.24,43.06,31,72
28,-85.0,-15.0,4.0,2.0,1.45,200.0,250.0,True,123,20.5,1299.9,1.151,35.77,1933.22,0.67,44.44,32,72
28,-85.0,-15.0,4.0,2.0,1.45,250.0,250.0,True,128,21.3,1485.53,1.168,35.94,2090.33,0.71,44.44,32,72
28,-85.0,-15.0,4.0,2.0,1.45,350.0,350.0,True,146,24.3,1635.61,1.157,36.99,1525.95,1.07,44.44,32,72
28,-85.0,-15.0,4.0,2.0,,0.0,0.0,False,455,75.8,7116.08,1.189,36.48,2939.38,2.42,50.0,36,72
28,-85.0,-15.0,4.0,2.0,,200.0,250.0,False,231,38.5,3618.76,1.24,37.66,1241.31,2.92,54.17,39,72
28,-85.0,-15.0,4.0,2.0,,250.0,250.0,False,259,43.2,4760.06,1.286,38.61,1241.31,3.83,54.17,39,72
28,-85.0,-15.0,4.0,2.0,,350.0,350.0,False,330,55.0,5822.57,1.26,38.18,1420.51,4.1,55.56,40,72
28,-85.0,-15.0,4.5,1.5,1.35,0.0,0.0,True,119,19.8,2480.26,1.335,26.89,1498.41,1.66,33.33,24,72
28,-85.0,-15.0,4.5,1.5,1.35,200.0,250.0,True,99,16.5,1730.07,1.295,26.26,1674.9,1.03,31.94,23,72
28,-85.0,-15.0,4.5,1.5,1.35,250.0,250.0,True,102,17.0,1880.81,1.312,26.47,1447.68,1.3,31.94,23,72
28,-85.0,-15.0,4.5,1.5,1.35,350.0,350.0,True,116,19.3,1333.73,1.185,25.86,1498.41,0.89,30.56,22,72
28,-85.0,-15.0,4.5,1.5,1.4,0.0,0.0,True,140,23.3,2303.74,1.261,27.14,1413.54,1.63,36.11,26,72
28,-85.0,-15.0,4.5,1.5,1.4,200.0,250.0,True,111,18.5,1702.92,1.257,27.03,1705.02,1.0,36.11,26,72
28,-85.0,-15.0,4.5,1.5,1.4,250.0,250.0,True,120,20.0,1912.22,1.266,27.5,1413.54,1.35,34.72,25,72
28,-85.0,-15.0,4.5,1.5,1.4,350.0,350.0,True,134,22.3,1065.61,1.126,26.12,1413.54,0.75,33.33,24,72
28,-85.0,-15.0,4.5,1.5,1.45,0.0,0.0,True,169,28.2,2442.23,1.226,27.22,1480.42,1.65,40.28,29,72
28,-85.0,-15.0,4.5,1.5,1.45,200.0,250.0,True,134,22.3,1422.0,1.175,26.12,1716.06,0.83,38.89,28,72
28,-85.0,-15.0,4.5,1.5,1.45,250.0,250.0,True,138,23.0,2200.86,1.269,27.54,1359.11,1.62,38.89,28,72
28,-85.0,-15.0,4.5,1.5,1.45,350.0,350.0,True,155,25.8,1867.79,1.197,27.1,1585.55,1.18,37.5,27,72
28,-85.0,-15.0,4.5,1.5,,0.0,0.0,False,512,85.3,8039.46,1.226,27.93,3004.78,2.68,51.39,37,72
28,-85.0,-15.0,4.5,1.5,,200.0,250.0,False,282,47.0,2970.01,1.183,26.95,3094.77,0.96,52.78,38,72
28,-85.0,-15.0,4.5,1.5,,250.0,250.0,False,303,50.5,3499.68,1.202,27.39,3592.0,0.97,50.0,36,72
28,-85.0,-15.0,4.5,1.5,,350.0,350.0,False,373,62.2,5957.8,1.275,29.22,2065.26,2.88,55.56,40,72
28,-85.0,-15.0,4.5,2.0,1.35,0.0,0.0,True,115,19.2,3200.75,1.372,36.52,1241.07,2.58,36.11,26,72
28,-85.0,-15.0,4.5,2.0,1.35,200.0,250.0,True,93,15.5,2291.9,1.365,36.56,1196.94,1.91,36.11,26,72
28,-85.0,-15.0,4.5,2.0,1.35,250.0,250.0,True,95,15.8,2061.89,1.317,35.79,1196.94,1.72,36.11,26,72
28,-85.0,-15.0,4.5,2.0,1.35,350.0,350.0,True,111,18.5,1795.51,1.216,35.14,1196.94,1.5,34.72,25,72
28,-85.0,-15.0,4.5,2.0,1.4,0.0,0.0,True,134,22.3,2613.87,1.252,35.07,1221.32,2.14,40.28,29,72
28,-85.0,-15.0,4.5,2.0,1.4,200.0,250.0,True,101,16.8,2193.31,1.316,36.63,1151.42,1.9,40.28,29,72
28,-85.0,-15.0,4.5,2.0,1.4,250.0,250.0,True,106,17.7,2394.31,1.328,36.79,1151.42,2.08,40.28,29,72
28,-85.0,-15.0,4.5,2.0,1.4,350.0,350.0,True,126,21.0,1686.15,1.175,34.92,1221.32,1.38,38.89,28,72
28,-85.0,-15.0,4.5,2.0,1.45,0.0,0.0,True,158,26.3,2434.71,1.194,34.81,1766.09,1.38,38.89,28,72
28,-85.0,-15.0,4.5,2.0,1.45,200.0,250.0,True,120,20.0,1417.15,1.163,34.17,1386.35,1.02,40.28,29,72
28,-85.0,-15.0,4.5,2.0,1.45,250.0,250.0,True,122,20.3,1634.29,1.186,34.43,1475.81,1.11,40.28,29,72
28,-85.0,-15.0,4.5,2.0,1.45,350.0,350.0,True,142,23.7,2127.61,1.201,35.21,1298.72,1.64,40.28,29,72
28,-85.0,-15.0,4.5,2.0,,0.0,0.0,False,443,73.8,6275.01,1.163,33.41,3477.17,1.8,48.61,35,72
28,-85.0,-15.0,4.5,2.0,,200.0,250.0,False,232,38.7,1853.11,1.113,32.76,1767.49,1.05,51.39,37,72
28,-85.0,-15.0,4.5,2.0,,250.0,250.0,False,241,40.2,3299.65,1.2,34.44,1338.5,2.47,51.39,37,72
28,-85.0,-15.0,4.5,2.0,,350.0,350.0,False,302,50.3,5005.21,1.231,35.43,1774.37,2.82,56.94,41,72
