total_trades,net_profit,pf,win_rate,max_dd,mcr,total_months,pos_months,neg_months,box_lookback,vcr_thresh,skew_mult,use_ema_filter,sl_buffer_atr,tp_rr_mult
334,-1392.64,0.842,32.34,2229.81,39.13,69,27,42,8,0.65,1.0,True,0.2,2.0
333,-1551.0,0.842,24.92,2365.65,43.48,69,30,39,8,0.65,1.0,True,0.2,3.0
332,-1422.95,0.863,20.48,2249.95,42.03,69,29,40,8,0.65,1.0,True,0.2,4.0
330,-2075.45,0.789,31.21,2579.22,44.93,69,31,38,8,0.65,1.0,True,0.5,2.0
330,-891.4,0.916,26.06,2316.3,44.93,69,31,38,8,0.65,1.0,True,0.5,3.0
326,-838.13,0.926,21.78,2136.57,47.83,69,33,36,8,0.65,1.0,True,0.5,4.0
577,-482.26,0.966,33.8,2510.54,44.29,70,31,39,8,0.65,1.0,False,0.2,2.0
570,-1190.48,0.926,25.61,2766.59,47.14,70,33,37,8,0.65,1.0,False,0.2,3.0
563,-1330.47,0.922,20.6,3350.09,44.29,70,31,39,8,0.65,1.0,False,0.2,4.0
564,-2395.38,0.852,31.74,3561.75,47.14,70,33,37,8,0.65,1.0,False,0.5,2.0
560,-2130.32,0.881,24.64,3905.88,40.0,70,28,42,8,0.65,1.0,False,0.5,3.0
547,-2240.61,0.88,20.48,4304.28,44.29,70,31,39,8,0.65,1.0,False,0.5,4.0
298,-1620.62,0.8,32.55,2391.76,37.68,69,26,43,8,0.65,1.25,True,0.2,2.0
296,-1628.93,0.818,24.32,2557.61,42.03,69,29,40,8,0.65,1.25,True,0.2,3.0
296,-1441.13,0.848,20.27,2561.99,37.68,69,26,43,8,0.65,1.25,True,0.2,4.0
295,-1881.83,0.79,31.53,2764.01,40.58,69,28,41,8,0.65,1.25,True,0.5,2.0
294,-747.79,0.922,25.85,2344.77,46.38,69,32,37,8,0.65,1.25,True,0.5,3.0
293,-637.91,0.938,21.84,2229.98,46.38,69,32,37,8,0.65,1.25,True,0.5,4.0
517,-465.2,0.964,34.62,2402.9,47.14,70,33,37,8,0.65,1.25,False,0.2,2.0
510,-870.5,0.94,26.08,2578.34,45.71,70,32,38,8,0.65,1.25,False,0.2,3.0
504,-1276.38,0.917,20.83,3446.58,44.29,70,31,39,8,0.65,1.25,False,0.2,4.0
508,-1764.33,0.878,32.68,3124.47,50.0,70,35,35,8,0.65,1.25,False,0.5,2.0
504,-1738.93,0.892,24.8,3242.68,44.29,70,31,39,8,0.65,1.25,False,0.5,3.0
495,-2565.75,0.85,20.0,4304.77,42.86,70,30,40,8,0.65,1.25,False,0.5,4.0
614,-1722.55,0.906,33.22,3254.05,40.28,72,29,43,8,0.7,1.0,True,0.2,2.0
604,-1161.14,0.942,25.0,3741.6,45.83,72,33,39,8,0.7,1.0,True,0.2,3.0
593,-1317.37,0.937,20.91,3598.81,45.83,72,33,39,8,0.7,1.0,True,0.2,4.0
601,-2793.72,0.862,31.45,4223.65,37.5,72,27,45,8,0.7,1.0,True,0.5,2.0
595,-494.39,0.977,25.71,3815.25,47.22,72,34,38,8,0.7,1.0,True,0.5,3.0
578,-416.09,0.982,21.28,3030.74,41.67,72,30,42,8,0.7,1.0,True,0.5,4.0
976,-3744.02,0.872,32.89,5252.18,41.67,72,30,42,8,0.7,1.0,False,0.2,2.0
952,-3439.92,0.892,24.79,5459.46,43.06,72,31,41,8,0.7,1.0,False,0.2,3.0
936,-3183.31,0.904,20.83,4896.08,36.11,72,26,46,8,0.7,1.0,False,0.2,4.0
945,-6470.96,0.801,30.79,7726.47,26.39,72,19,53,8,0.7,1.0,False,0.5,2.0
927,-3607.68,0.896,24.6,5861.91,40.28,72,29,43,8,0.7,1.0,False,0.5,3.0
896,-4021.46,0.888,20.2,5550.03,36.11,72,26,46,8,0.7,1.0,False,0.5,4.0
540,-873.37,0.946,34.44,2061.38,42.25,71,30,41,8,0.7,1.25,True,0.2,2.0
531,-141.32,0.992,25.8,2569.44,49.3,71,35,36,8,0.7,1.25,True,0.2,3.0
523,-601.59,0.968,21.41,2744.6,46.48,71,33,38,8,0.7,1.25,True,0.2,4.0
529,-1506.2,0.915,32.7,3404.17,40.85,71,29,42,8,0.7,1.25,True,0.5,2.0
523,471.34,1.025,26.58,2700.41,49.3,71,35,36,8,0.7,1.25,True,0.5,3.0
512,930.05,1.046,22.27,2345.51,46.48,71,33,38,8,0.7,1.25,True,0.5,4.0
873,-2558.47,0.903,34.14,3585.99,40.28,72,29,43,8,0.7,1.25,False,0.2,2.0
848,-1618.68,0.943,26.06,3387.19,38.89,72,28,44,8,0.7,1.25,False,0.2,3.0
833,-2569.05,0.914,21.25,3813.77,40.28,72,29,43,8,0.7,1.25,False,0.2,4.0
848,-4503.75,0.846,32.19,5608.4,33.33,72,24,48,8,0.7,1.25,False,0.5,2.0
830,-2315.26,0.926,25.3,4251.36,38.89,72,28,44,8,0.7,1.25,False,0.5,3.0
804,-3090.55,0.905,20.52,4532.71,38.89,72,28,44,8,0.7,1.25,False,0.5,4.0
956,-859.46,0.972,32.95,4581.9,41.67,72,30,42,8,0.75,1.0,True,0.2,2.0
923,-236.02,0.993,25.03,5780.66,45.83,72,33,39,8,0.75,1.0,True,0.2,3.0
892,198.7,1.006,20.63,5226.19,50.0,72,36,36,8,0.75,1.0,True,0.2,4.0
931,-616.18,0.981,32.76,5225.51,41.67,72,30,42,8,0.75,1.0,True,0.5,2.0
899,1974.24,1.056,26.14,4584.26,50.0,72,36,36,8,0.75,1.0,True,0.5,3.0
856,-958.64,0.974,20.33,5621.14,45.83,72,33,39,8,0.75,1.0,True,0.5,4.0
1396,-3935.68,0.914,32.16,7330.34,30.56,72,22,50,8,0.75,1.0,False,0.2,2.0
1320,-5327.09,0.89,24.02,7923.51,31.94,72,23,49,8,0.75,1.0,False,0.2,3.0
1264,-2383.19,0.951,20.41,5008.27,41.67,72,30,42,8,0.75,1.0,False,0.2,4.0
1340,-5053.29,0.897,31.34,8697.51,31.94,72,23,49,8,0.75,1.0,False,0.5,2.0
1259,-3988.17,0.921,24.23,6801.94,41.67,72,30,42,8,0.75,1.0,False,0.5,3.0
1183,-2486.59,0.951,20.12,5420.81,41.67,72,30,42,8,0.75,1.0,False,0.5,4.0
864,908.28,1.032,34.14,3191.13,44.44,72,32,40,8,0.75,1.25,True,0.2,2.0
836,1611.88,1.052,25.96,3870.35,51.39,72,37,35,8,0.75,1.25,True,0.2,3.0
809,931.03,1.029,21.01,3812.54,48.61,72,35,37,8,0.75,1.25,True,0.2,4.0
843,1161.21,1.038,33.81,4174.28,47.22,72,34,38,8,0.75,1.25,True,0.5,2.0
818,3318.17,1.102,26.89,3130.77,54.17,72,39,33,8,0.75,1.25,True,0.5,3.0
780,488.15,1.014,20.9,3959.94,45.83,72,33,39,8,0.75,1.25,True,0.5,4.0
1277,-172.15,0.996,33.75,4757.37,41.67,72,30,42,8,0.75,1.25,False,0.2,2.0
1206,-314.17,0.993,25.79,4052.7,37.5,72,27,45,8,0.75,1.25,False,0.2,3.0
1153,-251.48,0.994,20.99,3334.66,44.44,72,32,40,8,0.75,1.25,False,0.2,4.0
1235,-710.22,0.984,32.96,5703.68,41.67,72,30,42,8,0.75,1.25,False,0.5,2.0
1158,-520.47,0.989,25.13,4252.31,43.06,72,31,41,8,0.75,1.25,False,0.5,3.0
1089,-2007.65,0.957,20.11,4607.54,44.44,72,32,40,8,0.75,1.25,False,0.5,4.0
255,-1905.87,0.772,31.37,2417.42,39.39,66,26,40,12,0.65,1.0,True,0.2,2.0
254,-678.14,0.924,26.38,1851.32,43.94,66,29,37,12,0.65,1.0,True,0.2,3.0
254,-393.84,0.958,21.65,1610.59,48.48,66,32,34,12,0.65,1.0,True,0.2,4.0
253,-1129.21,0.871,33.2,1876.17,42.42,66,28,38,12,0.65,1.0,True,0.5,2.0
252,104.82,1.011,27.78,1464.71,46.97,66,31,35,12,0.65,1.0,True,0.5,3.0
248,492.99,1.05,22.58,1217.99,48.48,66,32,34,12,0.65,1.0,True,0.5,4.0
455,-1925.76,0.863,32.09,3344.47,45.71,70,32,38,12,0.65,1.0,False,0.2,2.0
451,-812.6,0.947,25.94,3229.27,44.29,70,31,39,12,0.65,1.0,False,0.2,3.0
444,-1455.13,0.911,20.5,3424.11,38.57,70,27,43,12,0.65,1.0,False,0.2,4.0
449,-1514.21,0.899,32.29,3200.68,47.14,70,33,37,12,0.65,1.0,False,0.5,2.0
442,-1682.66,0.899,24.89,3455.38,45.71,70,32,38,12,0.65,1.0,False,0.5,3.0
433,-1003.71,0.942,20.32,3314.54,42.86,70,30,40,12,0.65,1.0,False,0.5,4.0
226,-2435.64,0.687,30.09,2934.81,37.5,64,24,40,12,0.65,1.25,True,0.2,2.0
225,-1691.05,0.795,24.89,2410.67,43.75,64,28,36,12,0.65,1.25,True,0.2,3.0
225,-1668.96,0.809,20.0,2048.65,40.62,64,26,38,12,0.65,1.25,True,0.2,4.0
224,-1808.87,0.777,31.7,2503.4,37.5,64,24,40,12,0.65,1.25,True,0.5,2.0
223,-1150.23,0.869,26.01,2071.97,43.75,64,28,36,12,0.65,1.25,True,0.5,3.0
221,-620.24,0.932,21.27,1526.84,42.19,64,27,37,12,0.65,1.25,True,0.5,4.0
392,-2439.16,0.808,31.63,3554.11,41.43,70,29,41,12,0.65,1.25,False,0.2,2.0
388,-1603.16,0.883,25.77,3619.27,41.43,70,29,41,12,0.65,1.25,False,0.2,3.0
382,-3129.92,0.787,19.11,4283.74,32.86,70,23,47,12,0.65,1.25,False,0.2,4.0
387,-1870.21,0.861,32.3,3097.69,44.29,70,31,39,12,0.65,1.25,False,0.5,2.0
380,-2194.52,0.852,25.0,3500.72,41.43,70,29,41,12,0.65,1.25,False,0.5,3.0
375,-2102.9,0.865,19.73,3660.42,38.57,70,27,43,12,0.65,1.25,False,0.5,4.0
474,-3526.02,0.797,31.22,4363.45,38.89,72,28,44,12,0.7,1.0,True,0.2,2.0
464,-1533.47,0.916,25.86,3418.34,45.83,72,33,39,12,0.7,1.0,True,0.2,3.0
458,-3019.78,0.845,20.52,4255.76,41.67,72,30,42,12,0.7,1.0,True,0.2,4.0
468,-2914.79,0.841,32.26,3975.17,44.44,72,32,40,12,0.7,1.0,True,0.5,2.0
457,-716.88,0.963,26.91,3421.73,47.22,72,34,38,12,0.7,1.0,True,0.5,3.0
448,-2234.63,0.892,21.21,3637.16,43.06,72,31,41,12,0.7,1.0,True,0.5,4.0
763,-5896.81,0.789,31.32,6918.52,36.11,72,26,46,12,0.7,1.0,False,0.2,2.0
750,-3750.76,0.874,25.47,5064.18,38.89,72,28,44,12,0.7,1.0,False,0.2,3.0
729,-5979.6,0.809,20.16,6812.94,38.89,72,28,44,12,0.7,1.0,False,0.2,4.0
747,-5338.49,0.82,31.73,6848.04,36.11,72,26,46,12,0.7,1.0,False,0.5,2.0
724,-4990.34,0.844,24.59,6358.6,38.89,72,28,44,12,0.7,1.0,False,0.5,3.0
694,-6305.22,0.808,19.88,6871.86,40.28,72,29,43,12,0.7,1.0,False,0.5,4.0
413,-3641.94,0.769,30.75,4479.37,35.21,71,25,46,12,0.7,1.25,True,0.2,2.0
404,-1456.23,0.911,25.99,3378.83,49.3,71,35,36,12,0.7,1.25,True,0.2,3.0
396,-3322.08,0.81,20.2,4289.93,45.07,71,32,39,12,0.7,1.25,True,0.2,4.0
410,-3027.36,0.818,31.71,3945.01,42.25,71,30,41,12,0.7,1.25,True,0.5,2.0
399,-828.54,0.953,26.82,3634.71,50.7,71,36,35,12,0.7,1.25,True,0.5,3.0
391,-2669.9,0.856,20.72,3716.66,45.07,71,32,39,12,0.7,1.25,True,0.5,4.0
668,-6328.93,0.753,30.54,7232.17,30.56,72,22,50,12,0.7,1.25,False,0.2,2.0
655,-4239.84,0.844,25.04,5456.8,44.44,72,32,40,12,0.7,1.25,False,0.2,3.0
632,-8050.23,0.72,18.83,8574.12,33.33,72,24,48,12,0.7,1.25,False,0.2,4.0
660,-5447.26,0.799,31.36,6738.6,30.56,72,22,50,12,0.7,1.25,False,0.5,2.0
638,-5489.64,0.813,24.14,6827.81,44.44,72,32,40,12,0.7,1.25,False,0.5,3.0
614,-7876.29,0.741,18.89,8502.85,38.89,72,28,44,12,0.7,1.25,False,0.5,4.0
774,1172.62,1.04,33.98,3480.26,47.22,72,34,38,12,0.75,1.0,True,0.2,2.0
732,1201.51,1.038,26.5,3265.2,51.39,72,37,35,12,0.75,1.0,True,0.2,3.0
711,2379.3,1.072,21.66,2636.64,48.61,72,35,37,12,0.75,1.0,True,0.2,4.0
755,1638.29,1.052,34.57,3134.91,44.44,72,32,40,12,0.75,1.0,True,0.5,2.0
716,3911.1,1.119,27.65,2131.31,51.39,72,37,35,12,0.75,1.0,True,0.5,3.0
691,1113.53,1.032,21.13,3129.9,48.61,72,35,37,12,0.75,1.0,True,0.5,4.0
1133,-3622.19,0.918,31.86,7281.72,38.89,72,28,44,12,0.75,1.0,False,0.2,2.0
1058,-2327.56,0.949,25.33,4793.5,41.67,72,30,42,12,0.75,1.0,False,0.2,3.0
996,-2260.93,0.951,20.38,5858.68,40.28,72,29,43,12,0.75,1.0,False,0.2,4.0
1090,-2246.8,0.951,32.94,6200.63,43.06,72,31,41,12,0.75,1.0,False,0.5,2.0
1008,-410.77,0.991,25.69,4416.19,43.06,72,31,41,12,0.75,1.0,False,0.5,3.0
942,-1389.76,0.971,20.59,5128.28,44.44,72,32,40,12,0.75,1.0,False,0.5,4.0
674,1203.2,1.045,34.12,3066.94,50.0,72,36,36,12,0.75,1.25,True,0.2,2.0
636,2720.37,1.097,27.2,1926.59,59.72,72,43,29,12,0.75,1.25,True,0.2,3.0
617,3697.01,1.127,21.72,2880.34,58.33,72,42,30,12,0.75,1.25,True,0.2,4.0
659,2006.1,1.072,34.6,3093.42,52.78,72,38,34,12,0.75,1.25,True,0.5,2.0
624,5343.86,1.183,28.21,1859.59,59.72,72,43,29,12,0.75,1.25,True,0.5,3.0
602,3213.85,1.104,21.43,3824.2,54.17,72,39,33,12,0.75,1.25,True,0.5,4.0
1005,-2866.06,0.929,32.24,6056.95,43.06,72,31,41,12,0.75,1.25,False,0.2,2.0
933,-923.92,0.978,25.51,3567.68,48.61,72,35,37,12,0.75,1.25,False,0.2,3.0
878,-2188.26,0.948,19.59,5559.85,51.39,72,37,35,12,0.75,1.25,False,0.2,4.0
975,-1879.77,0.955,32.92,5877.03,45.83,72,33,39,12,0.75,1.25,False,0.5,2.0
899,-80.37,0.998,25.58,4946.82,48.61,72,35,37,12,0.75,1.25,False,0.5,3.0
843,-1248.25,0.971,20.05,6036.19,48.61,72,35,37,12,0.75,1.25,False,0.5,4.0
208,-2448.41,0.697,31.73,2566.81,41.27,63,26,37,16,0.65,1.0,True,0.2,2.0
207,-1888.89,0.782,25.6,2193.61,41.27,63,26,37,16,0.65,1.0,True,0.2,3.0
205,-2518.17,0.727,19.51,2564.14,36.51,63,23,40,16,0.65,1.0,True,0.2,4.0
206,-1866.68,0.777,33.5,2225.55,42.86,63,27,36,16,0.65,1.0,True,0.5,2.0
204,-1905.19,0.793,25.49,2269.69,38.1,63,24,39,16,0.65,1.0,True,0.5,3.0
202,-1692.19,0.824,20.79,2177.65,38.1,63,24,39,16,0.65,1.0,True,0.5,4.0
364,-2027.77,0.848,32.69,2892.2,42.03,69,29,40,16,0.65,1.0,False,0.2,2.0
359,-1086.1,0.925,26.46,2701.24,47.83,69,33,36,16,0.65,1.0,False,0.2,3.0
355,-2006.51,0.87,20.28,3835.46,38.24,68,26,42,16,0.65,1.0,False,0.2,4.0
361,-1378.12,0.902,33.52,2382.95,42.03,69,29,40,16,0.65,1.0,False,0.5,2.0
354,-235.33,0.984,27.12,2173.24,47.83,69,33,36,16,0.65,1.0,False,0.5,3.0
349,406.67,1.026,22.35,2020.75,46.38,69,32,37,16,0.65,1.0,False,0.5,4.0
178,-2384.23,0.675,30.9,2510.72,38.71,62,24,38,16,0.65,1.25,True,0.2,2.0
177,-2300.33,0.71,23.73,2256.02,37.1,62,23,39,16,0.65,1.25,True,0.2,3.0
176,-2666.56,0.683,18.18,2704.62,32.26,62,20,42,16,0.65,1.25,True,0.2,4.0
176,-1889.51,0.751,32.95,2256.6,40.32,62,25,37,16,0.65,1.25,True,0.5,2.0
174,-2226.3,0.734,24.14,2565.08,35.48,62,22,40,16,0.65,1.25,True,0.5,3.0
173,-2029.46,0.768,19.65,2510.81,33.87,62,21,41,16,0.65,1.25,True,0.5,4.0
309,-1817.6,0.849,32.69,2702.47,41.18,68,28,40,16,0.65,1.25,False,0.2,2.0
304,-1512.38,0.885,25.33,2855.72,48.53,68,33,35,16,0.65,1.25,False,0.2,3.0
299,-2024.17,0.854,19.73,3647.13,40.3,67,27,40,16,0.65,1.25,False,0.2,4.0
305,-1157.56,0.907,33.77,2186.1,42.65,68,29,39,16,0.65,1.25,False,0.5,2.0
300,-702.22,0.949,26.33,2483.97,50.0,68,34,34,16,0.65,1.25,False,0.5,3.0
293,-26.9,0.998,21.84,2419.24,47.06,68,32,36,16,0.65,1.25,False,0.5,4.0
394,-3677.85,0.787,30.96,4289.21,41.43,70,29,41,16,0.7,1.0,True,0.2,2.0
382,-3474.3,0.812,24.87,4350.04,41.43,70,29,41,16,0.7,1.0,True,0.2,3.0
376,-7277.89,0.636,17.02,7214.04,31.43,70,22,48,16,0.7,1.0,True,0.2,4.0
388,-3492.93,0.807,31.96,4482.85,40.0,70,28,42,16,0.7,1.0,True,0.5,2.0
376,-3154.92,0.838,25.27,4011.01,41.43,70,29,41,16,0.7,1.0,True,0.5,3.0
368,-5475.93,0.735,19.02,5732.31,34.29,70,24,46,16,0.7,1.0,True,0.5,4.0
635,-5591.68,0.8,31.02,6982.58,40.28,72,29,43,16,0.7,1.0,False,0.2,2.0
598,-4912.63,0.832,24.75,7111.15,38.89,72,28,44,16,0.7,1.0,False,0.2,3.0
583,-8426.69,0.728,18.18,10009.88,36.11,72,26,46,16,0.7,1.0,False,0.2,4.0
622,-5315.6,0.818,31.83,7094.1,38.89,72,28,44,16,0.7,1.0,False,0.5,2.0
587,-3662.18,0.881,25.72,6159.18,45.83,72,33,39,16,0.7,1.0,False,0.5,3.0
567,-5495.5,0.828,20.28,7708.96,43.06,72,31,41,16,0.7,1.0,False,0.5,4.0
348,-3358.67,0.786,30.75,3984.29,44.29,70,31,39,16,0.7,1.25,True,0.2,2.0
338,-3625.96,0.786,23.96,4282.3,41.43,70,29,41,16,0.7,1.25,True,0.2,3.0
332,-7349.21,0.598,15.96,7281.31,30.0,70,21,49,16,0.7,1.25,True,0.2,4.0
343,-3182.86,0.806,31.78,4195.41,42.86,70,30,40,16,0.7,1.25,True,0.5,2.0
332,-3619.89,0.797,24.1,4757.14,40.0,70,28,42,16,0.7,1.25,True,0.5,3.0
324,-5805.4,0.692,17.9,5920.99,31.43,70,22,48,16,0.7,1.25,True,0.5,4.0
558,-5215.24,0.796,30.82,6640.53,40.28,72,29,43,16,0.7,1.25,False,0.2,2.0
526,-5146.53,0.809,23.95,7208.14,43.06,72,31,41,16,0.7,1.25,False,0.2,3.0
511,-8354.42,0.705,17.61,9961.92,36.11,72,26,46,16,0.7,1.25,False,0.2,4.0
547,-4967.92,0.814,31.63,6757.71,43.06,72,31,41,16,0.7,1.25,False,0.5,2.0
517,-4804.13,0.83,24.37,7347.99,44.44,72,32,40,16,0.7,1.25,False,0.5,3.0
497,-6250.25,0.786,19.32,8471.36,41.67,72,30,42,16,0.7,1.25,False,0.5,4.0
655,933.35,1.031,33.28,2870.13,43.06,72,31,41,16,0.75,1.0,True,0.2,2.0
621,1673.02,1.053,26.09,2537.2,55.56,72,40,32,16,0.75,1.0,True,0.2,3.0
593,-1745.24,0.947,19.56,5098.54,48.61,72,35,37,16,0.75,1.0,True,0.2,4.0
636,858.32,1.028,33.96,3308.7,47.22,72,34,38,16,0.75,1.0,True,0.5,2.0
606,2099.14,1.063,26.24,3092.47,50.0,72,36,36,16,0.75,1.0,True,0.5,3.0
573,-815.86,0.976,20.42,5220.83,44.44,72,32,40,16,0.75,1.0,True,0.5,4.0
942,-3933.93,0.91,31.63,5671.32,41.67,72,30,42,16,0.75,1.0,False,0.2,2.0
870,-1032.36,0.977,25.4,4645.63,47.22,72,34,38,16,0.75,1.0,False,0.2,3.0
811,-3624.81,0.92,19.48,6796.16,47.22,72,34,38,16,0.75,1.0,False,0.2,4.0
901,-3423.29,0.924,32.52,5219.02,44.44,72,32,40,16,0.75,1.0,False,0.5,2.0
835,-951.58,0.979,25.63,4790.37,50.0,72,36,36,16,0.75,1.0,False,0.5,3.0
768,-1813.94,0.961,20.83,5936.14,47.22,72,34,38,16,0.75,1.0,False,0.5,4.0
572,-652.22,0.976,32.52,3549.36,47.22,72,34,38,16,0.75,1.25,True,0.2,2.0
548,-717.36,0.976,25.0,3410.97,48.61,72,35,37,16,0.75,1.25,True,0.2,3.0
523,-3497.84,0.885,18.55,6552.48,44.44,72,32,40,16,0.75,1.25,True,0.2,4.0
556,-1014.51,0.964,33.09,3936.9,51.39,72,37,35,16,0.75,1.25,True,0.5,2.0
533,-586.33,0.981,25.14,4211.16,41.67,72,30,42,16,0.75,1.25,True,0.5,3.0
503,-2306.71,0.926,19.48,6117.43,40.28,72,29,43,16,0.75,1.25,True,0.5,4.0
835,-3464.18,0.912,32.1,4501.34,44.44,72,32,40,16,0.75,1.25,False,0.2,2.0
774,-2370.58,0.942,25.06,4431.83,47.22,72,34,38,16,0.75,1.25,False,0.2,3.0
717,-4451.84,0.893,19.25,6870.04,38.89,72,28,44,16,0.75,1.25,False,0.2,4.0
801,-4151.96,0.898,32.33,4940.75,41.67,72,30,42,16,0.75,1.25,False,0.5,2.0
743,-3513.22,0.918,24.63,5710.79,48.61,72,35,37,16,0.75,1.25,False,0.5,3.0
682,-3715.51,0.913,19.94,6362.25,43.06,72,31,41,16,0.75,1.25,False,0.5,4.0
