total_trades,net_profit,pf,win_rate,max_dd,mcr,total_months,pos_months,neg_months,profit_lock,trend_tp,use_cvd,def_mult
647,4480.83,1.3,32.61,1383.08,62.5,72,45,27,150.0,4.0,False,0.3
743,5003.2,1.359,31.9,1136.67,59.72,72,43,29,150.0,4.0,False,0.2
739,4691.14,1.26,32.07,1479.74,58.33,72,42,30,200.0,4.0,False,0.3
648,3616.11,1.239,31.48,1565.93,58.33,72,42,30,150.0,4.0,True,0.3
782,2043.17,1.114,32.35,1539.53,56.94,72,41,31,150.0,3.5,False,0.3
769,4299.59,1.302,30.56,1282.24,55.56,72,40,32,150.0,4.0,True,0.2
736,4045.66,1.228,30.98,1428.36,54.17,72,39,33,200.0,4.0,True,0.3
800,528.37,1.029,31.25,1533.69,54.17,72,39,33,150.0,3.5,True,0.3
867,4192.36,1.24,30.91,1545.72,51.39,72,37,35,200.0,4.0,False,0.2
923,740.13,1.044,31.09,1994.67,51.39,72,37,35,150.0,3.5,True,0.2
857,4198.55,1.248,30.34,1451.53,50.0,72,36,36,200.0,4.0,True,0.2
902,1311.98,1.077,31.37,2113.18,50.0,72,36,36,150.0,3.5,False,0.2
904,1435.99,1.065,32.3,2153.21,50.0,72,36,36,200.0,3.5,False,0.3
1048,1979.79,1.096,31.2,2188.58,45.83,72,33,39,200.0,3.5,False,0.2
1099,1387.82,1.064,30.66,2082.41,45.83,72,33,39,200.0,3.5,True,0.2
976,-748.9,0.968,30.94,2773.11,44.44,72,32,40,200.0,3.5,True,0.3
