total_trades,net_profit,pf,win_rate,max_dd,mcr,total_months,pos_months,neg_months,d_trend,d_rev,profit_lock,def_mult
710,4416.1,1.32,40.0,1199.27,52.78,72,38,34,1.5,1.6,150.0,0.3
850,3938.4,1.279,46.59,1145.92,51.39,72,37,35,1.4,1.6,200.0,0.3
820,3570.6,1.271,46.95,1145.92,51.39,72,37,35,1.4,1.6,150.0,0.3
870,3657.5,1.269,47.13,1125.77,51.39,72,37,35,1.4,1.5,150.0,0.3
896,3811.84,1.265,47.1,1125.77,51.39,72,37,35,1.4,1.5,200.0,0.3
821,3814.57,1.296,40.32,1484.53,50.0,72,36,36,1.5,1.6,150.0,0.2
878,4602.75,1.368,46.13,1095.46,47.22,72,34,38,1.4,1.6,200.0,0.2
905,4364.49,1.359,46.85,1137.82,47.22,72,34,38,1.4,1.5,150.0,0.2
854,4201.33,1.357,46.25,1156.72,47.22,72,34,38,1.4,1.6,150.0,0.2
931,4447.09,1.346,46.83,1081.49,47.22,72,34,38,1.4,1.5,200.0,0.2
775,3243.45,1.204,39.48,2298.33,47.22,72,34,38,1.5,1.6,200.0,0.3
880,2692.09,1.182,39.89,2565.65,44.44,72,32,40,1.5,1.6,200.0,0.2
1012,1316.89,1.09,51.38,2552.52,41.67,72,30,42,1.3,1.5,150.0,0.3
974,780.22,1.052,50.21,2550.7,40.28,72,29,43,1.3,1.6,150.0,0.3
1097,987.89,1.069,51.96,2405.22,38.89,72,28,44,1.3,1.5,150.0,0.2
990,960.96,1.061,50.1,2550.7,38.89,72,28,44,1.3,1.6,200.0,0.3
1053,323.41,1.02,50.9,2552.52,37.5,72,27,45,1.3,1.5,200.0,0.3
1041,330.48,1.023,50.91,2745.5,36.11,72,26,46,1.3,1.6,150.0,0.2
1059,533.72,1.035,50.8,2745.5,34.72,72,25,47,1.3,1.6,200.0,0.2
1142,-30.92,0.998,51.49,2905.13,34.72,72,25,47,1.3,1.5,200.0,0.2
