total_trades,net_profit,pf,win_rate,max_dd,mcr,total_months,pos_months,neg_months,profit_lock,trend_tp,trend_sl,def_thresh,def_mult
647,4480.83,1.3,32.61,1383.08,62.5,72,45,27,150.0,4.0,2.5,120.0,0.3
696,3724.09,1.245,31.32,1945.9,61.11,72,44,28,150.0,4.0,2.5,100.0,0.3
743,5003.2,1.359,31.9,1136.67,59.72,72,43,29,150.0,4.0,2.5,120.0,0.2
796,4598.76,1.332,30.78,1250.25,58.33,72,42,30,150.0,4.0,2.5,100.0,0.2
739,4691.14,1.26,32.07,1479.74,58.33,72,42,30,200.0,4.0,2.5,120.0,0.3
782,2043.17,1.114,32.35,1539.53,56.94,72,41,31,150.0,3.5,2.5,120.0,0.3
919,1948.51,1.109,28.73,2114.81,56.94,72,41,31,150.0,4.5,2.0,120.0,0.3
777,5283.52,1.264,32.05,1479.74,55.56,72,40,32,250.0,4.0,2.5,120.0,0.3
799,3180.88,1.174,31.16,1873.22,55.56,72,40,32,200.0,4.0,2.5,100.0,0.3
1011,2222.41,1.121,28.39,2063.24,55.56,72,40,32,150.0,4.5,2.0,100.0,0.3
1048,3307.55,1.211,28.72,1988.07,54.17,72,39,33,150.0,4.5,2.0,120.0,0.2
663,2455.47,1.157,28.36,2107.19,54.17,72,39,33,150.0,4.5,2.5,100.0,0.3
1112,3280.38,1.21,28.42,1620.31,52.78,72,38,34,150.0,4.5,2.0,100.0,0.2
844,4040.06,1.199,31.16,1766.2,52.78,72,38,34,250.0,4.0,2.5,100.0,0.3
630,2411.91,1.153,28.73,2076.16,52.78,72,38,34,150.0,4.5,2.5,120.0,0.3
845,975.53,1.054,31.36,2086.39,52.78,72,38,34,150.0,3.5,2.5,100.0,0.3
891,5827.79,1.314,30.98,1485.79,51.39,72,37,35,250.0,4.0,2.5,120.0,0.2
867,4192.36,1.24,30.91,1545.72,51.39,72,37,35,200.0,4.0,2.5,120.0,0.2
732,2291.76,1.157,27.32,1692.24,51.39,72,37,35,150.0,4.5,2.5,120.0,0.2
711,2573.31,1.15,28.27,2107.19,51.39,72,37,35,200.0,4.5,2.5,100.0,0.3
1192,1166.54,1.053,29.11,2157.13,51.39,72,37,35,150.0,4.0,2.0,100.0,0.3
1105,625.95,1.029,29.05,2829.31,51.39,72,37,35,150.0,4.0,2.0,120.0,0.3
678,2529.74,1.147,28.61,2076.16,50.0,72,36,36,200.0,4.5,2.5,120.0,0.3
902,1311.98,1.077,31.37,2113.18,50.0,72,36,36,150.0,3.5,2.5,120.0,0.2
904,1435.99,1.065,32.3,2153.21,50.0,72,36,36,200.0,3.5,2.5,120.0,0.3
967,4882.98,1.258,30.51,1461.41,48.61,72,35,37,250.0,4.0,2.5,100.0,0.2
813,4529.36,1.253,27.43,2049.21,48.61,72,35,37,250.0,4.5,2.5,120.0,0.2
943,3115.33,1.174,30.43,1550.27,48.61,72,35,37,200.0,4.0,2.5,100.0,0.2
817,2113.33,1.143,27.78,1595.87,48.61,72,35,37,150.0,4.5,2.5,100.0,0.2
784,1931.6,1.118,27.42,2129.64,48.61,72,35,37,200.0,4.5,2.5,120.0,0.2
1051,1666.46,1.078,28.16,2950.59,48.61,72,35,37,200.0,4.5,2.0,120.0,0.3
1408,1094.71,1.053,30.26,2112.66,48.61,72,35,37,150.0,3.5,2.0,120.0,0.2
980,627.56,1.038,30.61,1793.76,48.61,72,35,37,150.0,3.5,2.5,100.0,0.2
1196,-248.28,0.989,30.35,2482.07,48.61,72,35,37,150.0,3.5,2.0,120.0,0.3
1284,3614.88,1.196,28.43,2295.53,47.22,72,34,38,200.0,4.5,2.0,100.0,0.2
1208,3503.06,1.186,28.15,2647.45,47.22,72,34,38,200.0,4.5,2.0,120.0,0.2
1144,1590.76,1.074,27.97,2902.15,47.22,72,34,38,200.0,4.5,2.0,100.0,0.3
869,1753.17,1.106,27.85,2033.27,45.83,72,33,39,200.0,4.5,2.5,100.0,0.2
1048,1979.79,1.096,31.2,2188.58,45.83,72,33,39,200.0,3.5,2.5,120.0,0.2
1416,590.44,1.029,28.32,2576.11,45.83,72,33,39,150.0,4.0,2.0,100.0,0.2
946,519.78,1.022,32.14,2643.61,45.83,72,33,39,250.0,3.5,2.5,120.0,0.3
922,3525.26,1.19,27.55,1878.84,44.44,72,32,40,250.0,4.5,2.5,100.0,0.2
787,2143.95,1.106,27.32,2108.14,44.44,72,32,40,250.0,4.5,2.5,100.0,0.3
1125,1504.43,1.074,30.67,1976.24,44.44,72,32,40,200.0,3.5,2.5,100.0,0.2
1098,1704.11,1.073,28.23,2675.44,44.44,72,32,40,250.0,4.5,2.0,120.0,0.3
1521,610.22,1.025,29.98,2287.61,44.44,72,32,40,200.0,3.5,2.0,120.0,0.2
979,472.67,1.021,31.77,2088.16,44.44,72,32,40,200.0,3.5,2.5,100.0,0.3
1277,179.61,1.009,28.5,2764.86,44.44,72,32,40,150.0,4.0,2.0,120.0,0.2
1602,40.03,1.002,29.65,2364.04,44.44,72,32,40,150.0,3.5,2.0,100.0,0.2
1343,-120.99,0.995,28.52,2449.01,44.44,72,32,40,200.0,4.0,2.0,100.0,0.3
1351,-1468.35,0.937,29.76,3155.79,44.44,72,32,40,150.0,3.5,2.0,100.0,0.3
1351,3097.63,1.147,27.98,2180.88,43.06,72,31,41,250.0,4.5,2.0,100.0,0.2
1276,2830.99,1.131,27.59,2583.68,43.06,72,31,41,250.0,4.5,2.0,120.0,0.2
757,2288.62,1.113,27.61,2174.22,43.06,72,31,41,250.0,4.5,2.5,120.0,0.3
1134,1533.38,1.072,31.04,1976.24,43.06,72,31,41,250.0,3.5,2.5,100.0,0.2
1080,1523.96,1.069,31.39,2188.58,43.06,72,31,41,250.0,3.5,2.5,120.0,0.2
1191,1156.86,1.049,28.13,2627.0,43.06,72,31,41,250.0,4.5,2.0,100.0,0.3
1265,-1097.44,0.958,28.22,3118.07,43.06,72,31,41,200.0,4.0,2.0,120.0,0.3
1584,380.6,1.015,29.99,2162.03,41.67,72,30,42,250.0,3.5,2.0,120.0,0.2
1012,-52.33,0.998,31.52,2703.19,41.67,72,30,42,250.0,3.5,2.5,100.0,0.3
1313,-1188.97,0.955,29.86,2939.55,41.67,72,30,42,200.0,3.5,2.0,120.0,0.3
1544,24.69,1.001,28.11,2394.57,40.28,72,29,43,200.0,4.0,2.0,100.0,0.2
1388,-609.78,0.978,28.39,2508.2,40.28,72,29,43,250.0,4.0,2.0,100.0,0.3
1739,-614.9,0.976,29.38,2850.86,40.28,72,29,43,200.0,3.5,2.0,100.0,0.2
1288,-701.76,0.974,28.49,2576.08,40.28,72,29,43,250.0,4.0,2.0,120.0,0.3
1434,-1992.41,0.924,29.5,3175.73,40.28,72,29,43,200.0,3.5,2.0,100.0,0.3
1393,56.04,1.002,28.36,2583.32,38.89,72,28,44,200.0,4.0,2.0,120.0,0.2
1410,-1589.99,0.945,30.21,3057.39,38.89,72,28,44,250.0,3.5,2.0,120.0,0.3
1574,38.67,1.002,28.27,2297.76,37.5,72,27,45,250.0,4.0,2.0,100.0,0.2
1802,-844.53,0.968,29.41,2876.67,37.5,72,27,45,250.0,3.5,2.0,100.0,0.2
1425,165.75,1.007,28.56,2301.11,36.11,72,26,46,250.0,4.0,2.0,120.0,0.2
1521,-2583.2,0.911,29.85,3677.51,36.11,72,26,46,250.0,3.5,2.0,100.0,0.3
