swing_k,tp_mult,sl_mult,kfd_thresh,monthly_profit_lock,monthly_loss_breaker,use_kfd,total_trades,trades_per_year,net_profit,pf,win_rate,max_dd,romad,mcr,pos_months,total_months
3,2.5,1.5,1.35,0.0,0.0,True,403,67.2,-731.04,0.872,35.73,1199.51,-0.61,43.06,31,72
3,2.5,1.5,1.35,120.0,150.0,True,387,64.5,-732.4,0.865,35.4,1196.62,-0.61,44.44,32,72
3,2.5,1.5,1.35,200.0,200.0,True,399,66.5,-732.52,0.871,35.59,1166.54,-0.63,43.06,31,72
3,2.5,1.5,1.4,0.0,0.0,True,478,79.7,-901.92,0.869,35.98,1520.48,-0.59,47.22,34,72
3,2.5,1.5,1.4,120.0,150.0,True,449,74.8,-657.26,0.896,36.53,1252.83,-0.52,48.61,35,72
3,2.5,1.5,1.4,200.0,200.0,True,473,78.8,-886.1,0.87,35.94,1470.21,-0.6,47.22,34,72
3,2.5,1.5,1.45,0.0,0.0,True,552,92.0,-846.18,0.894,36.59,1440.06,-0.59,45.83,33,72
3,2.5,1.5,1.45,120.0,150.0,True,505,84.2,-646.4,0.908,36.63,1090.76,-0.59,48.61,35,72
3,2.5,1.5,1.45,200.0,200.0,True,544,90.7,-909.76,0.885,36.4,1469.19,-0.62,45.83,33,72
3,2.5,1.5,,0.0,0.0,False,1498,249.7,-3730.2,0.833,36.38,4587.14,-0.81,40.28,29,72
3,2.5,1.5,,120.0,150.0,False,1153,192.2,-1779.1,0.888,37.29,2567.01,-0.69,41.67,30,72
3,2.5,1.5,,200.0,200.0,False,1372,228.7,-2633.77,0.867,37.17,3548.89,-0.74,40.28,29,72
3,2.5,2.0,1.35,0.0,0.0,True,393,65.5,-1051.42,0.842,40.97,1315.28,-0.8,45.83,33,72
3,2.5,2.0,1.35,120.0,150.0,True,371,61.8,-816.63,0.866,41.24,1021.8,-0.8,47.22,34,72
3,2.5,2.0,1.35,200.0,200.0,True,387,64.5,-991.52,0.848,40.83,1230.68,-0.81,45.83,33,72
3,2.5,2.0,1.4,0.0,0.0,True,468,78.0,-1587.95,0.806,40.38,1914.24,-0.83,41.67,30,72
3,2.5,2.0,1.4,120.0,150.0,True,434,72.3,-1123.83,0.846,41.24,1458.69,-0.77,43.06,31,72
3,2.5,2.0,1.4,200.0,200.0,True,458,76.3,-1397.83,0.823,40.61,1699.42,-0.82,41.67,30,72
3,2.5,2.0,1.45,0.0,0.0,True,539,89.8,-1261.35,0.865,41.93,1914.32,-0.66,41.67,30,72
3,2.5,2.0,1.45,120.0,150.0,True,492,82.0,-741.82,0.908,42.48,1350.7,-0.55,45.83,33,72
3,2.5,2.0,1.45,200.0,200.0,True,526,87.7,-1185.89,0.869,42.02,1814.16,-0.65,41.67,30,72
3,2.5,2.0,,0.0,0.0,False,1351,225.2,-3398.51,0.856,42.93,4285.22,-0.79,40.28,29,72
3,2.5,2.0,,120.0,150.0,False,1035,172.5,-1295.55,0.923,44.15,2221.1,-0.58,45.83,33,72
3,2.5,2.0,,200.0,200.0,False,1206,201.0,-2886.6,0.86,42.95,3795.47,-0.76,41.67,30,72
3,2.5,2.5,1.35,0.0,0.0,True,389,64.8,-1495.36,0.804,45.76,1700.46,-0.88,45.83,33,72
3,2.5,2.5,1.35,120.0,150.0,True,363,60.5,-1228.41,0.821,45.73,1393.64,-0.88,47.22,34,72
3,2.5,2.5,1.35,200.0,200.0,True,383,63.8,-1276.49,0.826,46.21,1481.59,-0.86,45.83,33,72
3,2.5,2.5,1.4,0.0,0.0,True,462,77.0,-1984.17,0.785,45.89,2241.96,-0.89,43.06,31,72
3,2.5,2.5,1.4,120.0,150.0,True,428,71.3,-1352.19,0.834,46.73,1543.14,-0.88,44.44,32,72
3,2.5,2.5,1.4,200.0,200.0,True,450,75.0,-1669.16,0.811,46.44,1926.95,-0.87,43.06,31,72
3,2.5,2.5,1.45,0.0,0.0,True,531,88.5,-1372.28,0.867,47.83,1985.54,-0.69,44.44,32,72
3,2.5,2.5,1.45,120.0,150.0,True,471,78.5,-985.21,0.886,47.77,1400.8,-0.7,47.22,34,72
3,2.5,2.5,1.45,200.0,200.0,True,511,85.2,-1327.22,0.866,47.75,1940.48,-0.68,44.44,32,72
3,2.5,2.5,,0.0,0.0,False,1235,205.8,-2759.3,0.884,48.91,3493.31,-0.79,38.89,28,72
3,2.5,2.5,,120.0,150.0,False,897,149.5,-1243.18,0.922,49.39,1926.14,-0.65,44.44,32,72
3,2.5,2.5,,200.0,200.0,False,1115,185.8,-2740.73,0.872,48.7,3190.6,-0.86,36.11,26,72
3,3.0,1.5,1.35,0.0,0.0,True,396,66.0,-605.77,0.898,32.07,1072.01,-0.57,45.83,33,72
3,3.0,1.5,1.35,120.0,150.0,True,377,62.8,-413.29,0.925,32.36,890.09,-0.46,45.83,33,72
3,3.0,1.5,1.35,200.0,200.0,True,395,65.8,-572.8,0.903,32.15,1039.04,-0.55,45.83,33,72
3,3.0,1.5,1.4,0.0,0.0,True,468,78.0,-899.86,0.875,31.62,1449.48,-0.62,45.83,33,72
3,3.0,1.5,1.4,120.0,150.0,True,434,72.3,-565.05,0.912,32.26,982.08,-0.58,45.83,33,72
3,3.0,1.5,1.4,200.0,200.0,True,466,77.7,-849.59,0.881,31.76,1399.21,-0.61,45.83,33,72
3,3.0,1.5,1.45,0.0,0.0,True,537,89.5,-1078.35,0.871,31.66,1536.68,-0.7,48.61,35,72
3,3.0,1.5,1.45,120.0,150.0,True,478,79.7,-445.19,0.936,32.64,868.74,-0.51,50.0,36,72
3,3.0,1.5,1.45,200.0,200.0,True,530,88.3,-980.27,0.881,31.89,1438.6,-0.68,48.61,35,72
3,3.0,1.5,,0.0,0.0,False,1415,235.8,-3298.46,0.853,32.51,4152.42,-0.79,34.72,25,72
3,3.0,1.5,,120.0,150.0,False,1056,176.0,-1962.77,0.874,32.77,2493.8,-0.79,38.89,28,72
3,3.0,1.5,,200.0,200.0,False,1241,206.8,-1463.02,0.921,33.68,2265.85,-0.65,37.5,27,72
3,3.0,2.0,1.35,0.0,0.0,True,384,64.0,-903.91,0.87,37.24,1338.16,-0.68,40.28,29,72
3,3.0,2.0,1.35,120.0,150.0,True,361,60.2,-490.06,0.921,37.95,865.4,-0.57,43.06,31,72
3,3.0,2.0,1.35,200.0,200.0,True,379,63.2,-833.04,0.878,37.2,1267.29,-0.66,40.28,29,72
3,3.0,2.0,1.4,0.0,0.0,True,455,75.8,-1552.92,0.819,36.04,1969.93,-0.79,43.06,31,72
3,3.0,2.0,1.4,120.0,150.0,True,421,70.2,-1059.16,0.86,36.82,1375.1,-0.77,43.06,31,72
3,3.0,2.0,1.4,200.0,200.0,True,446,74.3,-1351.83,0.837,36.32,1768.84,-0.76,43.06,31,72
3,3.0,2.0,1.45,0.0,0.0,True,517,86.2,-1221.36,0.873,37.52,2010.18,-0.61,48.61,35,72
3,3.0,2.0,1.45,120.0,150.0,True,454,75.7,-126.54,0.984,39.43,920.18,-0.14,52.78,38,72
3,3.0,2.0,1.45,200.0,200.0,True,494,82.3,-826.34,0.908,38.06,1682.7,-0.49,50.0,36,72
3,3.0,2.0,,0.0,0.0,False,1260,210.0,-2844.33,0.879,38.89,3666.8,-0.78,40.28,29,72
3,3.0,2.0,,120.0,150.0,False,897,149.5,-1481.61,0.906,38.91,2455.33,-0.6,45.83,33,72
3,3.0,2.0,,200.0,200.0,False,1096,182.7,-3278.27,0.839,37.86,4101.37,-0.8,38.89,28,72
3,3.0,2.5,1.35,0.0,0.0,True,378,63.0,-1281.33,0.838,42.33,1749.17,-0.73,43.06,31,72
3,3.0,2.5,1.35,120.0,150.0,True,349,58.2,-596.91,0.913,43.55,987.25,-0.6,45.83,33,72
3,3.0,2.5,1.35,200.0,200.0,True,373,62.2,-1099.95,0.857,42.63,1567.79,-0.7,43.06,31,72
3,3.0,2.5,1.4,0.0,0.0,True,446,74.3,-1772.48,0.815,42.15,2129.28,-0.83,40.28,29,72
3,3.0,2.5,1.4,120.0,150.0,True,404,67.3,-799.87,0.901,43.81,1079.17,-0.74,41.67,30,72
3,3.0,2.5,1.4,200.0,200.0,True,435,72.5,-1414.95,0.845,42.76,1771.75,-0.8,40.28,29,72
3,3.0,2.5,1.45,0.0,0.0,True,503,83.8,-1157.34,0.89,43.94,2018.53,-0.57,45.83,33,72
3,3.0,2.5,1.45,120.0,150.0,True,436,72.7,144.81,1.018,46.1,791.65,0.18,51.39,37,72
3,3.0,2.5,1.45,200.0,200.0,True,481,80.2,-813.2,0.917,44.28,1779.33,-0.46,47.22,34,72
3,3.0,2.5,,0.0,0.0,False,1129,188.2,-2899.32,0.879,44.11,3419.84,-0.85,41.67,30,72
3,3.0,2.5,,120.0,150.0,False,800,133.3,-1508.58,0.904,44.5,2170.32,-0.7,47.22,34,72
3,3.0,2.5,,200.0,200.0,False,986,164.3,-2587.43,0.873,43.51,3189.16,-0.81,41.67,30,72
3,3.5,1.5,1.35,0.0,0.0,True,394,65.7,-707.47,0.887,28.17,1176.83,-0.6,45.83,33,72
3,3.5,1.5,1.35,120.0,150.0,True,370,61.7,-301.36,0.946,28.92,899.83,-0.33,45.83,33,72
3,3.5,1.5,1.35,200.0,200.0,True,389,64.8,-491.63,0.919,28.53,1176.83,-0.42,45.83,33,72
3,3.5,1.5,1.4,0.0,0.0,True,460,76.7,-1048.79,0.86,27.83,1551.48,-0.68,41.67,30,72
3,3.5,1.5,1.4,120.0,150.0,True,422,70.3,-735.64,0.889,28.2,1137.37,-0.65,41.67,30,72
3,3.5,1.5,1.4,200.0,200.0,True,452,75.3,-761.78,0.894,28.32,1305.86,-0.58,41.67,30,72
3,3.5,1.5,1.45,0.0,0.0,True,526,87.7,-1290.21,0.851,27.57,1697.9,-0.76,45.83,33,72
3,3.5,1.5,1.45,120.0,150.0,True,463,77.2,-1007.68,0.862,27.43,1332.28,-0.76,45.83,33,72
3,3.5,1.5,1.45,200.0,200.0,True,511,85.2,-1085.07,0.869,27.79,1492.76,-0.73,45.83,33,72
3,3.5,1.5,,0.0,0.0,False,1340,223.3,-2909.43,0.869,29.63,3914.92,-0.74,33.33,24,72
3,3.5,1.5,,120.0,150.0,False,991,165.2,-2223.53,0.857,29.36,2732.96,-0.81,37.5,27,72
3,3.5,1.5,,200.0,200.0,False,1199,199.8,-2040.41,0.893,30.03,2890.93,-0.71,36.11,26,72
3,3.5,2.0,1.35,0.0,0.0,True,381,63.5,-981.65,0.867,33.33,1417.36,-0.69,41.67,30,72
3,3.5,2.0,1.35,120.0,150.0,True,356,59.3,-523.61,0.92,33.99,1003.33,-0.52,41.67,30,72
3,3.5,2.0,1.35,200.0,200.0,True,372,62.0,-816.19,0.884,33.33,1328.54,-0.61,41.67,30,72
3,3.5,2.0,1.4,0.0,0.0,True,446,74.3,-1671.1,0.812,32.29,2050.29,-0.82,38.89,28,72
3,3.5,2.0,1.4,120.0,150.0,True,403,67.2,-1343.82,0.827,32.51,1472.83,-0.91,36.11,26,72
3,3.5,2.0,1.4,200.0,200.0,True,432,72.0,-1330.63,0.841,32.64,1709.82,-0.78,38.89,28,72
3,3.5,2.0,1.45,0.0,0.0,True,503,83.8,-1637.83,0.838,32.8,2184.42,-0.75,44.44,32,72
3,3.5,2.0,1.45,120.0,150.0,True,440,73.3,-1282.09,0.847,32.73,1619.46,-0.79,43.06,31,72
3,3.5,2.0,1.45,200.0,200.0,True,478,79.7,-1280.51,0.861,33.05,1880.36,-0.68,44.44,32,72
3,3.5,2.0,,0.0,0.0,False,1186,197.7,-2877.85,0.878,35.24,3704.23,-0.78,37.5,27,72
3,3.5,2.0,,120.0,150.0,False,826,137.7,-946.77,0.938,36.08,1939.37,-0.49,44.44,32,72
3,3.5,2.0,,200.0,200.0,False,1053,175.5,-2546.46,0.875,34.85,3457.96,-0.74,40.28,29,72
3,3.5,2.5,1.35,0.0,0.0,True,374,62.3,-1118.91,0.865,39.04,1618.98,-0.69,43.06,31,72
3,3.5,2.5,1.35,120.0,150.0,True,348,58.0,-475.87,0.934,40.23,994.55,-0.48,45.83,33,72
3,3.5,2.5,1.35,200.0,200.0,True,364,60.7,-757.8,0.903,39.56,1334.01,-0.57,44.44,32,72
3,3.5,2.5,1.4,0.0,0.0,True,436,72.7,-1482.47,0.849,39.22,1830.52,-0.81,45.83,33,72
3,3.5,2.5,1.4,120.0,150.0,True,391,65.2,-1050.58,0.876,39.64,1238.14,-0.85,45.83,33,72
3,3.5,2.5,1.4,200.0,200.0,True,417,69.5,-876.4,0.903,40.29,1224.45,-0.72,47.22,34,72
3,3.5,2.5,1.45,0.0,0.0,True,487,81.2,-1141.29,0.896,40.04,1765.4,-0.65,43.06,31,72
3,3.5,2.5,1.45,120.0,150.0,True,414,69.0,-375.05,0.956,40.82,835.74,-0.45,45.83,33,72
3,3.5,2.5,1.45,200.0,200.0,True,458,76.3,-546.9,0.944,40.83,1261.67,-0.43,44.44,32,72
3,3.5,2.5,,0.0,0.0,False,1057,176.2,-2682.64,0.888,40.68,3344.93,-0.8,40.28,29,72
3,3.5,2.5,,120.0,150.0,False,728,121.3,89.47,1.006,42.99,1043.32,0.09,48.61,35,72
3,3.5,2.5,,200.0,200.0,False,923,153.8,-1865.74,0.906,40.74,2570.22,-0.73,40.28,29,72
3,4.0,1.5,1.35,0.0,0.0,True,387,64.5,-538.07,0.915,26.1,996.74,-0.54,47.22,34,72
3,4.0,1.5,1.35,120.0,150.0,True,356,59.3,-145.07,0.974,26.69,775.5,-0.19,47.22,34,72
3,4.0,1.5,1.35,200.0,200.0,True,382,63.7,-322.23,0.947,26.44,996.74,-0.32,47.22,34,72
3,4.0,1.5,1.4,0.0,0.0,True,449,74.8,-936.7,0.876,25.39,1301.94,-0.72,41.67,30,72
3,4.0,1.5,1.4,120.0,150.0,True,407,67.8,-740.3,0.888,25.31,967.89,-0.76,40.28,29,72
3,4.0,1.5,1.4,200.0,200.0,True,439,73.2,-588.19,0.918,25.97,1051.54,-0.56,41.67,30,72
3,4.0,1.5,1.45,0.0,0.0,True,513,85.5,-1341.8,0.848,24.76,1542.41,-0.87,43.06,31,72
3,4.0,1.5,1.45,120.0,150.0,True,455,75.8,-1287.29,0.831,24.18,1472.09,-0.87,41.67,30,72
3,4.0,1.5,1.45,200.0,200.0,True,492,82.0,-865.17,0.894,25.41,1186.45,-0.73,43.06,31,72
3,4.0,1.5,,0.0,0.0,False,1267,211.2,-2187.64,0.899,27.47,2796.24,-0.78,44.44,32,72
3,4.0,1.5,,120.0,150.0,False,902,150.3,-272.72,0.98,28.6,805.14,-0.34,50.0,36,72
3,4.0,1.5,,200.0,200.0,False,1121,186.8,-921.57,0.95,28.37,1432.44,-0.64,44.44,32,72
3,4.0,2.0,1.35,0.0,0.0,True,371,61.8,-746.7,0.899,31.27,1160.7,-0.64,48.61,35,72
3,4.0,2.0,1.35,120.0,150.0,True,339,56.5,-182.78,0.971,32.15,783.67,-0.23,50.0,36,72
3,4.0,2.0,1.35,200.0,200.0,True,362,60.3,-608.02,0.914,31.22,1155.5,-0.53,48.61,35,72
3,4.0,2.0,1.4,0.0,0.0,True,431,71.8,-1459.58,0.837,29.93,1773.61,-0.82,37.5,27,72
3,4.0,2.0,1.4,120.0,150.0,True,381,63.5,-1012.74,0.866,30.18,1113.38,-0.91,37.5,27,72
3,4.0,2.0,1.4,200.0,200.0,True,415,69.2,-1064.68,0.872,30.36,1378.71,-0.77,37.5,27,72
3,4.0,2.0,1.45,0.0,0.0,True,488,81.3,-1618.24,0.842,29.92,1925.59,-0.84,44.44,32,72
3,4.0,2.0,1.45,120.0,150.0,True,416,69.3,-912.09,0.889,30.53,1190.43,-0.77,43.06,31,72
3,4.0,2.0,1.45,200.0,200.0,True,456,76.0,-929.22,0.898,30.7,1349.93,-0.69,44.44,32,72
3,4.0,2.0,,0.0,0.0,False,1108,184.7,-1548.2,0.932,33.48,2162.73,-0.72,41.67,30,72
3,4.0,2.0,,120.0,150.0,False,786,131.0,-321.53,0.978,33.84,1062.13,-0.3,45.83,33,72
3,4.0,2.0,,200.0,200.0,False,954,159.0,-617.29,0.967,33.75,1596.51,-0.39,41.67,30,72
3,4.0,2.5,1.35,0.0,0.0,True,364,60.7,-948.63,0.887,36.26,1354.18,-0.7,47.22,34,72
3,4.0,2.5,1.35,120.0,150.0,True,330,55.0,12.86,1.002,38.18,715.9,0.02,48.61,35,72
3,4.0,2.5,1.35,200.0,200.0,True,353,58.8,-556.07,0.929,36.83,1108.86,-0.5,47.22,34,72
3,4.0,2.5,1.4,0.0,0.0,True,421,70.2,-1109.19,0.888,36.58,1539.52,-0.72,44.44,32,72
3,4.0,2.5,1.4,120.0,150.0,True,373,62.2,-262.66,0.968,38.07,817.89,-0.32,44.44,32,72
3,4.0,2.5,1.4,200.0,200.0,True,404,67.3,-445.73,0.951,37.62,876.06,-0.51,44.44,32,72
3,4.0,2.5,1.45,0.0,0.0,True,471,78.5,-797.15,0.928,37.37,1372.64,-0.58,44.44,32,72
3,4.0,2.5,1.45,120.0,150.0,True,402,67.0,-247.67,0.972,38.06,844.88,-0.29,43.06,31,72
3,4.0,2.5,1.45,200.0,200.0,True,437,72.8,131.88,1.014,38.67,957.01,0.14,45.83,33,72
3,4.0,2.5,,0.0,0.0,False,969,161.5,-1344.67,0.941,38.6,2049.88,-0.66,45.83,33,72
3,4.0,2.5,,120.0,150.0,False,698,116.3,-368.82,0.975,38.68,989.15,-0.37,48.61,35,72
3,4.0,2.5,,200.0,200.0,False,847,141.2,-874.02,0.954,38.72,1613.79,-0.54,45.83,33,72
3,4.5,1.5,1.35,0.0,0.0,True,382,63.7,-204.47,0.968,24.87,871.86,-0.23,47.22,34,72
3,4.5,1.5,1.35,120.0,150.0,True,347,57.8,-331.63,0.941,24.21,928.09,-0.36,47.22,34,72
3,4.5,1.5,1.35,200.0,200.0,True,368,61.3,164.43,1.028,25.54,778.68,0.21,47.22,34,72
3,4.5,1.5,1.4,0.0,0.0,True,440,73.3,-700.42,0.907,23.86,1280.79,-0.55,38.89,28,72
3,4.5,1.5,1.4,120.0,150.0,True,390,65.0,-862.07,0.869,23.08,1240.67,-0.69,37.5,27,72
3,4.5,1.5,1.4,200.0,200.0,True,421,70.2,-308.24,0.956,24.47,903.53,-0.34,37.5,27,72
3,4.5,1.5,1.45,0.0,0.0,True,503,83.8,-1173.89,0.867,23.06,1599.2,-0.73,43.06,31,72
3,4.5,1.5,1.45,120.0,150.0,True,440,73.3,-1315.84,0.827,22.27,1570.22,-0.84,41.67,30,72
3,4.5,1.5,1.45,200.0,200.0,True,478,79.7,-698.21,0.914,23.64,1272.25,-0.55,43.06,31,72
3,4.5,1.5,,0.0,0.0,False,1219,203.2,-2335.46,0.892,25.18,3013.23,-0.78,41.67,30,72
3,4.5,1.5,,120.0,150.0,False,831,138.5,-607.82,0.955,25.87,1144.76,-0.53,45.83,33,72
3,4.5,1.5,,200.0,200.0,False,1036,172.7,-658.15,0.962,26.35,1405.16,-0.47,45.83,33,72
3,4.5,2.0,1.35,0.0,0.0,True,366,61.0,-274.92,0.963,30.05,966.83,-0.28,51.39,37,72
3,4.5,2.0,1.35,120.0,150.0,True,320,53.3,157.17,1.026,30.63,645.49,0.24,52.78,38,72
3,4.5,2.0,1.35,200.0,200.0,True,356,59.3,19.25,1.003,30.34,924.87,0.02,51.39,37,72
3,4.5,2.0,1.4,0.0,0.0,True,422,70.3,-914.69,0.897,28.67,1485.07,-0.62,44.44,32,72
3,4.5,2.0,1.4,120.0,150.0,True,360,60.0,-809.21,0.889,28.33,1046.24,-0.77,43.06,31,72
3,4.5,2.0,1.4,200.0,200.0,True,403,67.2,-538.94,0.934,29.03,1235.76,-0.44,44.44,32,72
3,4.5,2.0,1.45,0.0,0.0,True,478,79.7,-1116.27,0.891,28.45,1737.61,-0.64,48.61,35,72
3,4.5,2.0,1.45,120.0,150.0,True,403,67.2,-842.96,0.897,28.29,1247.55,-0.68,47.22,34,72
3,4.5,2.0,1.45,200.0,200.0,True,443,73.8,-471.4,0.948,29.12,1322.62,-0.36,48.61,35,72
3,4.5,2.0,,0.0,0.0,False,1056,176.0,-1820.1,0.92,30.68,2495.64,-0.73,41.67,30,72
3,4.5,2.0,,120.0,150.0,False,716,119.3,-456.85,0.968,31.15,1180.23,-0.39,47.22,34,72
3,4.5,2.0,,200.0,200.0,False,902,150.3,-936.63,0.949,31.15,1606.51,-0.58,44.44,32,72
3,4.5,2.5,1.35,0.0,0.0,True,358,59.7,-538.16,0.936,34.64,1222.86,-0.44,50.0,36,72
3,4.5,2.5,1.35,120.0,150.0,True,305,50.8,248.22,1.037,36.07,806.86,0.31,51.39,37,72
3,4.5,2.5,1.35,200.0,200.0,True,345,57.5,-24.96,0.997,35.36,1035.82,-0.02,50.0,36,72
3,4.5,2.5,1.4,0.0,0.0,True,409,68.2,-914.1,0.908,33.99,1621.26,-0.56,43.06,31,72
3,4.5,2.5,1.4,120.0,150.0,True,340,56.7,-552.34,0.93,34.41,1062.75,-0.52,41.67,30,72
3,4.5,2.5,1.4,200.0,200.0,True,386,64.3,-130.53,0.985,35.23,1230.82,-0.11,43.06,31,72
3,4.5,2.5,1.45,0.0,0.0,True,457,76.2,-858.86,0.924,34.14,1618.34,-0.53,44.44,32,72
3,4.5,2.5,1.45,120.0,150.0,True,378,63.0,-358.54,0.959,34.66,967.69,-0.37,41.67,30,72
3,4.5,2.5,1.45,200.0,200.0,True,420,70.0,230.96,1.024,35.71,1096.2,0.21,44.44,32,72
3,4.5,2.5,,0.0,0.0,False,926,154.3,-1937.8,0.916,35.21,2878.09,-0.67,47.22,34,72
3,4.5,2.5,,120.0,150.0,False,619,103.2,-231.27,0.983,36.19,811.09,-0.29,48.61,35,72
3,4.5,2.5,,200.0,200.0,False,799,133.2,-427.31,0.977,36.3,1449.73,-0.29,47.22,34,72
4,2.5,1.5,1.35,0.0,0.0,True,339,56.5,-710.36,0.855,35.1,1343.95,-0.53,40.28,29,72
4,2.5,1.5,1.35,120.0,150.0,True,331,55.2,-393.29,0.914,35.95,1026.88,-0.38,41.67,30,72
4,2.5,1.5,1.35,200.0,200.0,True,339,56.5,-710.36,0.855,35.1,1343.95,-0.53,40.28,29,72
4,2.5,1.5,1.4,0.0,0.0,True,399,66.5,-522.79,0.908,36.84,1370.35,-0.38,43.06,31,72
4,2.5,1.5,1.4,120.0,150.0,True,387,64.5,-256.48,0.952,37.47,1047.49,-0.24,44.44,32,72
4,2.5,1.5,1.4,200.0,200.0,True,399,66.5,-522.79,0.908,36.84,1370.35,-0.38,43.06,31,72
4,2.5,1.5,1.45,0.0,0.0,True,468,78.0,-558.49,0.917,37.18,1198.68,-0.47,43.06,31,72
4,2.5,1.5,1.45,120.0,150.0,True,443,73.8,-327.94,0.947,37.7,946.03,-0.35,44.44,32,72
4,2.5,1.5,1.45,200.0,200.0,True,467,77.8,-594.85,0.911,37.04,1198.68,-0.5,43.06,31,72
4,2.5,1.5,,0.0,0.0,False,1339,223.2,-2795.94,0.86,36.67,3538.63,-0.79,43.06,31,72
4,2.5,1.5,,120.0,150.0,False,1040,173.3,-906.62,0.936,38.37,1857.19,-0.49,50.0,36,72
4,2.5,1.5,,200.0,200.0,False,1236,206.0,-2045.27,0.885,37.14,2917.37,-0.7,45.83,33,72
4,2.5,2.0,1.35,0.0,0.0,True,331,55.2,-922.19,0.838,41.09,1489.16,-0.62,43.06,31,72
4,2.5,2.0,1.35,120.0,150.0,True,320,53.3,-727.78,0.863,41.25,1294.75,-0.56,44.44,32,72
4,2.5,2.0,1.35,200.0,200.0,True,329,54.8,-827.47,0.852,41.34,1394.44,-0.59,43.06,31,72
4,2.5,2.0,1.4,0.0,0.0,True,390,65.0,-834.45,0.874,42.56,1609.9,-0.52,44.44,32,72
4,2.5,2.0,1.4,120.0,150.0,True,372,62.0,-650.55,0.894,42.74,1290.64,-0.5,45.83,33,72
4,2.5,2.0,1.4,200.0,200.0,True,387,64.5,-770.22,0.882,42.64,1545.67,-0.5,44.44,32,72
4,2.5,2.0,1.45,0.0,0.0,True,454,75.7,-686.36,0.91,43.39,1492.94,-0.46,40.28,29,72
4,2.5,2.0,1.45,120.0,150.0,True,434,72.3,-471.9,0.934,43.78,1177.62,-0.4,41.67,30,72
4,2.5,2.0,1.45,200.0,200.0,True,449,74.8,-629.31,0.916,43.43,1435.89,-0.44,40.28,29,72
4,2.5,2.0,,0.0,0.0,False,1216,202.7,-2379.24,0.887,43.5,3293.52,-0.72,38.89,28,72
4,2.5,2.0,,120.0,150.0,False,932,155.3,-1280.64,0.915,44.21,2286.18,-0.56,44.44,32,72
4,2.5,2.0,,200.0,200.0,False,1132,188.7,-2315.37,0.88,43.46,3325.6,-0.7,38.89,28,72
4,2.5,2.5,1.35,0.0,0.0,True,325,54.2,-1358.27,0.79,45.54,1882.04,-0.72,43.06,31,72
4,2.5,2.5,1.35,120.0,150.0,True,315,52.5,-960.93,0.839,46.35,1484.7,-0.65,44.44,32,72
4,2.5,2.5,1.35,200.0,200.0,True,323,53.8,-1240.47,0.805,45.82,1764.24,-0.7,43.06,31,72
4,2.5,2.5,1.4,0.0,0.0,True,381,63.5,-1196.87,0.839,47.51,1970.18,-0.61,45.83,33,72
4,2.5,2.5,1.4,120.0,150.0,True,362,60.3,-855.28,0.874,48.07,1518.46,-0.56,47.22,34,72
4,2.5,2.5,1.4,200.0,200.0,True,377,62.8,-983.74,0.864,48.01,1757.05,-0.56,45.83,33,72
4,2.5,2.5,1.45,0.0,0.0,True,445,74.2,-803.43,0.905,48.99,1619.62,-0.5,41.67,30,72
4,2.5,2.5,1.45,120.0,150.0,True,416,69.3,-712.28,0.908,48.8,1302.68,-0.55,43.06,31,72
4,2.5,2.5,1.45,200.0,200.0,True,439,73.2,-583.95,0.929,49.43,1400.14,-0.42,41.67,30,72
4,2.5,2.5,,0.0,0.0,False,1125,187.5,-2302.73,0.894,49.16,3306.74,-0.7,40.28,29,72
4,2.5,2.5,,120.0,150.0,False,789,131.5,-1105.72,0.922,49.43,1842.75,-0.6,47.22,34,72
4,2.5,2.5,,200.0,200.0,False,1007,167.8,-2322.91,0.88,48.86,3240.62,-0.72,41.67,30,72
4,3.0,1.5,1.35,0.0,0.0,True,334,55.7,-566.94,0.889,31.44,1215.37,-0.47,45.83,33,72
4,3.0,1.5,1.35,120.0,150.0,True,323,53.8,-306.45,0.936,31.89,909.15,-0.34,45.83,33,72
4,3.0,1.5,1.35,200.0,200.0,True,334,55.7,-566.94,0.889,31.44,1215.37,-0.47,45.83,33,72
4,3.0,1.5,1.4,0.0,0.0,True,393,65.5,-619.93,0.897,31.81,1467.06,-0.42,48.61,35,72
4,3.0,1.5,1.4,120.0,150.0,True,373,62.2,-258.65,0.953,32.71,1109.05,-0.23,48.61,35,72
4,3.0,1.5,1.4,200.0,200.0,True,393,65.5,-619.93,0.897,31.81,1467.06,-0.42,48.61,35,72
4,3.0,1.5,1.45,0.0,0.0,True,460,76.7,-995.81,0.862,31.3,1580.27,-0.63,44.44,32,72
4,3.0,1.5,1.45,120.0,150.0,True,419,69.8,-476.87,0.924,32.46,1001.23,-0.48,45.83,33,72
4,3.0,1.5,1.45,200.0,200.0,True,458,76.3,-1085.0,0.849,31.0,1625.59,-0.67,44.44,32,72
4,3.0,1.5,,0.0,0.0,False,1265,210.8,-2764.5,0.862,32.41,3567.28,-0.77,40.28,29,72
4,3.0,1.5,,120.0,150.0,False,988,164.7,-1346.8,0.907,33.4,2036.58,-0.66,44.44,32,72
4,3.0,1.5,,200.0,200.0,False,1156,192.7,-2242.91,0.873,32.61,2962.72,-0.76,41.67,30,72
4,3.0,2.0,1.35,0.0,0.0,True,326,54.3,-817.0,0.864,37.12,1456.66,-0.56,44.44,32,72
4,3.0,2.0,1.35,120.0,150.0,True,313,52.2,-747.28,0.868,36.74,1337.98,-0.56,45.83,33,72
4,3.0,2.0,1.35,200.0,200.0,True,324,54.0,-722.28,0.877,37.35,1361.94,-0.53,44.44,32,72
4,3.0,2.0,1.4,0.0,0.0,True,383,63.8,-1048.98,0.853,37.08,1841.36,-0.57,40.28,29,72
4,3.0,2.0,1.4,120.0,150.0,True,359,59.8,-817.23,0.875,37.33,1524.17,-0.54,41.67,30,72
4,3.0,2.0,1.4,200.0,200.0,True,379,63.2,-966.92,0.862,37.2,1759.3,-0.55,40.28,29,72
4,3.0,2.0,1.45,0.0,0.0,True,441,73.5,-1056.98,0.871,37.64,1910.21,-0.55,43.06,31,72
4,3.0,2.0,1.45,120.0,150.0,True,399,66.5,-357.42,0.949,39.35,1128.52,-0.32,45.83,33,72
4,3.0,2.0,1.45,200.0,200.0,True,434,72.3,-972.68,0.879,37.79,1825.91,-0.53,43.06,31,72
4,3.0,2.0,,0.0,0.0,False,1132,188.7,-2423.62,0.886,38.78,3291.3,-0.74,36.11,26,72
4,3.0,2.0,,120.0,150.0,False,811,135.2,-802.15,0.943,40.2,1944.85,-0.41,43.06,31,72
4,3.0,2.0,,200.0,200.0,False,1038,173.0,-2195.34,0.884,38.82,3020.77,-0.73,36.11,26,72
4,3.0,2.5,1.35,0.0,0.0,True,319,53.2,-1244.31,0.818,41.69,1940.05,-0.64,43.06,31,72
4,3.0,2.5,1.35,120.0,150.0,True,303,50.5,-813.42,0.869,42.57,1485.43,-0.55,44.44,32,72
4,3.0,2.5,1.35,200.0,200.0,True,317,52.8,-1126.51,0.832,41.96,1822.25,-0.62,43.06,31,72
4,3.0,2.5,1.4,0.0,0.0,True,370,61.7,-1286.91,0.837,42.7,2143.64,-0.6,44.44,32,72
4,3.0,2.5,1.4,120.0,150.0,True,342,57.0,-776.75,0.889,43.57,1495.5,-0.52,45.83,33,72
4,3.0,2.5,1.4,200.0,200.0,True,364,60.7,-1081.81,0.859,43.13,1963.77,-0.55,44.44,32,72
4,3.0,2.5,1.45,0.0,0.0,True,426,71.0,-913.48,0.897,44.13,1906.82,-0.48,47.22,34,72
4,3.0,2.5,1.45,120.0,150.0,True,390,65.0,-465.83,0.941,45.13,1321.34,-0.35,48.61,35,72
4,3.0,2.5,1.45,200.0,200.0,True,417,69.5,-748.21,0.913,44.36,1741.55,-0.43,47.22,34,72
4,3.0,2.5,,0.0,0.0,False,1024,170.7,-3162.34,0.857,43.36,3829.2,-0.83,43.06,31,72
4,3.0,2.5,,120.0,150.0,False,716,119.3,-1017.37,0.927,44.83,1867.56,-0.54,50.0,36,72
4,3.0,2.5,,200.0,200.0,False,910,151.7,-2034.54,0.891,43.96,2752.09,-0.74,44.44,32,72
4,3.5,1.5,1.35,0.0,0.0,True,332,55.3,-850.13,0.843,26.81,1418.8,-0.6,37.5,27,72
4,3.5,1.5,1.35,120.0,150.0,True,322,53.7,-587.53,0.884,27.33,1190.24,-0.49,37.5,27,72
4,3.5,1.5,1.35,200.0,200.0,True,328,54.7,-667.26,0.872,27.13,1339.53,-0.5,37.5,27,72
4,3.5,1.5,1.4,0.0,0.0,True,386,64.3,-972.38,0.847,27.2,1662.62,-0.58,38.89,28,72
4,3.5,1.5,1.4,120.0,150.0,True,365,60.8,-553.63,0.904,28.22,1296.1,-0.43,38.89,28,72
4,3.5,1.5,1.4,200.0,200.0,True,378,63.0,-660.22,0.891,27.78,1398.31,-0.47,38.89,28,72
4,3.5,1.5,1.45,0.0,0.0,True,450,75.0,-1396.28,0.815,26.67,1847.38,-0.76,37.5,27,72
4,3.5,1.5,1.45,120.0,150.0,True,403,67.2,-948.32,0.853,27.3,1354.34,-0.7,38.89,28,72
4,3.5,1.5,1.45,200.0,200.0,True,438,73.0,-1220.44,0.83,26.71,1620.16,-0.75,37.5,27,72
4,3.5,1.5,,0.0,0.0,False,1203,200.5,-2606.0,0.87,29.43,3523.12,-0.74,36.11,26,72
4,3.5,1.5,,120.0,150.0,False,932,155.3,-1274.15,0.912,30.36,1897.01,-0.67,41.67,30,72
4,3.5,1.5,,200.0,200.0,False,1094,182.3,-2298.85,0.87,29.62,3072.19,-0.75,37.5,27,72
4,3.5,2.0,1.35,0.0,0.0,True,324,54.0,-1106.0,0.827,32.41,1721.89,-0.64,41.67,30,72
4,3.5,2.0,1.35,120.0,150.0,True,313,52.2,-1094.39,0.82,31.95,1710.28,-0.64,41.67,30,72
4,3.5,2.0,1.35,200.0,200.0,True,319,53.2,-812.81,0.867,32.92,1428.7,-0.57,41.67,30,72
4,3.5,2.0,1.4,0.0,0.0,True,376,62.7,-1406.17,0.814,32.45,2097.82,-0.67,41.67,30,72
4,3.5,2.0,1.4,120.0,150.0,True,350,58.3,-1301.16,0.812,32.29,1802.82,-0.72,40.28,29,72
4,3.5,2.0,1.4,200.0,200.0,True,367,61.2,-1199.45,0.834,32.7,1891.1,-0.63,41.67,30,72
4,3.5,2.0,1.45,0.0,0.0,True,432,72.0,-1511.0,0.826,32.87,2157.52,-0.7,41.67,30,72
4,3.5,2.0,1.45,120.0,150.0,True,382,63.7,-1003.66,0.863,33.51,1380.22,-0.73,43.06,31,72
4,3.5,2.0,1.45,200.0,200.0,True,419,69.8,-1257.72,0.847,33.17,1905.13,-0.66,41.67,30,72
4,3.5,2.0,,0.0,0.0,False,1064,177.3,-2561.86,0.88,35.24,3322.07,-0.77,38.89,28,72
4,3.5,2.0,,120.0,150.0,False,738,123.0,-532.45,0.96,36.86,1246.84,-0.43,45.83,33,72
4,3.5,2.0,,200.0,200.0,False,969,161.5,-1949.41,0.896,35.6,2607.67,-0.75,38.89,28,72
4,3.5,2.5,1.35,0.0,0.0,True,316,52.7,-1247.42,0.827,37.97,2028.06,-0.62,41.67,30,72
4,3.5,2.5,1.35,120.0,150.0,True,302,50.3,-955.68,0.856,38.41,1761.55,-0.54,43.06,31,72
4,3.5,2.5,1.35,200.0,200.0,True,311,51.8,-882.44,0.871,38.59,1664.29,-0.53,43.06,31,72
4,3.5,2.5,1.4,0.0,0.0,True,363,60.5,-1257.66,0.848,39.12,2119.99,-0.59,40.28,29,72
4,3.5,2.5,1.4,120.0,150.0,True,334,55.7,-1021.56,0.863,39.22,1645.7,-0.62,40.28,29,72
4,3.5,2.5,1.4,200.0,200.0,True,352,58.7,-960.58,0.877,39.49,1809.67,-0.53,41.67,30,72
4,3.5,2.5,1.45,0.0,0.0,True,417,69.5,-1061.96,0.887,40.05,1951.92,-0.54,41.67,30,72
4,3.5,2.5,1.45,120.0,150.0,True,368,61.3,-383.97,0.95,41.03,943.76,-0.41,44.44,32,72
4,3.5,2.5,1.45,200.0,200.0,True,401,66.8,-746.33,0.915,40.4,1623.05,-0.46,43.06,31,72
4,3.5,2.5,,0.0,0.0,False,953,158.8,-2661.94,0.878,40.5,3420.73,-0.78,43.06,31,72
4,3.5,2.5,,120.0,150.0,False,646,107.7,-229.94,0.982,42.41,1105.68,-0.21,48.61,35,72
4,3.5,2.5,,200.0,200.0,False,843,140.5,-1105.91,0.939,41.64,1925.09,-0.57,43.06,31,72
4,4.0,1.5,1.35,0.0,0.0,True,327,54.5,-877.51,0.841,24.16,1391.58,-0.63,41.67,30,72
4,4.0,1.5,1.35,120.0,150.0,True,309,51.5,-466.04,0.907,24.92,1148.77,-0.41,41.67,30,72
4,4.0,1.5,1.35,200.0,200.0,True,320,53.3,-582.65,0.889,24.69,1221.02,-0.48,41.67,30,72
4,4.0,1.5,1.4,0.0,0.0,True,379,63.2,-952.22,0.853,24.54,1523.5,-0.63,38.89,28,72
4,4.0,1.5,1.4,120.0,150.0,True,348,58.0,-336.29,0.941,25.86,996.29,-0.34,40.28,29,72
4,4.0,1.5,1.4,200.0,200.0,True,372,62.0,-657.36,0.893,25.0,1271.65,-0.52,38.89,28,72
4,4.0,1.5,1.45,0.0,0.0,True,440,73.3,-1556.09,0.798,23.64,1807.52,-0.86,40.28,29,72
4,4.0,1.5,1.45,120.0,150.0,True,392,65.3,-1103.69,0.833,23.98,1342.42,-0.82,40.28,29,72
4,4.0,1.5,1.45,200.0,200.0,True,424,70.7,-1282.39,0.823,23.82,1517.39,-0.85,40.28,29,72
4,4.0,1.5,,0.0,0.0,False,1144,190.7,-2084.27,0.894,27.27,2967.42,-0.7,41.67,30,72
4,4.0,1.5,,120.0,150.0,False,840,140.0,287.58,1.022,29.4,899.12,0.32,52.78,38,72
4,4.0,1.5,,200.0,200.0,False,1074,179.0,-1718.65,0.905,27.47,2459.38,-0.7,43.06,31,72
4,4.0,2.0,1.35,0.0,0.0,True,316,52.7,-1088.71,0.833,29.75,1600.66,-0.68,41.67,30,72
4,4.0,2.0,1.35,120.0,150.0,True,299,49.8,-700.92,0.882,30.43,1323.58,-0.53,43.06,31,72
4,4.0,2.0,1.35,200.0,200.0,True,310,51.7,-898.72,0.856,30.0,1424.95,-0.63,41.67,30,72
4,4.0,2.0,1.4,0.0,0.0,True,366,61.0,-1336.46,0.826,29.78,1898.48,-0.7,43.06,31,72
4,4.0,2.0,1.4,120.0,150.0,True,334,55.7,-764.59,0.886,30.84,1235.76,-0.62,44.44,32,72
4,4.0,2.0,1.4,200.0,200.0,True,358,59.7,-1171.8,0.841,29.89,1733.82,-0.68,43.06,31,72
4,4.0,2.0,1.45,0.0,0.0,True,420,70.0,-1688.2,0.81,29.52,2040.09,-0.83,37.5,27,72
4,4.0,2.0,1.45,120.0,150.0,True,372,62.0,-920.96,0.876,30.65,1261.35,-0.73,38.89,28,72
4,4.0,2.0,1.45,200.0,200.0,True,403,67.2,-1301.48,0.843,30.02,1681.02,-0.77,37.5,27,72
4,4.0,2.0,,0.0,0.0,False,996,166.0,-1414.76,0.931,33.73,2214.5,-0.64,43.06,31,72
4,4.0,2.0,,120.0,150.0,False,717,119.5,-170.61,0.987,34.59,1157.74,-0.15,45.83,33,72
4,4.0,2.0,,200.0,200.0,False,927,154.5,-1344.98,0.929,33.76,2226.72,-0.6,38.89,28,72
4,4.0,2.5,1.35,0.0,0.0,True,308,51.3,-1289.8,0.825,34.74,1917.01,-0.67,43.06,31,72
4,4.0,2.5,1.35,120.0,150.0,True,289,48.2,-675.01,0.897,35.99,1455.9,-0.46,44.44,32,72
4,4.0,2.5,1.35,200.0,200.0,True,302,50.3,-1028.02,0.854,35.1,1691.4,-0.61,43.06,31,72
4,4.0,2.5,1.4,0.0,0.0,True,354,59.0,-1213.46,0.857,35.88,1963.07,-0.62,43.06,31,72
4,4.0,2.5,1.4,120.0,150.0,True,324,54.0,-681.43,0.908,36.73,1233.67,-0.55,43.06,31,72
4,4.0,2.5,1.4,200.0,200.0,True,346,57.7,-949.97,0.883,36.13,1699.58,-0.56,43.06,31,72
4,4.0,2.5,1.45,0.0,0.0,True,405,67.5,-1143.66,0.882,36.54,1761.85,-0.65,41.67,30,72
4,4.0,2.5,1.45,120.0,150.0,True,349,58.2,-372.7,0.952,37.54,1099.39,-0.34,43.06,31,72
4,4.0,2.5,1.45,200.0,200.0,True,388,64.7,-589.08,0.934,37.37,1354.48,-0.43,43.06,31,72
4,4.0,2.5,,0.0,0.0,False,886,147.7,-2039.91,0.905,38.26,2766.84,-0.74,47.22,34,72
4,4.0,2.5,,120.0,150.0,False,606,101.0,59.6,1.005,39.93,1288.75,0.05,48.61,35,72
4,4.0,2.5,,200.0,200.0,False,788,131.3,-1468.3,0.92,38.32,2321.45,-0.63,44.44,32,72
4,4.5,1.5,1.35,0.0,0.0,True,321,53.5,-391.52,0.928,23.99,1102.06,-0.36,43.06,31,72
4,4.5,1.5,1.35,120.0,150.0,True,301,50.2,-342.45,0.931,23.92,1105.03,-0.31,43.06,31,72
4,4.5,1.5,1.35,200.0,200.0,True,311,51.8,-41.08,0.992,24.76,1028.17,-0.04,43.06,31,72
4,4.5,1.5,1.4,0.0,0.0,True,371,61.8,-597.22,0.907,23.72,1390.11,-0.43,37.5,27,72
4,4.5,1.5,1.4,120.0,150.0,True,335,55.8,-565.39,0.9,23.88,1410.46,-0.4,36.11,26,72
4,4.5,1.5,1.4,200.0,200.0,True,359,59.8,-201.06,0.967,24.51,1142.78,-0.18,37.5,27,72
4,4.5,1.5,1.45,0.0,0.0,True,432,72.0,-1319.59,0.829,22.45,1767.53,-0.75,40.28,29,72
4,4.5,1.5,1.45,120.0,150.0,True,379,63.2,-1207.98,0.817,22.43,1654.44,-0.73,40.28,29,72
4,4.5,1.5,1.45,200.0,200.0,True,419,69.8,-1077.84,0.853,22.67,1459.37,-0.74,40.28,29,72
4,4.5,1.5,,0.0,0.0,False,1095,182.5,-1923.52,0.901,25.3,2948.28,-0.65,45.83,33,72
4,4.5,1.5,,120.0,150.0,False,779,129.8,208.23,1.016,27.09,973.95,0.21,54.17,39,72
4,4.5,1.5,,200.0,200.0,False,990,165.0,-737.76,0.956,26.16,1566.81,-0.47,48.61,35,72
4,4.5,2.0,1.35,0.0,0.0,True,310,51.7,-447.79,0.93,29.68,1240.07,-0.36,44.44,32,72
4,4.5,2.0,1.35,120.0,150.0,True,287,47.8,-321.14,0.944,29.62,1054.77,-0.3,45.83,33,72
4,4.5,2.0,1.35,200.0,200.0,True,305,50.8,-154.6,0.975,30.16,1080.86,-0.14,44.44,32,72
4,4.5,2.0,1.4,0.0,0.0,True,358,59.7,-664.63,0.912,29.33,1568.65,-0.42,43.06,31,72
4,4.5,2.0,1.4,120.0,150.0,True,316,52.7,-497.24,0.923,29.75,1319.33,-0.38,43.06,31,72
4,4.5,2.0,1.4,200.0,200.0,True,350,58.3,-439.2,0.939,29.71,1386.37,-0.32,43.06,31,72
4,4.5,2.0,1.45,0.0,0.0,True,411,68.5,-1226.91,0.862,28.47,1885.72,-0.65,41.67,30,72
4,4.5,2.0,1.45,120.0,150.0,True,356,59.3,-956.14,0.87,28.65,1397.97,-0.68,40.28,29,72
4,4.5,2.0,1.45,200.0,200.0,True,394,65.7,-868.15,0.895,28.93,1526.96,-0.57,41.67,30,72
4,4.5,2.0,,0.0,0.0,False,945,157.5,-1415.24,0.931,31.32,2453.94,-0.58,41.67,30,72
4,4.5,2.0,,120.0,150.0,False,672,112.0,451.67,1.034,33.04,1098.02,0.41,50.0,36,72
4,4.5,2.0,,200.0,200.0,False,834,139.0,-1264.34,0.928,31.41,2243.41,-0.56,44.44,32,72
4,4.5,2.5,1.35,0.0,0.0,True,302,50.3,-726.21,0.901,34.11,1674.9,-0.43,45.83,33,72
4,4.5,2.5,1.35,120.0,150.0,True,273,45.5,-217.01,0.965,35.16,1289.47,-0.17,47.22,34,72
4,4.5,2.5,1.35,200.0,200.0,True,297,49.5,-361.23,0.948,34.68,1516.79,-0.24,45.83,33,72
4,4.5,2.5,1.4,0.0,0.0,True,345,57.5,-711.67,0.916,34.49,1841.26,-0.39,43.06,31,72
4,4.5,2.5,1.4,120.0,150.0,True,303,50.5,-401.78,0.944,35.31,1324.17,-0.3,43.06,31,72
4,4.5,2.5,1.4,200.0,200.0,True,334,55.7,-381.05,0.952,35.03,1629.34,-0.23,43.06,31,72
4,4.5,2.5,1.45,0.0,0.0,True,395,65.8,-1001.38,0.898,34.18,1825.3,-0.55,41.67,30,72
4,4.5,2.5,1.45,120.0,150.0,True,340,56.7,-627.41,0.922,34.71,1017.01,-0.62,43.06,31,72
4,4.5,2.5,1.45,200.0,200.0,True,377,62.8,-369.12,0.959,35.28,1266.87,-0.29,43.06,31,72
4,4.5,2.5,,0.0,0.0,False,845,140.8,-2030.95,0.905,35.62,2867.08,-0.71,43.06,31,72
4,4.5,2.5,,120.0,150.0,False,576,96.0,83.23,1.006,37.33,1068.98,0.08,51.39,37,72
4,4.5,2.5,,200.0,200.0,False,726,121.0,-1410.95,0.92,35.67,2256.37,-0.63,44.44,32,72
5,2.5,1.5,1.35,0.0,0.0,True,277,46.2,-541.23,0.864,35.74,1124.85,-0.48,38.89,28,72
5,2.5,1.5,1.35,120.0,150.0,True,275,45.8,-469.15,0.88,36.0,1052.77,-0.45,38.89,28,72
5,2.5,1.5,1.35,200.0,200.0,True,277,46.2,-541.23,0.864,35.74,1124.85,-0.48,38.89,28,72
5,2.5,1.5,1.4,0.0,0.0,True,333,55.5,-254.97,0.945,38.44,1077.13,-0.24,43.06,31,72
5,2.5,1.5,1.4,120.0,150.0,True,329,54.8,-206.32,0.955,38.6,971.93,-0.21,41.67,30,72
5,2.5,1.5,1.4,200.0,200.0,True,333,55.5,-254.97,0.945,38.44,1077.13,-0.24,43.06,31,72
5,2.5,1.5,1.45,0.0,0.0,True,400,66.7,-268.63,0.953,38.5,888.93,-0.3,47.22,34,72
5,2.5,1.5,1.45,120.0,150.0,True,389,64.8,-373.95,0.932,38.05,897.04,-0.42,45.83,33,72
5,2.5,1.5,1.45,200.0,200.0,True,399,66.5,-304.99,0.946,38.35,888.93,-0.34,47.22,34,72
5,2.5,1.5,,0.0,0.0,False,1223,203.8,-2401.23,0.868,36.63,3365.16,-0.71,41.67,30,72
5,2.5,1.5,,120.0,150.0,False,973,162.2,-1017.27,0.924,37.62,1965.2,-0.52,45.83,33,72
5,2.5,1.5,,200.0,200.0,False,1144,190.7,-2051.75,0.877,36.98,3004.54,-0.68,43.06,31,72
5,2.5,2.0,1.35,0.0,0.0,True,272,45.3,-796.11,0.83,41.18,1276.89,-0.62,43.06,31,72
5,2.5,2.0,1.35,120.0,150.0,True,269,44.8,-848.75,0.817,40.89,1329.53,-0.64,43.06,31,72
5,2.5,2.0,1.35,200.0,200.0,True,271,45.2,-754.21,0.837,41.33,1234.99,-0.61,43.06,31,72
5,2.5,2.0,1.4,0.0,0.0,True,327,54.5,-539.3,0.901,44.04,1251.97,-0.43,47.22,34,72
5,2.5,2.0,1.4,120.0,150.0,True,318,53.0,-595.88,0.888,43.71,1173.19,-0.51,45.83,33,72
5,2.5,2.0,1.4,200.0,200.0,True,325,54.2,-456.09,0.915,44.31,1168.76,-0.39,47.22,34,72
5,2.5,2.0,1.45,0.0,0.0,True,389,64.8,-248.71,0.961,45.24,1009.13,-0.25,47.22,34,72
5,2.5,2.0,1.45,120.0,150.0,True,377,62.8,-385.34,0.938,44.83,988.35,-0.39,47.22,34,72
5,2.5,2.0,1.45,200.0,200.0,True,386,64.3,-210.08,0.967,45.34,970.5,-0.22,47.22,34,72
5,2.5,2.0,,0.0,0.0,False,1116,186.0,-1713.7,0.911,43.82,2704.77,-0.63,43.06,31,72
5,2.5,2.0,,120.0,150.0,False,878,146.3,-345.16,0.975,44.99,1451.3,-0.24,47.22,34,72
5,2.5,2.0,,200.0,200.0,False,1036,172.7,-1437.55,0.918,44.02,2433.73,-0.59,43.06,31,72
5,2.5,2.5,1.35,0.0,0.0,True,269,44.8,-941.63,0.82,46.47,1334.69,-0.71,43.06,31,72
5,2.5,2.5,1.35,120.0,150.0,True,267,44.5,-953.6,0.816,46.44,1346.66,-0.71,43.06,31,72
5,2.5,2.5,1.35,200.0,200.0,True,268,44.7,-889.55,0.828,46.64,1282.61,-0.69,43.06,31,72
5,2.5,2.5,1.4,0.0,0.0,True,320,53.3,-440.32,0.925,50.0,1123.04,-0.39,50.0,36,72
5,2.5,2.5,1.4,120.0,150.0,True,314,52.3,-538.77,0.907,49.68,1086.13,-0.5,50.0,36,72
5,2.5,2.5,1.4,200.0,200.0,True,319,53.2,-388.24,0.933,50.16,1070.96,-0.36,50.0,36,72
5,2.5,2.5,1.45,0.0,0.0,True,381,63.5,152.8,1.023,51.97,801.86,0.19,50.0,36,72
5,2.5,2.5,1.45,120.0,150.0,True,365,60.8,-232.52,0.965,50.96,813.08,-0.29,50.0,36,72
5,2.5,2.5,1.45,200.0,200.0,True,378,63.0,210.04,1.032,52.12,766.17,0.27,50.0,36,72
5,2.5,2.5,,0.0,0.0,False,1029,171.5,-1048.0,0.946,50.05,2326.23,-0.45,48.61,35,72
5,2.5,2.5,,120.0,150.0,False,778,129.7,-444.67,0.968,50.51,1399.83,-0.32,48.61,35,72
5,2.5,2.5,,200.0,200.0,False,943,157.2,-888.16,0.949,50.05,2023.72,-0.44,48.61,35,72
5,3.0,1.5,1.35,0.0,0.0,True,272,45.3,-555.57,0.867,31.25,1068.25,-0.52,41.67,30,72
5,3.0,1.5,1.35,120.0,150.0,True,266,44.3,-374.3,0.906,31.95,886.98,-0.42,41.67,30,72
5,3.0,1.5,1.35,200.0,200.0,True,272,45.3,-555.57,0.867,31.25,1068.25,-0.52,41.67,30,72
5,3.0,1.5,1.4,0.0,0.0,True,328,54.7,-559.96,0.889,32.01,1345.84,-0.42,43.06,31,72
5,3.0,1.5,1.4,120.0,150.0,True,320,53.3,-391.81,0.918,32.5,1109.59,-0.35,41.67,30,72
5,3.0,1.5,1.4,200.0,200.0,True,328,54.7,-559.96,0.889,32.01,1345.84,-0.42,43.06,31,72
5,3.0,1.5,1.45,0.0,0.0,True,393,65.5,-833.04,0.865,31.55,1393.07,-0.6,43.06,31,72
5,3.0,1.5,1.45,120.0,150.0,True,374,62.3,-504.83,0.911,32.35,1001.49,-0.5,45.83,33,72
5,3.0,1.5,1.45,200.0,200.0,True,392,65.3,-876.91,0.858,31.38,1393.07,-0.63,43.06,31,72
5,3.0,1.5,,0.0,0.0,False,1162,193.7,-2606.4,0.859,32.1,3401.47,-0.77,37.5,27,72
5,3.0,1.5,,120.0,150.0,False,937,156.2,-1476.18,0.895,33.08,2076.18,-0.71,40.28,29,72
5,3.0,1.5,,200.0,200.0,False,1077,179.5,-2401.1,0.857,32.22,3040.44,-0.79,37.5,27,72
5,3.0,2.0,1.35,0.0,0.0,True,267,44.5,-878.34,0.824,36.33,1350.85,-0.65,43.06,31,72
5,3.0,2.0,1.35,120.0,150.0,True,261,43.5,-830.99,0.827,36.4,1303.5,-0.64,43.06,31,72
5,3.0,2.0,1.35,200.0,200.0,True,266,44.3,-836.44,0.83,36.47,1308.95,-0.64,43.06,31,72
5,3.0,2.0,1.4,0.0,0.0,True,321,53.5,-996.75,0.834,37.07,1701.74,-0.59,44.44,32,72
5,3.0,2.0,1.4,120.0,150.0,True,308,51.3,-882.44,0.844,37.34,1471.09,-0.6,45.83,33,72
5,3.0,2.0,1.4,200.0,200.0,True,320,53.3,-954.85,0.84,37.19,1659.84,-0.58,44.44,32,72
5,3.0,2.0,1.45,0.0,0.0,True,378,63.0,-801.09,0.886,38.36,1580.51,-0.51,50.0,36,72
5,3.0,2.0,1.45,120.0,150.0,True,356,59.3,-388.29,0.939,39.61,1086.41,-0.36,52.78,38,72
5,3.0,2.0,1.45,200.0,200.0,True,376,62.7,-812.93,0.883,38.3,1592.35,-0.51,50.0,36,72
5,3.0,2.0,,0.0,0.0,False,1041,173.5,-1994.95,0.898,38.9,2806.15,-0.71,40.28,29,72
5,3.0,2.0,,120.0,150.0,False,794,132.3,-737.21,0.946,40.05,1560.36,-0.47,41.67,30,72
5,3.0,2.0,,200.0,200.0,False,944,157.3,-2053.61,0.882,38.77,2729.14,-0.75,38.89,28,72
5,3.0,2.5,1.35,0.0,0.0,True,263,43.8,-1001.55,0.821,41.83,1490.52,-0.67,47.22,34,72
5,3.0,2.5,1.35,120.0,150.0,True,257,42.8,-840.69,0.843,42.41,1329.66,-0.63,47.22,34,72
5,3.0,2.5,1.35,200.0,200.0,True,262,43.7,-949.47,0.829,41.98,1438.44,-0.66,47.22,34,72
5,3.0,2.5,1.4,0.0,0.0,True,313,52.2,-764.83,0.882,43.77,1500.35,-0.51,47.22,34,72
5,3.0,2.5,1.4,120.0,150.0,True,302,50.3,-468.56,0.922,44.7,1181.07,-0.4,48.61,35,72
5,3.0,2.5,1.4,200.0,200.0,True,312,52.0,-712.75,0.889,43.91,1448.27,-0.49,47.22,34,72
5,3.0,2.5,1.45,0.0,0.0,True,368,61.3,-252.47,0.966,45.65,1322.66,-0.19,45.83,33,72
5,3.0,2.5,1.45,120.0,150.0,True,351,58.5,-541.48,0.924,45.01,1385.76,-0.39,45.83,33,72
5,3.0,2.5,1.45,200.0,200.0,True,364,60.7,-260.73,0.964,45.6,1274.58,-0.2,45.83,33,72
5,3.0,2.5,,0.0,0.0,False,946,157.7,-2199.33,0.891,43.66,2837.91,-0.77,47.22,34,72
5,3.0,2.5,,120.0,150.0,False,691,115.2,-1128.81,0.918,44.43,1687.69,-0.67,50.0,36,72
5,3.0,2.5,,200.0,200.0,False,852,142.0,-1490.31,0.915,44.25,2137.8,-0.7,45.83,33,72
5,3.5,1.5,1.35,0.0,0.0,True,270,45.0,-945.26,0.789,25.93,1416.02,-0.67,37.5,27,72
5,3.5,1.5,1.35,120.0,150.0,True,266,44.3,-831.46,0.809,26.32,1302.22,-0.64,37.5,27,72
5,3.5,1.5,1.35,200.0,200.0,True,270,45.0,-945.26,0.789,25.93,1416.02,-0.67,37.5,27,72
5,3.5,1.5,1.4,0.0,0.0,True,322,53.7,-1118.03,0.793,26.4,1702.83,-0.66,31.94,23,72
5,3.5,1.5,1.4,120.0,150.0,True,317,52.8,-985.8,0.813,26.81,1570.6,-0.63,31.94,23,72
5,3.5,1.5,1.4,200.0,200.0,True,322,53.7,-1118.03,0.793,26.4,1702.83,-0.66,31.94,23,72
5,3.5,1.5,1.45,0.0,0.0,True,385,64.2,-1396.22,0.787,26.23,1808.56,-0.77,34.72,25,72
5,3.5,1.5,1.45,120.0,150.0,True,358,59.7,-919.85,0.843,27.37,1246.46,-0.74,37.5,27,72
5,3.5,1.5,1.45,200.0,200.0,True,383,63.8,-1415.87,0.783,26.11,1785.78,-0.79,34.72,25,72
5,3.5,1.5,,0.0,0.0,False,1106,184.3,-3003.1,0.839,28.75,3764.12,-0.8,34.72,25,72
5,3.5,1.5,,120.0,150.0,False,874,145.7,-1655.3,0.882,29.75,2264.14,-0.73,34.72,25,72
5,3.5,1.5,,200.0,200.0,False,1030,171.7,-2741.48,0.839,28.83,3498.19,-0.78,34.72,25,72
5,3.5,2.0,1.35,0.0,0.0,True,265,44.2,-1219.52,0.772,31.32,1653.83,-0.74,33.33,24,72
5,3.5,2.0,1.35,120.0,150.0,True,260,43.3,-1256.11,0.761,31.15,1690.42,-0.74,33.33,24,72
5,3.5,2.0,1.35,200.0,200.0,True,264,44.0,-1177.62,0.778,31.44,1611.93,-0.73,33.33,24,72
5,3.5,2.0,1.4,0.0,0.0,True,315,52.5,-1514.35,0.765,31.75,2069.53,-0.73,37.5,27,72
5,3.5,2.0,1.4,120.0,150.0,True,304,50.7,-1434.94,0.769,31.91,2010.54,-0.71,37.5,27,72
5,3.5,2.0,1.4,200.0,200.0,True,313,52.2,-1448.28,0.773,31.95,2003.46,-0.72,37.5,27,72
5,3.5,2.0,1.45,0.0,0.0,True,370,61.7,-1404.74,0.813,32.97,1944.73,-0.72,43.06,31,72
5,3.5,2.0,1.45,120.0,150.0,True,341,56.8,-927.78,0.861,34.02,1378.82,-0.67,45.83,33,72
5,3.5,2.0,1.45,200.0,200.0,True,366,61.0,-1374.49,0.815,33.06,1914.48,-0.72,43.06,31,72
5,3.5,2.0,,0.0,0.0,False,980,163.3,-2646.91,0.867,35.0,3273.64,-0.81,38.89,28,72
5,3.5,2.0,,120.0,150.0,False,734,122.3,-1227.39,0.911,35.83,1792.67,-0.68,41.67,30,72
5,3.5,2.0,,200.0,200.0,False,888,148.0,-2033.42,0.883,35.36,2698.39,-0.75,38.89,28,72
5,3.5,2.5,1.35,0.0,0.0,True,260,43.3,-1097.6,0.815,37.69,1617.2,-0.68,40.28,29,72
5,3.5,2.5,1.35,120.0,150.0,True,253,42.2,-918.09,0.838,38.34,1437.69,-0.64,40.28,29,72
5,3.5,2.5,1.35,200.0,200.0,True,259,43.2,-1045.52,0.822,37.84,1565.12,-0.67,40.28,29,72
5,3.5,2.5,1.4,0.0,0.0,True,306,51.0,-896.43,0.869,39.54,1585.06,-0.57,43.06,31,72
5,3.5,2.5,1.4,120.0,150.0,True,291,48.5,-847.39,0.868,39.52,1463.31,-0.58,44.44,32,72
5,3.5,2.5,1.4,200.0,200.0,True,305,50.8,-844.35,0.875,39.67,1532.98,-0.55,43.06,31,72
5,3.5,2.5,1.45,0.0,0.0,True,358,59.7,-623.09,0.921,40.78,1458.73,-0.43,40.28,29,72
5,3.5,2.5,1.45,120.0,150.0,True,324,54.0,-204.72,0.97,41.67,1096.54,-0.19,44.44,32,72
5,3.5,2.5,1.45,200.0,200.0,True,355,59.2,-608.67,0.922,40.85,1406.65,-0.43,40.28,29,72
5,3.5,2.5,,0.0,0.0,False,882,147.0,-2349.56,0.883,40.25,2952.56,-0.8,44.44,32,72
5,3.5,2.5,,120.0,150.0,False,670,111.7,-853.96,0.939,41.49,1432.26,-0.6,44.44,32,72
5,3.5,2.5,,200.0,200.0,False,777,129.5,-1127.54,0.933,41.31,1842.59,-0.61,43.06,31,72
5,4.0,1.5,1.35,0.0,0.0,True,267,44.5,-685.76,0.848,24.72,1240.45,-0.55,41.67,30,72
5,4.0,1.5,1.35,120.0,150.0,True,257,42.8,-481.67,0.887,25.29,1036.36,-0.46,41.67,30,72
5,4.0,1.5,1.35,200.0,200.0,True,265,44.2,-613.68,0.861,24.91,1168.37,-0.53,41.67,30,72
5,4.0,1.5,1.4,0.0,0.0,True,317,52.8,-821.59,0.848,24.92,1507.45,-0.55,37.5,27,72
5,4.0,1.5,1.4,120.0,150.0,True,303,50.5,-641.3,0.874,25.41,1257.75,-0.51,36.11,26,72
5,4.0,1.5,1.4,200.0,200.0,True,315,52.5,-749.51,0.86,25.08,1435.37,-0.52,37.5,27,72
5,4.0,1.5,1.45,0.0,0.0,True,378,63.0,-1302.71,0.804,24.07,1615.36,-0.81,38.89,28,72
5,4.0,1.5,1.45,120.0,150.0,True,350,58.3,-871.58,0.854,24.86,1172.96,-0.74,40.28,29,72
5,4.0,1.5,1.45,200.0,200.0,True,368,61.3,-1190.24,0.814,24.18,1469.07,-0.81,38.89,28,72
5,4.0,1.5,,0.0,0.0,False,1056,176.0,-2815.4,0.848,26.42,3542.26,-0.79,33.33,24,72
5,4.0,1.5,,120.0,150.0,False,761,126.8,-235.08,0.98,28.65,1131.35,-0.21,44.44,32,72
5,4.0,1.5,,200.0,200.0,False,1005,167.5,-2906.29,0.834,26.17,3673.11,-0.79,33.33,24,72
5,4.0,2.0,1.35,0.0,0.0,True,261,43.5,-834.36,0.844,30.27,1352.0,-0.62,38.89,28,72
5,4.0,2.0,1.35,120.0,150.0,True,251,41.8,-703.96,0.861,30.68,1221.6,-0.58,40.28,29,72
5,4.0,2.0,1.35,200.0,200.0,True,259,43.2,-895.66,0.831,30.12,1413.3,-0.63,38.89,28,72
5,4.0,2.0,1.4,0.0,0.0,True,309,51.5,-1082.94,0.832,30.42,1768.44,-0.61,36.11,26,72
5,4.0,2.0,1.4,120.0,150.0,True,292,48.7,-856.48,0.857,31.16,1479.44,-0.58,37.5,27,72
5,4.0,2.0,1.4,200.0,200.0,True,306,51.0,-1120.07,0.825,30.39,1805.57,-0.62,36.11,26,72
5,4.0,2.0,1.45,0.0,0.0,True,363,60.5,-1242.93,0.838,30.58,1645.55,-0.76,38.89,28,72
5,4.0,2.0,1.45,120.0,150.0,True,334,55.7,-691.63,0.898,31.74,1126.35,-0.61,40.28,29,72
5,4.0,2.0,1.45,200.0,200.0,True,352,58.7,-1099.0,0.85,30.97,1501.62,-0.73,38.89,28,72
5,4.0,2.0,,0.0,0.0,False,920,153.3,-1725.32,0.91,33.48,2452.34,-0.7,45.83,33,72
5,4.0,2.0,,120.0,150.0,False,634,105.7,203.03,1.017,35.17,927.56,0.22,52.78,38,72
5,4.0,2.0,,200.0,200.0,False,826,137.7,-1677.62,0.901,33.41,2435.09,-0.69,43.06,31,72
5,4.0,2.5,1.35,0.0,0.0,True,256,42.7,-735.4,0.877,35.94,1372.77,-0.54,37.5,27,72
5,4.0,2.5,1.35,120.0,150.0,True,243,40.5,-302.31,0.944,37.45,939.68,-0.32,38.89,28,72
5,4.0,2.5,1.35,200.0,200.0,True,254,42.3,-786.52,0.867,35.83,1423.89,-0.55,37.5,27,72
5,4.0,2.5,1.4,0.0,0.0,True,300,50.0,-518.59,0.925,37.33,1292.37,-0.4,40.28,29,72
5,4.0,2.5,1.4,120.0,150.0,True,283,47.2,-211.33,0.966,38.16,937.65,-0.23,43.06,31,72
5,4.0,2.5,1.4,200.0,200.0,True,297,49.5,-544.48,0.92,37.37,1343.49,-0.41,40.28,29,72
5,4.0,2.5,1.45,0.0,0.0,True,351,58.5,-452.07,0.944,37.89,1349.0,-0.34,43.06,31,72
5,4.0,2.5,1.45,120.0,150.0,True,313,52.2,7.59,1.001,38.98,995.24,0.01,45.83,33,72
5,4.0,2.5,1.45,200.0,200.0,True,341,56.8,-244.75,0.968,38.42,1016.17,-0.24,44.44,32,72
5,4.0,2.5,,0.0,0.0,False,825,137.5,-1543.99,0.921,38.55,2493.81,-0.62,50.0,36,72
5,4.0,2.5,,120.0,150.0,False,563,93.8,415.57,1.035,40.5,815.14,0.51,55.56,40,72
5,4.0,2.5,,200.0,200.0,False,729,121.5,-904.32,0.946,39.23,1747.9,-0.52,48.61,35,72
5,4.5,1.5,1.35,0.0,0.0,True,264,44.0,-368.04,0.918,24.24,1071.52,-0.34,44.44,32,72
5,4.5,1.5,1.35,120.0,150.0,True,253,42.2,-326.36,0.924,24.11,1029.84,-0.32,44.44,32,72
5,4.5,1.5,1.35,200.0,200.0,True,259,43.2,-226.75,0.948,24.71,930.23,-0.24,44.44,32,72
5,4.5,1.5,1.4,0.0,0.0,True,311,51.8,-593.82,0.89,23.79,1436.86,-0.41,38.89,28,72
5,4.5,1.5,1.4,120.0,150.0,True,293,48.8,-343.91,0.931,24.57,1264.99,-0.27,38.89,28,72
5,4.5,1.5,1.4,200.0,200.0,True,305,50.8,-425.35,0.919,24.26,1268.39,-0.34,38.89,28,72
5,4.5,1.5,1.45,0.0,0.0,True,371,61.8,-1149.83,0.827,22.64,1636.86,-0.7,38.89,28,72
5,4.5,1.5,1.45,120.0,150.0,True,342,57.0,-722.2,0.879,23.39,1207.75,-0.6,38.89,28,72
5,4.5,1.5,1.45,200.0,200.0,True,363,60.5,-1114.69,0.828,22.59,1535.31,-0.73,38.89,28,72
5,4.5,1.5,,0.0,0.0,False,1013,168.8,-2412.39,0.868,24.68,3282.38,-0.73,37.5,27,72
5,4.5,1.5,,120.0,150.0,False,734,122.3,-292.94,0.976,26.16,1103.18,-0.27,45.83,33,72
5,4.5,1.5,,200.0,200.0,False,960,160.0,-2523.07,0.853,24.58,3376.38,-0.75,38.89,28,72
5,4.5,2.0,1.35,0.0,0.0,True,258,43.0,-395.53,0.926,29.84,1108.61,-0.36,44.44,32,72
5,4.5,2.0,1.35,120.0,150.0,True,245,40.8,-221.74,0.955,30.2,956.52,-0.23,44.44,32,72
5,4.5,2.0,1.35,200.0,200.0,True,257,42.8,-353.63,0.933,29.96,1066.71,-0.33,44.44,32,72
5,4.5,2.0,1.4,0.0,0.0,True,303,50.5,-724.97,0.887,29.37,1632.36,-0.44,36.11,26,72
5,4.5,2.0,1.4,120.0,150.0,True,280,46.7,-286.3,0.951,30.71,1326.65,-0.22,37.5,27,72
5,4.5,2.0,1.4,200.0,200.0,True,301,50.2,-658.9,0.896,29.57,1566.29,-0.42,36.11,26,72
5,4.5,2.0,1.45,0.0,0.0,True,355,59.2,-1034.62,0.865,29.01,1684.78,-0.61,40.28,29,72
5,4.5,2.0,1.45,120.0,150.0,True,323,53.8,-549.34,0.919,29.72,1301.56,-0.42,41.67,30,72
5,4.5,2.0,1.45,200.0,200.0,True,344,57.3,-852.48,0.884,29.36,1502.64,-0.57,40.28,29,72
5,4.5,2.0,,0.0,0.0,False,876,146.0,-1218.77,0.936,31.51,2302.0,-0.53,44.44,32,72
5,4.5,2.0,,120.0,150.0,False,603,100.5,-77.85,0.993,32.01,985.34,-0.08,48.61,35,72
5,4.5,2.0,,200.0,200.0,False,755,125.8,-638.81,0.96,31.92,1936.23,-0.33,48.61,35,72
5,4.5,2.5,1.35,0.0,0.0,True,252,42.0,-260.84,0.956,35.32,1145.53,-0.23,45.83,33,72
5,4.5,2.5,1.35,120.0,150.0,True,231,38.5,161.76,1.031,36.36,751.7,0.22,47.22,34,72
5,4.5,2.5,1.35,200.0,200.0,True,251,41.8,-208.76,0.965,35.46,1093.45,-0.19,45.83,33,72
5,4.5,2.5,1.4,0.0,0.0,True,292,48.7,-218.13,0.968,35.62,1248.52,-0.17,41.67,30,72
5,4.5,2.5,1.4,120.0,150.0,True,262,43.7,408.95,1.069,37.4,861.97,0.47,44.44,32,72
5,4.5,2.5,1.4,200.0,200.0,True,290,48.3,-140.82,0.979,35.86,1196.44,-0.12,41.67,30,72
5,4.5,2.5,1.45,0.0,0.0,True,341,56.8,-458.49,0.944,35.19,1424.76,-0.32,40.28,29,72
5,4.5,2.5,1.45,120.0,150.0,True,307,51.2,76.17,1.011,36.16,1077.31,0.07,43.06,31,72
5,4.5,2.5,1.45,200.0,200.0,True,329,54.8,39.01,1.005,36.17,1105.39,0.04,43.06,31,72
5,4.5,2.5,,0.0,0.0,False,786,131.0,-1006.32,0.948,36.51,2452.51,-0.41,48.61,35,72
5,4.5,2.5,,120.0,150.0,False,521,86.8,711.17,1.062,38.2,677.91,1.05,55.56,40,72
5,4.5,2.5,,200.0,200.0,False,672,112.0,-99.02,0.994,37.35,1426.58,-0.07,50.0,36,72
7,2.5,1.5,1.35,0.0,0.0,True,209,34.8,-800.29,0.748,34.45,1011.77,-0.79,41.67,30,72
7,2.5,1.5,1.35,120.0,150.0,True,204,34.0,-634.68,0.789,35.29,846.16,-0.75,43.06,31,72
7,2.5,1.5,1.35,200.0,200.0,True,209,34.8,-800.29,0.748,34.45,1011.77,-0.79,41.67,30,72
7,2.5,1.5,1.4,0.0,0.0,True,267,44.5,-714.15,0.821,36.7,998.52,-0.72,41.67,30,72
7,2.5,1.5,1.4,120.0,150.0,True,260,43.3,-475.62,0.873,37.69,759.99,-0.63,43.06,31,72
7,2.5,1.5,1.4,200.0,200.0,True,266,44.3,-682.87,0.827,36.84,967.24,-0.71,41.67,30,72
7,2.5,1.5,1.45,0.0,0.0,True,326,54.3,-785.07,0.841,36.5,1201.05,-0.65,38.89,28,72
7,2.5,1.5,1.45,120.0,150.0,True,318,53.0,-579.85,0.876,37.11,962.52,-0.6,40.28,29,72
7,2.5,1.5,1.45,200.0,200.0,True,325,54.2,-753.79,0.846,36.62,1169.77,-0.64,38.89,28,72
7,2.5,1.5,,0.0,0.0,False,1067,177.8,-1952.6,0.878,36.83,2848.82,-0.69,40.28,29,72
7,2.5,1.5,,120.0,150.0,False,957,159.5,-1347.96,0.902,37.3,2190.13,-0.62,40.28,29,72
7,2.5,1.5,,200.0,200.0,False,1049,174.8,-1888.67,0.879,36.99,2664.8,-0.71,40.28,29,72
7,2.5,2.0,1.35,0.0,0.0,True,207,34.5,-1145.31,0.702,39.13,1322.47,-0.87,43.06,31,72
7,2.5,2.0,1.35,120.0,150.0,True,202,33.7,-1031.86,0.718,39.6,1209.02,-0.85,43.06,31,72
7,2.5,2.0,1.35,200.0,200.0,True,204,34.0,-1009.12,0.728,39.71,1186.28,-0.85,43.06,31,72
7,2.5,2.0,1.4,0.0,0.0,True,264,44.0,-1071.39,0.775,41.67,1308.85,-0.82,40.28,29,72
7,2.5,2.0,1.4,120.0,150.0,True,257,42.8,-933.3,0.794,42.02,1163.99,-0.8,40.28,29,72
7,2.5,2.0,1.4,200.0,200.0,True,259,43.2,-838.76,0.815,42.47,1076.22,-0.78,40.28,29,72
7,2.5,2.0,1.45,0.0,0.0,True,319,53.2,-952.25,0.833,42.63,1370.83,-0.69,41.67,30,72
7,2.5,2.0,1.45,120.0,150.0,True,312,52.0,-816.98,0.851,42.95,1202.25,-0.68,41.67,30,72
7,2.5,2.0,1.45,200.0,200.0,True,314,52.3,-719.62,0.869,43.31,1138.2,-0.63,41.67,30,72
7,2.5,2.0,,0.0,0.0,False,983,163.8,-1770.79,0.897,43.23,2492.12,-0.71,41.67,30,72
7,2.5,2.0,,120.0,150.0,False,825,137.5,-1278.03,0.905,43.27,1905.71,-0.67,45.83,33,72
7,2.5,2.0,,200.0,200.0,False,939,156.5,-1044.17,0.934,43.88,1767.37,-0.59,44.44,32,72
7,2.5,2.5,1.35,0.0,0.0,True,205,34.2,-1466.62,0.667,43.41,1644.7,-0.89,41.67,30,72
7,2.5,2.5,1.35,120.0,150.0,True,200,33.3,-1309.99,0.687,44.0,1488.07,-0.88,41.67,30,72
7,2.5,2.5,1.35,200.0,200.0,True,202,33.7,-1297.27,0.694,44.06,1475.35,-0.88,41.67,30,72
7,2.5,2.5,1.4,0.0,0.0,True,258,43.0,-1172.12,0.775,46.9,1432.23,-0.82,45.83,33,72
7,2.5,2.5,1.4,120.0,150.0,True,249,41.5,-891.94,0.815,47.79,1128.26,-0.79,45.83,33,72
7,2.5,2.5,1.4,200.0,200.0,True,253,42.2,-976.35,0.804,47.43,1212.67,-0.81,45.83,33,72
7,2.5,2.5,1.45,0.0,0.0,True,312,52.0,-909.07,0.853,48.4,1326.83,-0.69,48.61,35,72
7,2.5,2.5,1.45,120.0,150.0,True,299,49.8,-450.55,0.92,49.83,835.0,-0.54,48.61,35,72
7,2.5,2.5,1.45,200.0,200.0,True,308,51.3,-682.81,0.885,49.03,1100.57,-0.62,48.61,35,72
7,2.5,2.5,,0.0,0.0,False,906,151.0,-1737.02,0.902,48.68,2575.76,-0.67,40.28,29,72
7,2.5,2.5,,120.0,150.0,False,738,123.0,-1261.73,0.907,48.51,2124.4,-0.59,40.28,29,72
7,2.5,2.5,,200.0,200.0,False,862,143.7,-2068.86,0.876,48.26,2925.73,-0.71,40.28,29,72
7,3.0,1.5,1.35,0.0,0.0,True,205,34.2,-807.95,0.756,30.24,1004.6,-0.8,43.06,31,72
7,3.0,1.5,1.35,120.0,150.0,True,198,33.0,-695.5,0.779,30.3,892.15,-0.78,43.06,31,72
7,3.0,1.5,1.35,200.0,200.0,True,205,34.2,-807.95,0.756,30.24,1004.6,-0.8,43.06,31,72
7,3.0,1.5,1.4,0.0,0.0,True,261,43.5,-979.28,0.77,30.27,1221.17,-0.8,38.89,28,72
7,3.0,1.5,1.4,120.0,150.0,True,252,42.0,-793.91,0.802,30.56,1035.8,-0.77,38.89,28,72
7,3.0,1.5,1.4,200.0,200.0,True,260,43.3,-948.0,0.776,30.38,1189.89,-0.8,38.89,28,72
7,3.0,1.5,1.45,0.0,0.0,True,320,53.3,-1433.67,0.734,29.06,1767.31,-0.81,38.89,28,72
7,3.0,1.5,1.45,120.0,150.0,True,311,51.8,-1248.3,0.758,29.26,1581.94,-0.79,38.89,28,72
7,3.0,1.5,1.45,200.0,200.0,True,319,53.2,-1402.39,0.738,29.15,1736.03,-0.81,38.89,28,72
7,3.0,1.5,,0.0,0.0,False,1025,170.8,-2047.63,0.875,32.59,2948.73,-0.69,41.67,30,72
7,3.0,1.5,,120.0,150.0,False,852,142.0,-2054.56,0.845,32.28,2653.03,-0.77,41.67,30,72
7,3.0,1.5,,200.0,200.0,False,975,162.5,-1546.12,0.898,33.13,2360.86,-0.65,41.67,30,72
7,3.0,2.0,1.35,0.0,0.0,True,203,33.8,-1123.2,0.72,34.98,1303.91,-0.86,40.28,29,72
7,3.0,2.0,1.35,120.0,150.0,True,195,32.5,-1046.74,0.725,34.87,1227.45,-0.85,40.28,29,72
7,3.0,2.0,1.35,200.0,200.0,True,200,33.3,-987.01,0.745,35.5,1167.72,-0.85,40.28,29,72
7,3.0,2.0,1.4,0.0,0.0,True,257,42.8,-1377.61,0.731,35.02,1591.33,-0.87,37.5,27,72
7,3.0,2.0,1.4,120.0,150.0,True,246,41.0,-1262.43,0.739,34.96,1476.15,-0.86,37.5,27,72
7,3.0,2.0,1.4,200.0,200.0,True,252,42.0,-1144.98,0.765,35.71,1358.7,-0.84,37.5,27,72
7,3.0,2.0,1.45,0.0,0.0,True,310,51.7,-1547.82,0.752,35.48,1938.16,-0.8,41.67,30,72
7,3.0,2.0,1.45,120.0,150.0,True,299,49.8,-1432.64,0.76,35.45,1822.98,-0.79,41.67,30,72
7,3.0,2.0,1.45,200.0,200.0,True,305,50.8,-1315.19,0.781,36.07,1705.53,-0.77,41.67,30,72
7,3.0,2.0,,0.0,0.0,False,929,154.8,-2081.62,0.883,38.43,2922.92,-0.71,36.11,26,72
7,3.0,2.0,,120.0,150.0,False,731,121.8,-2656.24,0.806,37.21,3267.46,-0.81,34.72,25,72
7,3.0,2.0,,200.0,200.0,False,867,144.5,-2033.51,0.874,38.29,2736.48,-0.74,37.5,27,72
7,3.0,2.5,1.35,0.0,0.0,True,201,33.5,-1498.37,0.678,38.81,1663.16,-0.9,43.06,31,72
7,3.0,2.5,1.35,120.0,150.0,True,193,32.2,-1371.73,0.688,38.86,1536.52,-0.89,43.06,31,72
7,3.0,2.5,1.35,200.0,200.0,True,198,33.0,-1329.02,0.703,39.39,1493.81,-0.89,43.06,31,72
7,3.0,2.5,1.4,0.0,0.0,True,251,41.8,-1489.86,0.736,40.24,1756.2,-0.85,43.06,31,72
7,3.0,2.5,1.4,120.0,150.0,True,237,39.5,-1162.06,0.774,40.93,1435.25,-0.81,43.06,31,72
7,3.0,2.5,1.4,200.0,200.0,True,246,41.0,-1300.43,0.76,40.65,1566.77,-0.83,43.06,31,72
7,3.0,2.5,1.45,0.0,0.0,True,300,50.0,-1483.61,0.781,41.33,1809.95,-0.82,41.67,30,72
7,3.0,2.5,1.45,120.0,150.0,True,282,47.0,-1046.26,0.829,42.2,1418.42,-0.74,43.06,31,72
7,3.0,2.5,1.45,200.0,200.0,True,296,49.3,-1257.35,0.808,41.89,1583.69,-0.79,41.67,30,72
7,3.0,2.5,,0.0,0.0,False,845,140.8,-2103.99,0.885,43.55,2852.29,-0.74,41.67,30,72
7,3.0,2.5,,120.0,150.0,False,658,109.7,-2135.17,0.844,42.71,2722.34,-0.78,41.67,30,72
7,3.0,2.5,,200.0,200.0,False,774,129.0,-2233.14,0.864,43.28,2859.37,-0.78,41.67,30,72
7,3.5,1.5,1.35,0.0,0.0,True,204,34.0,-1183.51,0.667,24.51,1336.24,-0.89,37.5,27,72
7,3.5,1.5,1.35,120.0,150.0,True,200,33.3,-1040.11,0.695,25.0,1192.84,-0.87,37.5,27,72
7,3.5,1.5,1.35,200.0,200.0,True,204,34.0,-1183.51,0.667,24.51,1336.24,-0.89,37.5,27,72
7,3.5,1.5,1.4,0.0,0.0,True,258,43.0,-1413.78,0.688,24.81,1626.19,-0.87,37.5,27,72
7,3.5,1.5,1.4,120.0,150.0,True,252,42.0,-1197.46,0.723,25.4,1409.87,-0.85,37.5,27,72
7,3.5,1.5,1.4,200.0,200.0,True,257,42.8,-1382.5,0.693,24.9,1594.91,-0.87,37.5,27,72
7,3.5,1.5,1.45,0.0,0.0,True,316,52.7,-1934.8,0.662,23.73,2302.69,-0.84,37.5,27,72
7,3.5,1.5,1.45,120.0,150.0,True,307,51.2,-1650.44,0.696,24.43,2018.33,-0.82,37.5,27,72
7,3.5,1.5,1.45,200.0,200.0,True,315,52.5,-1903.52,0.665,23.81,2271.41,-0.84,37.5,27,72
7,3.5,1.5,,0.0,0.0,False,979,163.2,-2613.77,0.844,28.91,3520.29,-0.74,34.72,25,72
7,3.5,1.5,,120.0,150.0,False,779,129.8,-1853.13,0.853,29.27,2612.35,-0.71,34.72,25,72
7,3.5,1.5,,200.0,200.0,False,899,149.8,-2025.4,0.864,29.25,2897.24,-0.7,36.11,26,72
7,3.5,2.0,1.35,0.0,0.0,True,202,33.7,-1385.59,0.676,30.2,1517.44,-0.91,37.5,27,72
7,3.5,2.0,1.35,120.0,150.0,True,197,32.8,-1298.24,0.683,30.46,1430.09,-0.91,37.5,27,72
7,3.5,2.0,1.35,200.0,200.0,True,199,33.2,-1249.4,0.698,30.65,1381.25,-0.9,37.5,27,72
7,3.5,2.0,1.4,0.0,0.0,True,254,42.3,-1698.41,0.688,30.31,1877.71,-0.9,37.5,27,72
7,3.5,2.0,1.4,120.0,150.0,True,244,40.7,-1596.6,0.691,30.33,1775.9,-0.9,37.5,27,72
7,3.5,2.0,1.4,200.0,200.0,True,249,41.5,-1465.78,0.718,30.92,1645.08,-0.89,37.5,27,72
7,3.5,2.0,1.45,0.0,0.0,True,307,51.2,-1965.26,0.705,30.62,2367.26,-0.83,40.28,29,72
7,3.5,2.0,1.45,120.0,150.0,True,292,48.7,-1771.34,0.717,30.82,2173.34,-0.82,40.28,29,72
7,3.5,2.0,1.45,200.0,200.0,True,302,50.3,-1732.63,0.731,31.13,2134.63,-0.81,40.28,29,72
7,3.5,2.0,,0.0,0.0,False,882,147.0,-2428.51,0.866,34.92,3157.81,-0.77,37.5,27,72
7,3.5,2.0,,120.0,150.0,False,691,115.2,-2605.12,0.811,33.86,3301.37,-0.79,34.72,25,72
7,3.5,2.0,,200.0,200.0,False,797,132.8,-1861.26,0.882,35.13,2763.76,-0.67,40.28,29,72
7,3.5,2.5,1.35,0.0,0.0,True,200,33.3,-1566.27,0.68,35.0,1677.26,-0.93,40.28,29,72
7,3.5,2.5,1.35,120.0,150.0,True,195,32.5,-1435.74,0.693,35.38,1546.73,-0.93,40.28,29,72
7,3.5,2.5,1.35,200.0,200.0,True,197,32.8,-1396.92,0.704,35.53,1507.91,-0.93,40.28,29,72
7,3.5,2.5,1.4,0.0,0.0,True,247,41.2,-1439.65,0.754,36.84,1889.3,-0.76,41.67,30,72
7,3.5,2.5,1.4,120.0,150.0,True,235,39.2,-1103.77,0.795,37.87,1613.91,-0.68,41.67,30,72
7,3.5,2.5,1.4,200.0,200.0,True,242,40.3,-1256.55,0.777,37.19,1713.49,-0.73,41.67,30,72
7,3.5,2.5,1.45,0.0,0.0,True,295,49.2,-1584.16,0.777,37.29,1973.21,-0.8,36.11,26,72
7,3.5,2.5,1.45,120.0,150.0,True,275,45.8,-979.14,0.845,38.91,1545.65,-0.63,37.5,27,72
7,3.5,2.5,1.45,200.0,200.0,True,291,48.5,-1357.9,0.803,37.8,1754.24,-0.77,36.11,26,72
7,3.5,2.5,,0.0,0.0,False,796,132.7,-2096.53,0.886,40.33,2829.73,-0.74,40.28,29,72
7,3.5,2.5,,120.0,150.0,False,620,103.3,-1862.84,0.864,40.0,2585.4,-0.72,41.67,30,72
7,3.5,2.5,,200.0,200.0,False,713,118.8,-2070.41,0.872,40.11,2903.63,-0.71,40.28,29,72
7,4.0,1.5,1.35,0.0,0.0,True,203,33.8,-901.88,0.746,24.14,1087.27,-0.83,38.89,28,72
7,4.0,1.5,1.35,120.0,150.0,True,197,32.8,-714.7,0.788,24.87,900.09,-0.79,38.89,28,72
7,4.0,1.5,1.35,200.0,200.0,True,199,33.2,-758.48,0.778,24.62,943.87,-0.8,38.89,28,72
7,4.0,1.5,1.4,0.0,0.0,True,256,42.7,-1062.46,0.766,24.22,1280.83,-0.83,44.44,32,72
7,4.0,1.5,1.4,120.0,150.0,True,247,41.2,-790.11,0.815,25.1,1008.48,-0.78,44.44,32,72
7,4.0,1.5,1.4,200.0,200.0,True,251,41.8,-884.44,0.797,24.7,1102.81,-0.8,44.44,32,72
7,4.0,1.5,1.45,0.0,0.0,True,314,52.3,-1737.64,0.7,22.61,2023.41,-0.86,37.5,27,72
7,4.0,1.5,1.45,120.0,150.0,True,297,49.5,-1239.64,0.766,23.91,1525.41,-0.81,38.89,28,72
7,4.0,1.5,1.45,200.0,200.0,True,309,51.5,-1559.62,0.722,22.98,1845.39,-0.85,37.5,27,72
7,4.0,1.5,,0.0,0.0,False,940,156.7,-2435.67,0.854,26.6,3174.35,-0.77,33.33,24,72
7,4.0,1.5,,120.0,150.0,False,768,128.0,-1403.21,0.892,27.34,2212.88,-0.63,36.11,26,72
7,4.0,1.5,,200.0,200.0,False,885,147.5,-2179.84,0.859,26.67,2930.16,-0.74,33.33,24,72
7,4.0,2.0,1.35,0.0,0.0,True,201,33.5,-941.07,0.779,30.35,1105.58,-0.85,43.06,31,72
7,4.0,2.0,1.35,120.0,150.0,True,194,32.3,-809.19,0.799,30.93,973.7,-0.83,43.06,31,72
7,4.0,2.0,1.35,200.0,200.0,True,197,32.8,-908.08,0.78,30.46,1072.59,-0.85,43.06,31,72
7,4.0,2.0,1.4,0.0,0.0,True,252,42.0,-1271.62,0.767,29.76,1499.82,-0.85,38.89,28,72
7,4.0,2.0,1.4,120.0,150.0,True,241,40.2,-1160.79,0.774,29.88,1346.3,-0.86,38.89,28,72
7,4.0,2.0,1.4,200.0,200.0,True,246,41.0,-1142.19,0.781,30.08,1327.7,-0.86,38.89,28,72
7,4.0,2.0,1.45,0.0,0.0,True,306,51.0,-1695.05,0.751,29.41,1957.48,-0.87,41.67,30,72
7,4.0,2.0,1.45,120.0,150.0,True,279,46.5,-1049.24,0.824,31.18,1415.46,-0.74,44.44,32,72
7,4.0,2.0,1.45,200.0,200.0,True,300,50.0,-1565.62,0.761,29.67,1828.05,-0.86,41.67,30,72
7,4.0,2.0,,0.0,0.0,False,838,139.7,-1687.65,0.905,33.29,2507.73,-0.67,40.28,29,72
7,4.0,2.0,,120.0,150.0,False,638,106.3,-530.01,0.958,34.17,1821.26,-0.29,48.61,35,72
7,4.0,2.0,,200.0,200.0,False,776,129.3,-1626.96,0.899,33.12,2543.71,-0.64,40.28,29,72
7,4.0,2.5,1.35,0.0,0.0,True,199,33.2,-1053.41,0.784,35.18,1342.99,-0.78,43.06,31,72
7,4.0,2.5,1.35,120.0,150.0,True,193,32.2,-900.78,0.805,35.75,1136.99,-0.79,43.06,31,72
7,4.0,2.5,1.35,200.0,200.0,True,195,32.5,-987.26,0.79,35.38,1188.32,-0.83,43.06,31,72
7,4.0,2.5,1.4,0.0,0.0,True,245,40.8,-989.46,0.832,35.92,1644.97,-0.6,43.06,31,72
7,4.0,2.5,1.4,120.0,150.0,True,233,38.8,-751.27,0.863,36.48,1383.31,-0.54,43.06,31,72
7,4.0,2.5,1.4,200.0,200.0,True,240,40.0,-866.4,0.847,36.25,1433.39,-0.6,43.06,31,72
7,4.0,2.5,1.45,0.0,0.0,True,294,49.0,-1225.18,0.831,36.05,1660.34,-0.74,38.89,28,72
7,4.0,2.5,1.45,120.0,150.0,True,270,45.0,-477.25,0.924,38.15,1166.7,-0.41,41.67,30,72
7,4.0,2.5,1.45,200.0,200.0,True,289,48.2,-1102.12,0.843,36.33,1448.76,-0.76,38.89,28,72
7,4.0,2.5,,0.0,0.0,False,747,124.5,-1291.41,0.928,38.82,2520.5,-0.51,43.06,31,72
7,4.0,2.5,,120.0,150.0,False,571,95.2,27.23,1.002,40.11,1400.28,0.02,48.61,35,72
7,4.0,2.5,,200.0,200.0,False,684,114.0,-1507.93,0.908,38.6,2674.77,-0.56,43.06,31,72
7,4.5,1.5,1.35,0.0,0.0,True,200,33.3,-648.49,0.816,24.0,866.52,-0.75,38.89,28,72
7,4.5,1.5,1.35,120.0,150.0,True,198,33.0,-604.71,0.826,24.24,822.74,-0.73,38.89,28,72
7,4.5,1.5,1.35,200.0,200.0,True,200,33.3,-648.49,0.816,24.0,866.52,-0.75,38.89,28,72
7,4.5,1.5,1.4,0.0,0.0,True,251,41.8,-913.08,0.798,23.11,1173.15,-0.78,41.67,30,72
7,4.5,1.5,1.4,120.0,150.0,True,246,41.0,-776.72,0.823,23.58,1057.77,-0.73,41.67,30,72
7,4.5,1.5,1.4,200.0,200.0,True,250,41.7,-881.8,0.804,23.2,1141.87,-0.77,41.67,30,72
7,4.5,1.5,1.45,0.0,0.0,True,309,51.5,-1603.45,0.724,21.36,1947.43,-0.82,36.11,26,72
7,4.5,1.5,1.45,120.0,150.0,True,297,49.5,-1265.49,0.768,22.22,1630.45,-0.78,37.5,27,72
7,4.5,1.5,1.45,200.0,200.0,True,308,51.3,-1572.17,0.728,21.43,1916.15,-0.82,36.11,26,72
7,4.5,1.5,,0.0,0.0,False,896,149.3,-2065.12,0.874,24.89,2783.28,-0.74,44.44,32,72
7,4.5,1.5,,120.0,150.0,False,687,114.5,-586.08,0.95,26.06,1550.82,-0.38,47.22,34,72
7,4.5,1.5,,200.0,200.0,False,836,139.3,-1717.86,0.886,25.12,2487.59,-0.69,44.44,32,72
7,4.5,2.0,1.35,0.0,0.0,True,197,32.8,-717.52,0.831,29.44,945.9,-0.76,45.83,33,72
7,4.5,2.0,1.35,120.0,150.0,True,191,31.8,-482.44,0.88,30.37,769.67,-0.63,45.83,33,72
7,4.5,2.0,1.35,200.0,200.0,True,194,32.3,-581.33,0.858,29.9,840.2,-0.69,45.83,33,72
7,4.5,2.0,1.4,0.0,0.0,True,245,40.8,-1114.46,0.794,28.16,1563.54,-0.71,43.06,31,72
7,4.5,2.0,1.4,120.0,150.0,True,235,39.2,-834.91,0.836,28.94,1362.48,-0.61,43.06,31,72
7,4.5,2.0,1.4,200.0,200.0,True,240,40.0,-881.83,0.83,28.75,1361.4,-0.65,43.06,31,72
7,4.5,2.0,1.45,0.0,0.0,True,301,50.2,-1591.48,0.768,27.57,1929.56,-0.82,40.28,29,72
7,4.5,2.0,1.45,120.0,150.0,True,280,46.7,-1014.51,0.836,28.93,1352.59,-0.75,41.67,30,72
7,4.5,2.0,1.45,200.0,200.0,True,296,49.3,-1358.85,0.795,28.04,1696.93,-0.8,40.28,29,72
7,4.5,2.0,,0.0,0.0,False,795,132.5,-1243.93,0.929,31.19,2270.66,-0.55,45.83,33,72
7,4.5,2.0,,120.0,150.0,False,570,95.0,-763.98,0.935,30.88,1538.38,-0.5,47.22,34,72
7,4.5,2.0,,200.0,200.0,False,695,115.8,-1084.65,0.927,30.94,2026.4,-0.54,47.22,34,72
7,4.5,2.5,1.35,0.0,0.0,True,195,32.5,-860.04,0.824,33.85,1248.04,-0.69,47.22,34,72
7,4.5,2.5,1.35,120.0,150.0,True,189,31.5,-567.99,0.876,34.92,1013.22,-0.56,47.22,34,72
7,4.5,2.5,1.35,200.0,200.0,True,192,32.0,-690.69,0.853,34.38,1100.77,-0.63,47.22,34,72
7,4.5,2.5,1.4,0.0,0.0,True,238,39.7,-1041.96,0.826,33.19,1771.13,-0.59,45.83,33,72
7,4.5,2.5,1.4,120.0,150.0,True,227,37.8,-646.62,0.883,34.36,1486.99,-0.43,45.83,33,72
7,4.5,2.5,1.4,200.0,200.0,True,234,39.0,-815.7,0.858,33.76,1566.95,-0.52,45.83,33,72
7,4.5,2.5,1.45,0.0,0.0,True,288,48.0,-1406.64,0.812,32.99,1950.68,-0.72,43.06,31,72
7,4.5,2.5,1.45,120.0,150.0,True,265,44.2,-697.36,0.893,34.72,1293.2,-0.54,44.44,32,72
7,4.5,2.5,1.45,200.0,200.0,True,283,47.2,-1131.69,0.843,33.57,1697.81,-0.67,43.06,31,72
7,4.5,2.5,,0.0,0.0,False,709,118.2,-1127.57,0.937,36.25,2425.59,-0.46,45.83,33,72
7,4.5,2.5,,120.0,150.0,False,528,88.0,-149.1,0.988,37.12,1298.5,-0.11,50.0,36,72
7,4.5,2.5,,200.0,200.0,False,620,103.3,-802.27,0.947,36.45,2178.57,-0.37,48.61,35,72
10,2.5,1.5,1.35,0.0,0.0,True,167,27.8,-428.88,0.825,35.93,505.04,-0.85,37.5,27,72
10,2.5,1.5,1.35,120.0,150.0,True,167,27.8,-428.88,0.825,35.93,505.04,-0.85,37.5,27,72
10,2.5,1.5,1.35,200.0,200.0,True,167,27.8,-428.88,0.825,35.93,505.04,-0.85,37.5,27,72
10,2.5,1.5,1.4,0.0,0.0,True,218,36.3,-346.0,0.89,37.61,477.76,-0.72,45.83,33,72
10,2.5,1.5,1.4,120.0,150.0,True,218,36.3,-346.0,0.89,37.61,477.76,-0.72,45.83,33,72
10,2.5,1.5,1.4,200.0,200.0,True,218,36.3,-346.0,0.89,37.61,477.76,-0.72,45.83,33,72
10,2.5,1.5,1.45,0.0,0.0,True,267,44.5,-339.27,0.912,37.83,682.51,-0.5,43.06,31,72
10,2.5,1.5,1.45,120.0,150.0,True,265,44.2,-305.45,0.92,38.11,648.69,-0.47,43.06,31,72
10,2.5,1.5,1.45,200.0,200.0,True,267,44.5,-339.27,0.912,37.83,682.51,-0.5,43.06,31,72
10,2.5,1.5,,0.0,0.0,False,965,160.8,-2362.76,0.838,35.54,3043.89,-0.78,36.11,26,72
10,2.5,1.5,,120.0,150.0,False,880,146.7,-1828.85,0.858,36.25,2249.3,-0.81,37.5,27,72
10,2.5,1.5,,200.0,200.0,False,943,157.2,-2300.7,0.838,35.63,2837.56,-0.81,36.11,26,72
10,2.5,2.0,1.35,0.0,0.0,True,166,27.7,-759.95,0.747,40.36,791.88,-0.96,37.5,27,72
10,2.5,2.0,1.35,120.0,150.0,True,164,27.3,-833.4,0.723,39.63,865.33,-0.96,37.5,27,72
10,2.5,2.0,1.35,200.0,200.0,True,166,27.7,-759.95,0.747,40.36,791.88,-0.96,37.5,27,72
10,2.5,2.0,1.4,0.0,0.0,True,215,35.8,-685.93,0.817,42.33,820.62,-0.84,36.11,26,72
10,2.5,2.0,1.4,120.0,150.0,True,212,35.3,-738.96,0.802,41.98,823.08,-0.9,36.11,26,72
10,2.5,2.0,1.4,200.0,200.0,True,215,35.8,-685.93,0.817,42.33,820.62,-0.84,36.11,26,72
10,2.5,2.0,1.45,0.0,0.0,True,259,43.2,-457.9,0.896,44.02,850.0,-0.54,41.67,30,72
10,2.5,2.0,1.45,120.0,150.0,True,255,42.5,-538.06,0.878,43.53,861.57,-0.62,41.67,30,72
10,2.5,2.0,1.45,200.0,200.0,True,259,43.2,-457.9,0.896,44.02,850.0,-0.54,41.67,30,72
10,2.5,2.0,,0.0,0.0,False,883,147.2,-2366.71,0.85,41.9,3060.66,-0.77,33.33,24,72
10,2.5,2.0,,120.0,150.0,False,753,125.5,-1545.05,0.879,42.63,2050.53,-0.75,37.5,27,72
10,2.5,2.0,,200.0,200.0,False,854,142.3,-2067.06,0.862,42.15,2658.54,-0.78,36.11,26,72
10,2.5,2.5,1.35,0.0,0.0,True,165,27.5,-1011.83,0.708,44.85,1067.2,-0.95,38.89,28,72
10,2.5,2.5,1.35,120.0,150.0,True,163,27.2,-1085.28,0.687,44.17,1140.65,-0.95,38.89,28,72
10,2.5,2.5,1.35,200.0,200.0,True,165,27.5,-1011.83,0.708,44.85,1067.2,-0.95,38.89,28,72
10,2.5,2.5,1.4,0.0,0.0,True,210,35.0,-770.46,0.814,48.1,942.03,-0.82,38.89,28,72
10,2.5,2.5,1.4,120.0,150.0,True,207,34.5,-818.68,0.801,47.83,990.25,-0.83,38.89,28,72
10,2.5,2.5,1.4,200.0,200.0,True,210,35.0,-770.46,0.814,48.1,942.03,-0.82,38.89,28,72
10,2.5,2.5,1.45,0.0,0.0,True,253,42.2,-444.32,0.908,50.2,851.88,-0.52,44.44,32,72
10,2.5,2.5,1.45,120.0,150.0,True,248,41.3,-470.98,0.901,50.0,927.23,-0.51,44.44,32,72
10,2.5,2.5,1.45,200.0,200.0,True,253,42.2,-444.32,0.908,50.2,851.88,-0.52,44.44,32,72
10,2.5,2.5,,0.0,0.0,False,815,135.8,-2201.55,0.865,47.73,2969.47,-0.74,37.5,27,72
10,2.5,2.5,,120.0,150.0,False,686,114.3,-1944.28,0.852,47.52,2467.38,-0.79,38.89,28,72
10,2.5,2.5,,200.0,200.0,False,780,130.0,-1634.89,0.891,48.21,2290.41,-0.71,38.89,28,72
10,3.0,1.5,1.35,0.0,0.0,True,165,27.5,-449.87,0.826,31.52,525.3,-0.86,38.89,28,72
10,3.0,1.5,1.35,120.0,150.0,True,161,26.8,-405.25,0.839,31.68,520.31,-0.78,38.89,28,72
10,3.0,1.5,1.35,200.0,200.0,True,165,27.5,-449.87,0.826,31.52,525.3,-0.86,38.89,28,72
10,3.0,1.5,1.4,0.0,0.0,True,215,35.8,-491.33,0.854,31.63,671.65,-0.73,41.67,30,72
10,3.0,1.5,1.4,120.0,150.0,True,207,34.5,-431.56,0.866,31.88,666.66,-0.65,41.67,30,72
10,3.0,1.5,1.4,200.0,200.0,True,215,35.8,-491.33,0.854,31.63,671.65,-0.73,41.67,30,72
10,3.0,1.5,1.45,0.0,0.0,True,264,44.0,-850.47,0.801,30.3,1013.34,-0.84,45.83,33,72
10,3.0,1.5,1.45,120.0,150.0,True,258,43.0,-849.68,0.798,30.23,1012.55,-0.84,45.83,33,72
10,3.0,1.5,1.45,200.0,200.0,True,264,44.0,-850.47,0.801,30.3,1013.34,-0.84,45.83,33,72
10,3.0,1.5,,0.0,0.0,False,940,156.7,-2653.06,0.826,31.28,3632.72,-0.73,34.72,25,72
10,3.0,1.5,,120.0,150.0,False,823,137.2,-2188.13,0.832,31.83,2728.83,-0.8,37.5,27,72
10,3.0,1.5,,200.0,200.0,False,894,149.0,-2387.01,0.832,31.54,3080.68,-0.77,36.11,26,72
10,3.0,2.0,1.35,0.0,0.0,True,164,27.3,-772.13,0.757,35.98,821.07,-0.94,36.11,26,72
10,3.0,2.0,1.35,120.0,150.0,True,158,26.3,-722.91,0.763,36.08,771.85,-0.94,36.11,26,72
10,3.0,2.0,1.35,200.0,200.0,True,164,27.3,-772.13,0.757,35.98,821.07,-0.94,36.11,26,72
10,3.0,2.0,1.4,0.0,0.0,True,212,35.3,-839.25,0.793,36.32,998.85,-0.84,43.06,31,72
10,3.0,2.0,1.4,120.0,150.0,True,202,33.7,-807.94,0.79,36.14,982.75,-0.82,43.06,31,72
10,3.0,2.0,1.4,200.0,200.0,True,212,35.3,-839.25,0.793,36.32,998.85,-0.84,43.06,31,72
10,3.0,2.0,1.45,0.0,0.0,True,255,42.5,-916.64,0.813,36.86,1078.55,-0.85,43.06,31,72
10,3.0,2.0,1.45,120.0,150.0,True,245,40.8,-979.1,0.795,36.33,1141.01,-0.86,43.06,31,72
10,3.0,2.0,1.45,200.0,200.0,True,255,42.5,-916.64,0.813,36.86,1078.55,-0.85,43.06,31,72
10,3.0,2.0,,0.0,0.0,False,849,141.5,-2883.68,0.826,36.98,3949.8,-0.73,37.5,27,72
10,3.0,2.0,,120.0,150.0,False,696,116.0,-2555.57,0.806,36.78,3134.83,-0.82,38.89,28,72
10,3.0,2.0,,200.0,200.0,False,787,131.2,-2299.27,0.845,37.48,3120.4,-0.74,40.28,29,72
10,3.0,2.5,1.35,0.0,0.0,True,163,27.2,-1086.52,0.707,39.88,1171.04,-0.93,34.72,25,72
10,3.0,2.5,1.35,120.0,150.0,True,157,26.2,-1051.59,0.706,39.49,1136.11,-0.93,34.72,25,72
10,3.0,2.5,1.35,200.0,200.0,True,163,27.2,-1086.52,0.707,39.88,1171.04,-0.93,34.72,25,72
10,3.0,2.5,1.4,0.0,0.0,True,207,34.5,-928.71,0.794,42.03,1153.64,-0.81,38.89,28,72
10,3.0,2.5,1.4,120.0,150.0,True,195,32.5,-809.79,0.807,42.05,1049.65,-0.77,38.89,28,72
10,3.0,2.5,1.4,200.0,200.0,True,207,34.5,-928.71,0.794,42.03,1153.64,-0.81,38.89,28,72
10,3.0,2.5,1.45,0.0,0.0,True,249,41.5,-992.06,0.818,42.57,1185.37,-0.84,38.89,28,72
10,3.0,2.5,1.45,120.0,150.0,True,236,39.3,-948.01,0.817,42.37,1141.32,-0.83,38.89,28,72
10,3.0,2.5,1.45,200.0,200.0,True,249,41.5,-992.06,0.818,42.57,1185.37,-0.84,38.89,28,72
10,3.0,2.5,,0.0,0.0,False,772,128.7,-2831.83,0.835,42.36,3812.62,-0.74,36.11,26,72
10,3.0,2.5,,120.0,150.0,False,613,102.2,-2270.21,0.825,42.25,2726.65,-0.83,40.28,29,72
10,3.0,2.5,,200.0,200.0,False,711,118.5,-2524.02,0.836,42.48,3277.79,-0.77,40.28,29,72
10,3.5,1.5,1.35,0.0,0.0,True,165,27.5,-659.18,0.762,26.67,746.11,-0.88,38.89,28,72
10,3.5,1.5,1.35,120.0,150.0,True,165,27.5,-659.18,0.762,26.67,746.11,-0.88,38.89,28,72
10,3.5,1.5,1.35,200.0,200.0,True,165,27.5,-659.18,0.762,26.67,746.11,-0.88,38.89,28,72
10,3.5,1.5,1.4,0.0,0.0,True,214,35.7,-739.44,0.793,27.1,934.73,-0.79,40.28,29,72
10,3.5,1.5,1.4,120.0,150.0,True,211,35.2,-750.17,0.788,27.01,945.46,-0.79,40.28,29,72
10,3.5,1.5,1.4,200.0,200.0,True,214,35.7,-739.44,0.793,27.1,934.73,-0.79,40.28,29,72
10,3.5,1.5,1.45,0.0,0.0,True,263,43.8,-1148.2,0.747,25.86,1357.63,-0.85,37.5,27,72
10,3.5,1.5,1.45,120.0,150.0,True,257,42.8,-1232.55,0.725,25.29,1441.98,-0.85,37.5,27,72
10,3.5,1.5,1.45,200.0,200.0,True,261,43.5,-1114.38,0.753,26.05,1323.81,-0.84,37.5,27,72
10,3.5,1.5,,0.0,0.0,False,909,151.5,-3053.34,0.804,27.83,3755.26,-0.81,34.72,25,72
10,3.5,1.5,,120.0,150.0,False,774,129.0,-2371.76,0.815,28.04,2921.99,-0.81,36.11,26,72
10,3.5,1.5,,200.0,200.0,False,885,147.5,-2797.48,0.814,28.02,3524.15,-0.79,34.72,25,72
10,3.5,2.0,1.35,0.0,0.0,True,164,27.3,-924.27,0.728,31.71,994.27,-0.93,34.72,25,72
10,3.5,2.0,1.35,120.0,150.0,True,162,27.0,-951.83,0.717,31.48,1017.79,-0.94,34.72,25,72
10,3.5,2.0,1.35,200.0,200.0,True,164,27.3,-924.27,0.728,31.71,994.27,-0.93,34.72,25,72
10,3.5,2.0,1.4,0.0,0.0,True,211,35.2,-1029.66,0.761,32.23,1199.68,-0.86,40.28,29,72
10,3.5,2.0,1.4,120.0,150.0,True,205,34.2,-1093.2,0.742,31.71,1261.06,-0.87,40.28,29,72
10,3.5,2.0,1.4,200.0,200.0,True,211,35.2,-1029.66,0.761,32.23,1199.68,-0.86,40.28,29,72
10,3.5,2.0,1.45,0.0,0.0,True,254,42.3,-1224.6,0.768,32.28,1438.75,-0.85,41.67,30,72
10,3.5,2.0,1.45,120.0,150.0,True,245,40.8,-1273.78,0.752,31.84,1487.93,-0.86,41.67,30,72
10,3.5,2.0,1.45,200.0,200.0,True,250,41.7,-1257.68,0.759,32.0,1471.83,-0.85,41.67,30,72
10,3.5,2.0,,0.0,0.0,False,815,135.8,-2884.82,0.829,33.99,3607.66,-0.8,38.89,28,72
10,3.5,2.0,,120.0,150.0,False,667,111.2,-2261.89,0.831,34.03,2845.54,-0.79,43.06,31,72
10,3.5,2.0,,200.0,200.0,False,772,128.7,-2371.67,0.848,34.33,3150.11,-0.75,41.67,30,72
10,3.5,2.5,1.35,0.0,0.0,True,162,27.0,-1156.13,0.705,35.8,1269.81,-0.91,31.94,23,72
10,3.5,2.5,1.35,120.0,150.0,True,159,26.5,-1111.51,0.709,35.85,1225.19,-0.91,31.94,23,72
10,3.5,2.5,1.35,200.0,200.0,True,162,27.0,-1156.13,0.705,35.8,1269.81,-0.91,31.94,23,72
10,3.5,2.5,1.4,0.0,0.0,True,204,34.0,-860.07,0.817,38.73,1234.3,-0.7,40.28,29,72
10,3.5,2.5,1.4,120.0,150.0,True,195,32.5,-747.21,0.831,38.97,1234.3,-0.61,40.28,29,72
10,3.5,2.5,1.4,200.0,200.0,True,204,34.0,-860.07,0.817,38.73,1234.3,-0.7,40.28,29,72
10,3.5,2.5,1.45,0.0,0.0,True,244,40.7,-1140.15,0.802,38.11,1391.56,-0.82,40.28,29,72
10,3.5,2.5,1.45,120.0,150.0,True,232,38.7,-1105.2,0.799,37.93,1356.61,-0.81,41.67,30,72
10,3.5,2.5,1.45,200.0,200.0,True,243,40.5,-1114.92,0.806,38.27,1366.33,-0.82,40.28,29,72
10,3.5,2.5,,0.0,0.0,False,732,122.0,-2462.9,0.857,39.75,3111.06,-0.79,37.5,27,72
10,3.5,2.5,,120.0,150.0,False,586,97.7,-2307.39,0.826,38.91,2871.66,-0.8,38.89,28,72
10,3.5,2.5,,200.0,200.0,False,681,113.5,-2443.71,0.845,39.35,3184.08,-0.77,37.5,27,72
10,4.0,1.5,1.35,0.0,0.0,True,165,27.5,-490.48,0.825,25.45,685.03,-0.72,41.67,30,72
10,4.0,1.5,1.35,120.0,150.0,True,165,27.5,-490.48,0.825,25.45,685.03,-0.72,41.67,30,72
10,4.0,1.5,1.35,200.0,200.0,True,165,27.5,-490.48,0.825,25.45,685.03,-0.72,41.67,30,72
10,4.0,1.5,1.4,0.0,0.0,True,212,35.3,-547.21,0.849,25.47,861.58,-0.64,44.44,32,72
10,4.0,1.5,1.4,120.0,150.0,True,209,34.8,-564.48,0.843,25.36,861.58,-0.66,44.44,32,72
10,4.0,1.5,1.4,200.0,200.0,True,212,35.3,-547.21,0.849,25.47,861.58,-0.64,44.44,32,72
10,4.0,1.5,1.45,0.0,0.0,True,261,43.5,-959.87,0.791,24.14,1179.53,-0.81,38.89,28,72
10,4.0,1.5,1.45,120.0,150.0,True,255,42.5,-980.77,0.783,23.92,1200.43,-0.82,38.89,28,72
10,4.0,1.5,1.45,200.0,200.0,True,261,43.5,-959.87,0.791,24.14,1179.53,-0.81,38.89,28,72
10,4.0,1.5,,0.0,0.0,False,884,147.3,-2797.31,0.822,25.57,3651.57,-0.77,36.11,26,72
10,4.0,1.5,,120.0,150.0,False,745,124.2,-2045.51,0.838,25.91,2738.58,-0.75,37.5,27,72
10,4.0,1.5,,200.0,200.0,False,840,140.0,-2381.91,0.838,25.95,3145.77,-0.76,37.5,27,72
10,4.0,2.0,1.35,0.0,0.0,True,164,27.3,-627.9,0.816,31.1,830.41,-0.76,36.11,26,72
10,4.0,2.0,1.35,120.0,150.0,True,161,26.8,-643.28,0.809,31.06,830.41,-0.77,36.11,26,72
10,4.0,2.0,1.35,200.0,200.0,True,164,27.3,-627.9,0.816,31.1,830.41,-0.76,36.11,26,72
10,4.0,2.0,1.4,0.0,0.0,True,209,34.8,-797.18,0.818,30.62,1104.56,-0.72,37.5,27,72
10,4.0,2.0,1.4,120.0,150.0,True,202,33.7,-931.89,0.783,29.7,1128.67,-0.83,37.5,27,72
10,4.0,2.0,1.4,200.0,200.0,True,208,34.7,-776.76,0.821,30.77,1104.56,-0.7,37.5,27,72
10,4.0,2.0,1.45,0.0,0.0,True,253,42.2,-996.32,0.815,30.43,1198.13,-0.83,40.28,29,72
10,4.0,2.0,1.45,120.0,150.0,True,238,39.7,-959.16,0.811,30.25,1177.28,-0.81,41.67,30,72
10,4.0,2.0,1.45,200.0,200.0,True,251,41.8,-1017.53,0.81,30.28,1219.34,-0.83,40.28,29,72
10,4.0,2.0,,0.0,0.0,False,784,130.7,-2212.4,0.868,32.14,3136.53,-0.71,38.89,28,72
10,4.0,2.0,,120.0,150.0,False,591,98.5,-1250.94,0.895,32.32,1960.69,-0.64,47.22,34,72
10,4.0,2.0,,200.0,200.0,False,737,122.8,-1739.37,0.886,32.56,2618.05,-0.66,40.28,29,72
10,4.0,2.5,1.35,0.0,0.0,True,162,27.0,-821.49,0.792,35.19,973.95,-0.84,36.11,26,72
10,4.0,2.5,1.35,120.0,150.0,True,158,26.3,-759.88,0.801,35.44,973.95,-0.78,36.11,26,72
10,4.0,2.5,1.35,200.0,200.0,True,162,27.0,-821.49,0.792,35.19,973.95,-0.84,36.11,26,72
10,4.0,2.5,1.4,0.0,0.0,True,202,33.7,-634.26,0.868,36.63,1143.21,-0.55,41.67,30,72
10,4.0,2.5,1.4,120.0,150.0,True,192,32.0,-596.47,0.868,36.46,1143.21,-0.52,41.67,30,72
10,4.0,2.5,1.4,200.0,200.0,True,201,33.5,-609.03,0.872,36.82,1143.21,-0.53,41.67,30,72
10,4.0,2.5,1.45,0.0,0.0,True,243,40.5,-854.45,0.855,36.21,1154.93,-0.74,37.5,27,72
10,4.0,2.5,1.45,120.0,150.0,True,225,37.5,-572.83,0.893,36.89,1137.16,-0.5,40.28,29,72
10,4.0,2.5,1.45,200.0,200.0,True,243,40.5,-854.45,0.855,36.21,1154.93,-0.74,37.5,27,72
10,4.0,2.5,,0.0,0.0,False,695,115.8,-1844.28,0.891,37.7,3074.99,-0.6,41.67,30,72
10,4.0,2.5,,120.0,150.0,False,530,88.3,-1393.6,0.887,37.55,2129.91,-0.65,47.22,34,72
10,4.0,2.5,,200.0,200.0,False,648,108.0,-1883.55,0.879,37.35,2960.34,-0.64,41.67,30,72
10,4.5,1.5,1.35,0.0,0.0,True,163,27.2,-403.64,0.858,24.54,684.28,-0.59,38.89,28,72
10,4.5,1.5,1.35,120.0,150.0,True,163,27.2,-403.64,0.858,24.54,684.28,-0.59,38.89,28,72
10,4.5,1.5,1.35,200.0,200.0,True,163,27.2,-403.64,0.858,24.54,684.28,-0.59,38.89,28,72
10,4.5,1.5,1.4,0.0,0.0,True,209,34.8,-433.67,0.881,24.4,926.03,-0.47,41.67,30,72
10,4.5,1.5,1.4,120.0,150.0,True,206,34.3,-457.48,0.874,24.27,926.03,-0.49,41.67,30,72
10,4.5,1.5,1.4,200.0,200.0,True,207,34.5,-399.85,0.889,24.64,926.03,-0.43,41.67,30,72
10,4.5,1.5,1.45,0.0,0.0,True,257,42.8,-843.05,0.818,22.96,1139.38,-0.74,36.11,26,72
10,4.5,1.5,1.45,120.0,150.0,True,252,42.0,-900.73,0.803,22.62,1173.25,-0.77,36.11,26,72
10,4.5,1.5,1.45,200.0,200.0,True,255,42.5,-809.23,0.824,23.14,1139.38,-0.71,36.11,26,72
10,4.5,1.5,,0.0,0.0,False,850,141.7,-2498.03,0.839,24.0,3458.44,-0.72,38.89,28,72
10,4.5,1.5,,120.0,150.0,False,662,110.3,-1348.69,0.884,24.92,2143.5,-0.63,38.89,28,72
10,4.5,1.5,,200.0,200.0,False,796,132.7,-1982.14,0.861,24.37,3011.1,-0.66,38.89,28,72
10,4.5,2.0,1.35,0.0,0.0,True,162,27.0,-405.26,0.882,30.25,828.43,-0.49,36.11,26,72
10,4.5,2.0,1.35,120.0,150.0,True,159,26.5,-428.88,0.873,30.19,828.43,-0.52,36.11,26,72
10,4.5,2.0,1.35,200.0,200.0,True,162,27.0,-405.26,0.882,30.25,828.43,-0.49,36.11,26,72
10,4.5,2.0,1.4,0.0,0.0,True,205,34.2,-504.8,0.884,29.76,1197.49,-0.42,38.89,28,72
10,4.5,2.0,1.4,120.0,150.0,True,198,33.0,-666.15,0.844,28.79,1227.79,-0.54,38.89,28,72
10,4.5,2.0,1.4,200.0,200.0,True,203,33.8,-534.18,0.877,29.56,1197.49,-0.45,38.89,28,72
10,4.5,2.0,1.45,0.0,0.0,True,249,41.5,-821.14,0.849,28.92,1326.36,-0.62,38.89,28,72
10,4.5,2.0,1.45,120.0,150.0,True,240,40.0,-923.58,0.826,28.33,1297.75,-0.71,38.89,28,72
10,4.5,2.0,1.45,200.0,200.0,True,246,41.0,-828.12,0.846,28.86,1353.76,-0.61,38.89,28,72
10,4.5,2.0,,0.0,0.0,False,750,125.0,-2098.37,0.874,29.73,3154.99,-0.67,43.06,31,72
10,4.5,2.0,,120.0,150.0,False,537,89.5,-801.06,0.929,30.35,1566.57,-0.51,51.39,37,72
10,4.5,2.0,,200.0,200.0,False,693,115.5,-2101.13,0.863,29.58,3050.44,-0.69,44.44,32,72
10,4.5,2.5,1.35,0.0,0.0,True,160,26.7,-558.33,0.859,34.38,985.39,-0.57,40.28,29,72
10,4.5,2.5,1.35,120.0,150.0,True,156,26.0,-504.96,0.869,34.62,985.39,-0.51,40.28,29,72
10,4.5,2.5,1.35,200.0,200.0,True,160,26.7,-558.33,0.859,34.38,985.39,-0.57,40.28,29,72
10,4.5,2.5,1.4,0.0,0.0,True,198,33.0,-475.43,0.902,34.85,1302.08,-0.37,43.06,31,72
10,4.5,2.5,1.4,120.0,150.0,True,190,31.7,-552.13,0.881,34.21,1302.08,-0.42,43.06,31,72
10,4.5,2.5,1.4,200.0,200.0,True,195,32.5,-433.1,0.909,34.87,1302.08,-0.33,43.06,31,72
10,4.5,2.5,1.45,0.0,0.0,True,239,39.8,-819.44,0.864,33.89,1495.1,-0.55,40.28,29,72
10,4.5,2.5,1.45,120.0,150.0,True,224,37.3,-928.73,0.836,33.04,1577.43,-0.59,40.28,29,72
10,4.5,2.5,1.45,200.0,200.0,True,237,39.5,-745.52,0.875,34.18,1446.41,-0.52,40.28,29,72
10,4.5,2.5,,0.0,0.0,False,661,110.2,-1820.58,0.893,34.95,2852.25,-0.64,41.67,30,72
10,4.5,2.5,,120.0,150.0,False,481,80.2,-1355.99,0.885,34.51,2038.6,-0.67,47.22,34,72
10,4.5,2.5,,200.0,200.0,False,602,100.3,-1705.83,0.887,34.88,2546.26,-0.67,44.44,32,72
