total_trades,net_profit,pf,win_rate,max_dd,mcr,total_months,pos_months,neg_months,tp_mult,sl_mult,profit_lock,loss_breaker,weekly_breaker
674,2500.44,1.087,27.6,2212.99,56.94,72,41,31,3.0,1.8,250.0,0.0,0.0
471,2409.29,1.101,27.39,2695.04,56.94,72,41,31,3.0,2.2,250.0,0.0,120.0
722,1452.39,1.047,27.15,2914.37,55.56,72,40,32,3.0,1.8,350.0,0.0,180.0
648,634.22,1.023,27.01,2433.56,55.56,72,40,32,3.0,1.8,250.0,0.0,180.0
554,2805.43,1.113,22.56,2480.21,54.17,72,39,33,4.0,1.8,250.0,0.0,180.0
593,2473.09,1.09,22.77,2542.86,54.17,72,39,33,4.0,1.8,250.0,0.0,0.0
402,2079.68,1.096,23.13,2877.97,54.17,72,39,33,4.0,2.2,250.0,0.0,120.0
511,1617.76,1.06,26.81,2562.36,54.17,72,39,33,3.0,2.2,250.0,0.0,180.0
505,1592.9,1.055,22.57,3379.58,54.17,72,39,33,4.0,2.2,250.0,0.0,0.0
765,1469.22,1.043,27.06,2921.99,54.17,72,39,33,3.0,1.8,350.0,0.0,0.0
562,666.99,1.022,26.69,2642.93,54.17,72,39,33,3.0,2.2,250.0,0.0,0.0
468,593.94,1.022,21.79,3298.12,54.17,72,39,33,4.0,2.2,250.0,0.0,180.0
854,-2.7,1.0,26.35,3783.64,54.17,72,39,33,3.0,1.8,0.0,0.0,0.0
803,-251.32,0.993,26.4,3717.46,54.17,72,39,33,3.0,1.8,0.0,0.0,180.0
447,3369.08,1.141,23.71,2764.1,52.78,72,38,34,4.0,2.2,350.0,0.0,120.0
552,2945.58,1.093,23.01,3379.58,52.78,72,38,34,4.0,2.2,350.0,0.0,0.0
510,2271.55,1.079,22.35,3298.12,52.78,72,38,34,4.0,2.2,350.0,0.0,180.0
384,1965.42,1.097,23.7,2450.8,52.78,72,38,34,4.0,2.2,250.0,300.0,180.0
545,1830.85,1.067,26.24,3069.91,52.78,72,38,34,3.0,2.2,350.0,0.0,120.0
641,2951.66,1.085,26.68,3265.45,51.39,72,37,35,3.0,2.2,0.0,0.0,120.0
643,2108.87,1.074,21.46,3036.35,51.39,72,37,35,4.0,1.8,350.0,0.0,180.0
522,1884.29,1.08,22.41,2511.89,51.39,72,37,35,4.0,1.8,250.0,0.0,120.0
683,1433.46,1.046,21.52,2890.81,51.39,72,37,35,4.0,1.8,350.0,0.0,0.0
678,255.12,1.009,26.84,2871.51,51.39,72,37,35,3.0,1.8,350.0,0.0,120.0
362,1475.43,1.077,23.48,3114.31,50.0,72,36,36,4.0,2.2,250.0,300.0,120.0
811,1430.45,1.036,21.09,4291.06,50.0,72,36,36,4.0,1.8,0.0,0.0,0.0
417,1373.0,1.067,27.58,2920.69,50.0,72,36,36,3.0,2.2,250.0,300.0,120.0
425,1117.32,1.053,27.29,3042.71,50.0,72,36,36,3.0,2.2,250.0,300.0,180.0
559,-215.3,0.991,25.94,3420.86,50.0,72,36,36,3.0,1.8,250.0,300.0,180.0
613,-751.76,0.971,26.26,2783.06,50.0,72,36,36,3.0,1.8,250.0,0.0,120.0
741,-919.92,0.972,26.18,3887.96,50.0,72,36,36,3.0,1.8,0.0,0.0,120.0
432,2838.35,1.123,23.84,2982.61,48.61,72,35,37,4.0,2.2,350.0,300.0,180.0
405,2473.19,1.116,23.95,3114.31,48.61,72,35,37,4.0,2.2,350.0,300.0,120.0
595,1008.1,1.033,25.71,2742.38,48.61,72,35,37,3.0,2.2,350.0,0.0,180.0
482,746.52,1.035,22.41,3164.98,48.61,72,35,37,4.0,1.8,250.0,300.0,180.0
391,509.57,1.025,23.02,3086.01,48.61,72,35,37,4.0,2.2,250.0,300.0,0.0
664,395.52,1.01,20.63,6068.49,48.61,72,35,37,4.0,2.2,0.0,0.0,180.0
652,256.42,1.007,25.92,2973.99,48.61,72,35,37,3.0,2.2,350.0,0.0,0.0
485,154.24,1.007,22.68,3420.36,48.61,72,35,37,4.0,1.8,250.0,300.0,0.0
306,2528.61,1.16,25.16,2139.47,47.22,72,34,38,4.0,2.2,250.0,200.0,180.0
603,2218.96,1.063,21.56,3928.34,47.22,72,34,38,4.0,2.2,0.0,0.0,120.0
597,1618.34,1.061,21.61,3224.66,47.22,72,34,38,4.0,1.8,350.0,0.0,120.0
630,99.82,1.004,26.03,3990.67,47.22,72,34,38,3.0,1.8,350.0,300.0,180.0
441,-654.63,0.97,26.53,2916.81,47.22,72,34,38,3.0,2.2,250.0,300.0,0.0
564,-1526.59,0.935,25.71,3768.26,47.22,72,34,38,3.0,1.8,250.0,300.0,0.0
292,2319.46,1.152,25.0,2020.6,45.83,72,33,39,4.0,2.2,250.0,200.0,120.0
705,1611.32,1.041,25.96,4723.63,45.83,72,33,39,3.0,2.2,0.0,0.0,180.0
752,855.32,1.024,20.88,4116.9,45.83,72,33,39,4.0,1.8,0.0,0.0,180.0
487,770.08,1.032,26.28,3106.35,45.83,72,33,39,3.0,2.2,350.0,300.0,120.0
559,-47.13,0.998,21.11,3113.46,45.83,72,33,39,4.0,1.8,350.0,300.0,180.0
563,-982.47,0.96,21.14,3416.02,45.83,72,33,39,4.0,1.8,350.0,300.0,0.0
326,3250.69,1.189,25.46,2354.74,44.44,72,32,40,4.0,2.2,350.0,200.0,120.0
361,1864.66,1.105,28.53,2496.59,44.44,72,32,40,3.0,2.2,250.0,200.0,120.0
303,1685.08,1.105,24.42,2835.63,44.44,72,32,40,4.0,2.2,250.0,200.0,0.0
588,1684.89,1.054,26.7,3104.22,44.44,72,32,40,3.0,2.2,0.0,300.0,120.0
433,1436.22,1.063,23.33,3899.42,44.44,72,32,40,4.0,2.2,350.0,300.0,0.0
574,876.83,1.027,21.6,3650.87,44.44,72,32,40,4.0,2.2,0.0,300.0,180.0
779,397.67,1.009,25.8,5809.73,44.44,72,32,40,3.0,2.2,0.0,0.0,0.0
501,293.5,1.012,25.75,3228.37,44.44,72,32,40,3.0,2.2,350.0,300.0,180.0
691,164.08,1.005,20.69,4000.44,44.44,72,32,40,4.0,1.8,0.0,0.0,120.0
472,-56.62,0.997,26.06,2626.37,44.44,72,32,40,3.0,1.8,250.0,200.0,180.0
469,-376.91,0.982,21.75,2519.53,44.44,72,32,40,4.0,1.8,250.0,300.0,120.0
662,-1346.94,0.956,20.69,4986.11,44.44,72,32,40,4.0,1.8,0.0,300.0,0.0
543,-1595.09,0.929,25.05,3565.98,44.44,72,32,40,3.0,1.8,250.0,300.0,120.0
705,-2495.78,0.919,25.11,5255.56,44.44,72,32,40,3.0,1.8,0.0,300.0,180.0
343,3393.1,1.19,25.07,2860.53,43.06,72,31,41,4.0,2.2,350.0,200.0,180.0
550,1098.78,1.035,21.82,3193.6,43.06,72,31,41,4.0,2.2,0.0,300.0,120.0
370,1052.13,1.058,28.11,2746.52,43.06,72,31,41,3.0,2.2,250.0,200.0,180.0
406,1049.73,1.059,22.91,2954.55,43.06,72,31,41,4.0,1.8,250.0,200.0,180.0
411,832.83,1.046,23.11,2928.65,43.06,72,31,41,4.0,1.8,250.0,200.0,0.0
365,793.8,1.044,27.95,2747.48,43.06,72,31,41,3.0,2.2,250.0,200.0,0.0
735,303.08,1.007,20.95,6035.57,43.06,72,31,41,4.0,2.2,0.0,0.0,0.0
594,-1237.35,0.95,25.42,4303.57,43.06,72,31,41,3.0,1.8,350.0,300.0,120.0
633,-2011.67,0.926,25.43,5011.55,43.06,72,31,41,3.0,1.8,350.0,300.0,0.0
716,-3216.04,0.899,24.86,5972.29,43.06,72,31,41,3.0,1.8,0.0,300.0,0.0
612,785.62,1.024,25.98,4258.04,41.67,72,30,42,3.0,2.2,0.0,300.0,180.0
627,633.73,1.022,20.89,3629.3,41.67,72,30,42,4.0,1.8,0.0,300.0,120.0
534,-94.04,0.996,21.35,2630.34,41.67,72,30,42,4.0,1.8,350.0,300.0,120.0
655,-723.36,0.976,20.61,4666.43,41.67,72,30,42,4.0,1.8,0.0,300.0,180.0
471,-747.87,0.961,25.69,2809.92,41.67,72,30,42,3.0,1.8,250.0,200.0,0.0
515,-1595.09,0.938,25.24,3902.75,41.67,72,30,42,3.0,2.2,350.0,300.0,0.0
668,-2260.5,0.923,25.0,5044.12,41.67,72,30,42,3.0,1.8,0.0,300.0,120.0
341,2717.97,1.15,24.63,3717.03,40.28,72,29,43,4.0,2.2,350.0,200.0,0.0
420,1011.4,1.05,26.9,2452.92,40.28,72,29,43,3.0,2.2,350.0,200.0,120.0
539,-26.53,0.999,25.97,3520.5,40.28,72,29,43,3.0,1.8,350.0,200.0,180.0
513,1570.31,1.057,26.9,3187.67,38.89,72,28,44,3.0,2.2,0.0,200.0,120.0
468,1122.7,1.042,22.01,2754.01,38.89,72,28,44,4.0,2.2,0.0,200.0,120.0
481,809.27,1.03,21.62,3523.78,38.89,72,28,44,4.0,2.2,0.0,200.0,180.0
482,-188.39,0.991,21.37,2807.12,38.89,72,28,44,4.0,1.8,350.0,200.0,180.0
618,-1869.49,0.93,25.08,3780.95,38.89,72,28,44,3.0,1.8,0.0,200.0,180.0
439,-23.11,0.999,26.2,2961.21,37.5,72,27,45,3.0,2.2,350.0,200.0,180.0
434,-216.74,0.99,26.27,3165.01,37.5,72,27,45,3.0,2.2,350.0,200.0,0.0
586,-560.26,0.983,21.33,5248.58,37.5,72,27,45,4.0,2.2,0.0,300.0,0.0
477,-995.36,0.952,20.96,3014.22,37.5,72,27,45,4.0,1.8,350.0,200.0,0.0
631,-1257.01,0.963,25.2,6541.67,37.5,72,27,45,3.0,2.2,0.0,300.0,0.0
562,-1275.65,0.951,20.46,3932.08,37.5,72,27,45,4.0,1.8,0.0,200.0,0.0
545,1232.42,1.042,26.42,3761.03,36.11,72,26,46,3.0,2.2,0.0,200.0,180.0
565,-531.61,0.979,20.53,3712.7,36.11,72,26,46,4.0,1.8,0.0,200.0,180.0
399,-1151.88,0.935,21.8,2497.45,36.11,72,26,46,4.0,1.8,250.0,200.0,120.0
528,-1594.91,0.928,25.19,4079.96,36.11,72,26,46,3.0,1.8,350.0,200.0,0.0
610,-2771.85,0.896,24.59,4714.63,36.11,72,26,46,3.0,1.8,0.0,200.0,0.0
481,1190.33,1.043,22.04,4204.02,34.72,72,25,47,4.0,2.2,0.0,200.0,0.0
544,793.0,1.027,26.29,4433.37,34.72,72,25,47,3.0,2.2,0.0,200.0,0.0
513,-2546.03,0.879,24.56,3879.95,34.72,72,25,47,3.0,1.8,350.0,200.0,120.0
460,-2995.86,0.842,23.91,3689.17,34.72,72,25,47,3.0,1.8,250.0,200.0,120.0
458,-1290.05,0.936,20.96,2497.45,33.33,72,24,48,4.0,1.8,350.0,200.0,120.0
581,-4055.6,0.84,23.92,4678.37,33.33,72,24,48,3.0,1.8,0.0,200.0,120.0
533,-2666.83,0.892,19.51,4066.93,31.94,72,23,49,4.0,1.8,0.0,200.0,120.0
