total_trades,net_profit,pf,win_rate,max_dd,mcr,total_months,pos_months,neg_months,monthly_profit_lock,monthly_loss_breaker
1863,13490.84,1.12,29.68,6636.04,61.11,72,44,28,0.0,0.0
877,-665.9,0.985,30.22,5123.15,30.56,72,22,50,0.0,200.0
1110,3486.52,1.056,29.28,6218.78,37.5,72,27,45,0.0,300.0
1285,5497.75,1.078,29.42,5980.18,47.22,72,34,38,0.0,400.0
1140,4492.46,1.072,29.21,3516.71,66.67,72,48,24,300.0,0.0
478,808.62,1.034,30.13,3432.64,38.89,72,28,44,300.0,200.0
614,82.56,1.003,28.83,3527.58,44.44,72,32,40,300.0,300.0
767,2027.0,1.054,30.12,2541.36,52.78,72,38,34,300.0,400.0
1393,6097.92,1.079,29.07,4993.9,59.72,72,43,29,500.0,0.0
580,888.98,1.03,29.66,3898.75,31.94,72,23,49,500.0,200.0
722,-934.12,0.975,28.25,4024.84,36.11,72,26,46,500.0,300.0
907,869.88,1.019,29.33,3152.84,44.44,72,32,40,500.0,400.0
1559,10539.62,1.12,29.63,5394.24,58.33,72,42,30,800.0,0.0
695,1637.07,1.047,29.93,4025.94,29.17,72,21,51,800.0,200.0
838,-374.29,0.991,28.52,4233.1,33.33,72,24,48,800.0,300.0
1078,1676.53,1.031,29.59,4919.38,43.06,72,31,41,800.0,400.0
