total_trades,net_profit,pf,win_rate,max_dd,mcr,total_months,pos_months,neg_months,sl_mode,tp_rr_mult,use_ema_filter
1240,-2118.4,0.852,35.32,2258.9,36.11,72,26,46,AsianMidline,2.0,True
1423,-1886.36,0.879,34.43,1988.27,38.89,72,28,44,AsianMidline,2.0,False
1240,-1398.05,0.906,31.53,1735.42,38.89,72,28,44,AsianMidline,3.0,True
1423,-1555.71,0.905,30.15,1898.87,40.28,72,29,43,AsianMidline,3.0,False
1240,-1492.61,0.902,29.84,2032.61,37.5,72,27,45,AsianMidline,4.0,True
1423,-1657.88,0.901,28.39,2041.92,40.28,72,29,43,AsianMidline,4.0,False
1240,-1882.69,0.777,30.81,2115.41,27.78,72,20,52,1.5xATR,2.0,True
1423,-2160.04,0.773,30.5,2272.85,30.56,72,22,50,1.5xATR,2.0,False
1240,-1817.26,0.805,23.95,2051.52,30.56,72,22,50,1.5xATR,3.0,True
1423,-1976.27,0.812,23.68,2096.31,33.33,72,24,48,1.5xATR,3.0,False
1240,-1708.69,0.825,20.24,2060.59,27.78,72,20,52,1.5xATR,4.0,True
1423,-1823.99,0.834,20.03,2092.99,33.33,72,24,48,1.5xATR,4.0,False
1240,-2242.19,0.827,32.66,2553.63,36.11,72,26,46,2.5xATR,2.0,True
1423,-2700.89,0.816,31.83,2792.96,31.94,72,23,49,2.5xATR,2.0,False
1240,-1769.68,0.871,28.39,2255.76,36.11,72,26,46,2.5xATR,3.0,True
1423,-2443.26,0.843,27.2,2638.23,30.56,72,22,50,2.5xATR,3.0,False
1240,-1459.62,0.895,27.02,1992.63,37.5,72,27,45,2.5xATR,4.0,True
1423,-1971.3,0.875,25.86,2234.59,40.28,72,29,43,2.5xATR,4.0,False
