total_trades,net_profit,profit_factor,win_rate,max_drawdown,romad,sharpe,avg_holding_bars,pnl_mean,pnl_std,trend_filter,min_gap_atr,entry_depth,session,sl_buffer_atr,tp_rr_mult
5363,-9150.27,0.945,40.89,14934.14,-0.61,-0.33,13.2,-1.71,81.85,None,0.2,BoundaryTouch,24h,0.2,1.5
4619,-1384.14,0.991,34.55,9337.09,-0.15,-0.049,17.8,-0.3,97.54,None,0.2,BoundaryTouch,24h,0.2,2.0
3478,4406.0,1.032,26.71,11911.29,0.37,0.159,28.2,1.27,126.06,None,0.2,BoundaryTouch,24h,0.2,3.0
2776,3492.74,1.028,21.97,7359.33,0.47,0.134,38.5,1.26,148.36,None,0.2,BoundaryTouch,24h,0.2,4.0
4462,-5754.51,0.966,40.59,11600.5,-0.5,-0.207,19.2,-1.29,98.69,None,0.2,BoundaryTouch,24h,0.5,1.5
3733,3301.1,1.021,34.56,9068.6,0.36,0.117,25.6,0.88,119.16,None,0.2,BoundaryTouch,24h,0.5,2.0
2674,5902.62,1.044,26.66,5848.58,1.01,0.231,40.8,2.21,151.21,None,0.2,BoundaryTouch,24h,0.5,3.0
2234,2712.48,1.022,21.04,12264.43,0.22,0.107,51.1,1.21,179.59,None,0.2,BoundaryTouch,24h,0.5,4.0
3261,-4559.89,0.959,40.85,10298.43,-0.44,-0.253,14.7,-1.4,87.56,None,0.2,BoundaryTouch,London_NY,0.2,1.5
2950,920.33,1.008,34.64,7859.34,0.12,0.048,19.7,0.31,103.38,None,0.2,BoundaryTouch,London_NY,0.2,2.0
2412,4266.68,1.041,26.66,8228.37,0.52,0.213,31.1,1.77,131.27,None,0.2,BoundaryTouch,London_NY,0.2,3.0
2049,-376.64,0.996,20.94,10606.49,-0.04,-0.019,41.3,-0.18,151.54,None,0.2,BoundaryTouch,London_NY,0.2,4.0
2923,-4354.67,0.964,40.13,9983.46,-0.44,-0.229,21.0,-1.49,102.99,None,0.2,BoundaryTouch,London_NY,0.5,1.5
2597,2150.87,1.018,34.15,9515.21,0.23,0.107,27.3,0.83,122.87,None,0.2,BoundaryTouch,London_NY,0.5,2.0
2048,5904.72,1.056,26.51,6881.76,0.86,0.296,42.3,2.88,153.78,None,0.2,BoundaryTouch,London_NY,0.5,3.0
1755,2981.57,1.03,20.97,9961.17,0.3,0.148,53.0,1.7,180.95,None,0.2,BoundaryTouch,London_NY,0.5,4.0
4163,-7093.81,0.929,40.62,10014.15,-0.71,-0.432,8.2,-1.7,62.35,None,0.2,50PctCE,24h,0.2,1.5
3899,-5540.91,0.947,34.37,8784.24,-0.63,-0.311,11.0,-1.42,72.22,None,0.2,50PctCE,24h,0.2,2.0
3399,-558.96,0.995,26.48,7453.57,-0.07,-0.028,16.2,-0.16,91.8,None,0.2,50PctCE,24h,0.2,3.0
3026,1830.88,1.018,21.22,5840.28,0.31,0.088,21.2,0.61,108.37,None,0.2,50PctCE,24h,0.2,4.0
3773,-3616.15,0.968,40.87,9416.34,-0.38,-0.198,12.5,-0.96,76.54,None,0.2,50PctCE,24h,0.5,1.5
3429,-1693.85,0.985,34.15,9301.99,-0.18,-0.087,16.4,-0.49,89.62,None,0.2,50PctCE,24h,0.5,2.0
2881,987.77,1.009,26.14,8301.19,0.12,0.047,24.2,0.34,114.77,None,0.2,50PctCE,24h,0.5,3.0
2565,-109.29,0.999,21.01,8459.43,-0.01,-0.005,30.3,-0.04,130.99,None,0.2,50PctCE,24h,0.5,4.0
2228,-2980.04,0.95,40.48,6850.28,-0.44,-0.313,8.9,-1.34,67.66,None,0.2,50PctCE,London_NY,0.2,1.5
2141,-4805.48,0.926,33.63,8041.46,-0.6,-0.458,12.3,-2.24,77.42,None,0.2,50PctCE,London_NY,0.2,2.0
1952,-3173.45,0.953,25.31,8429.46,-0.38,-0.264,18.9,-1.63,97.48,None,0.2,50PctCE,London_NY,0.2,3.0
1805,-3787.06,0.944,19.67,9732.81,-0.39,-0.29,24.5,-2.1,114.37,None,0.2,50PctCE,London_NY,0.2,4.0
2126,-3764.24,0.947,39.98,9018.89,-0.42,-0.345,13.7,-1.77,81.08,None,0.2,50PctCE,London_NY,0.5,1.5
1999,-2898.26,0.961,33.17,10838.95,-0.27,-0.242,18.1,-1.45,94.75,None,0.2,50PctCE,London_NY,0.5,2.0
1770,-1018.35,0.986,25.08,11029.06,-0.09,-0.075,27.0,-0.58,121.61,None,0.2,50PctCE,London_NY,0.5,3.0
1637,-2206.91,0.97,20.34,11479.49,-0.19,-0.155,32.9,-1.35,137.43,None,0.2,50PctCE,London_NY,0.5,4.0
4326,-5258.15,0.963,40.92,11632.58,-0.45,-0.22,14.7,-1.22,87.28,None,0.4,BoundaryTouch,24h,0.2,1.5
3773,1738.94,1.012,35.04,7053.37,0.25,0.07,19.7,0.46,103.9,None,0.4,BoundaryTouch,24h,0.2,2.0
2875,10047.62,1.081,27.69,5512.78,1.82,0.407,32.1,3.49,135.65,None,0.4,BoundaryTouch,24h,0.2,3.0
2329,6355.27,1.057,22.07,5470.3,1.16,0.27,43.3,2.73,160.01,None,0.4,BoundaryTouch,24h,0.2,4.0
3769,-2565.7,0.983,41.12,8342.23,-0.31,-0.104,20.5,-0.68,103.16,None,0.4,BoundaryTouch,24h,0.5,1.5
3191,6470.22,1.045,35.1,5916.53,1.09,0.257,27.7,2.03,124.84,None,0.4,BoundaryTouch,24h,0.5,2.0
2371,9276.62,1.076,27.25,4526.76,2.05,0.389,43.2,3.91,159.16,None,0.4,BoundaryTouch,24h,0.5,3.0
1913,9105.96,1.083,21.69,7639.79,1.19,0.39,57.0,4.76,192.83,None,0.4,BoundaryTouch,24h,0.5,4.0
2775,-6331.72,0.937,40.07,11566.39,-0.55,-0.392,15.9,-2.28,91.92,None,0.4,BoundaryTouch,London_NY,0.2,1.5
2521,-351.34,0.997,34.19,8737.88,-0.04,-0.02,21.5,-0.14,108.59,None,0.4,BoundaryTouch,London_NY,0.2,2.0
2107,5620.86,1.059,26.63,7010.54,0.8,0.304,33.5,2.67,138.84,None,0.4,BoundaryTouch,London_NY,0.2,3.0
1816,1690.25,1.019,20.93,9980.75,0.17,0.092,43.6,0.93,160.54,None,0.4,BoundaryTouch,London_NY,0.2,4.0
2525,-4558.44,0.958,40.0,10691.88,-0.43,-0.266,22.1,-1.81,107.28,None,0.4,BoundaryTouch,London_NY,0.5,1.5
2259,2885.57,1.027,34.31,7510.79,0.38,0.158,29.1,1.28,128.0,None,0.4,BoundaryTouch,London_NY,0.5,2.0
1841,6292.76,1.064,26.45,8159.41,0.77,0.337,43.8,3.42,160.43,None,0.4,BoundaryTouch,London_NY,0.5,3.0
1599,8392.56,1.09,21.7,5658.97,1.48,0.432,54.9,5.25,191.97,None,0.4,BoundaryTouch,London_NY,0.5,4.0
3348,-8109.94,0.904,39.81,11556.67,-0.7,-0.591,8.4,-2.42,64.81,None,0.4,50PctCE,24h,0.2,1.5
3176,-6144.06,0.931,33.97,9341.76,-0.66,-0.411,11.3,-1.93,74.47,None,0.4,50PctCE,24h,0.2,2.0
2835,-2730.9,0.97,26.21,9370.51,-0.29,-0.161,16.8,-0.96,94.41,None,0.4,50PctCE,24h,0.2,3.0
2593,3543.74,1.04,21.33,6578.74,0.54,0.19,21.4,1.37,113.72,None,0.4,50PctCE,24h,0.2,4.0
3121,-4338.89,0.955,40.63,10958.66,-0.4,-0.279,12.6,-1.39,78.65,None,0.4,50PctCE,24h,0.5,1.5
2884,-4008.02,0.96,33.88,9902.83,-0.4,-0.24,16.5,-1.39,91.56,None,0.4,50PctCE,24h,0.5,2.0
2502,2327.74,1.023,26.18,9103.0,0.26,0.125,24.1,0.93,117.61,None,0.4,50PctCE,24h,0.5,3.0
2237,-612.47,0.994,20.83,8597.3,-0.07,-0.032,30.9,-0.27,134.78,None,0.4,50PctCE,24h,0.5,4.0
1903,-4021.75,0.925,39.1,8506.44,-0.47,-0.474,8.9,-2.11,70.54,None,0.4,50PctCE,London_NY,0.2,1.5
1845,-4928.3,0.915,32.85,9181.09,-0.54,-0.527,12.2,-2.67,80.13,None,0.4,50PctCE,London_NY,0.2,2.0
1717,-2979.94,0.951,24.87,9827.1,-0.3,-0.27,18.9,-1.74,101.62,None,0.4,50PctCE,London_NY,0.2,3.0
1600,-1030.07,0.983,20.06,9759.81,-0.11,-0.085,24.5,-0.64,120.38,None,0.4,50PctCE,London_NY,0.2,4.0
1829,-2894.15,0.953,39.69,9941.45,-0.29,-0.298,13.6,-1.58,84.05,None,0.4,50PctCE,London_NY,0.5,1.5
1738,-2815.24,0.957,32.97,10654.87,-0.26,-0.262,18.1,-1.62,97.61,None,0.4,50PctCE,London_NY,0.5,2.0
1568,-144.62,0.998,25.13,10529.69,-0.01,-0.012,27.0,-0.09,123.83,None,0.4,50PctCE,London_NY,0.5,3.0
1451,1392.72,1.021,20.88,9752.7,0.14,0.105,34.3,0.96,144.86,None,0.4,50PctCE,London_NY,0.5,4.0
3173,-11820.3,0.898,39.93,13582.42,-0.87,-0.64,16.7,-3.73,92.09,None,0.6,BoundaryTouch,24h,0.2,1.5
2855,-6555.57,0.944,33.98,8353.35,-0.78,-0.335,21.9,-2.3,108.53,None,0.6,BoundaryTouch,24h,0.2,2.0
2224,1279.21,1.012,26.84,5600.42,0.23,0.065,36.2,0.58,140.58,None,0.6,BoundaryTouch,24h,0.2,3.0
1810,139.4,1.001,21.38,6247.05,0.02,0.007,50.2,0.08,166.82,None,0.6,BoundaryTouch,24h,0.2,4.0
2885,-10592.42,0.915,39.86,12434.63,-0.85,-0.539,22.3,-3.67,107.62,None,0.6,BoundaryTouch,24h,0.5,1.5
2539,-3735.09,0.97,33.6,7116.87,-0.52,-0.181,29.3,-1.47,128.24,None,0.6,BoundaryTouch,24h,0.5,2.0
1860,3320.49,1.032,26.77,4501.6,0.74,0.169,49.3,1.79,166.72,None,0.6,BoundaryTouch,24h,0.5,3.0
1568,1139.18,1.012,20.6,7978.76,0.14,0.059,62.6,0.73,195.04,None,0.6,BoundaryTouch,24h,0.5,4.0
2124,-12230.04,0.854,38.94,13676.6,-0.89,-0.96,17.6,-5.76,94.81,None,0.6,BoundaryTouch,London_NY,0.2,1.5
1971,-7939.25,0.907,33.23,9758.79,-0.81,-0.571,23.1,-4.03,111.53,None,0.6,BoundaryTouch,London_NY,0.2,2.0
1670,72.85,1.001,26.29,7413.98,0.01,0.005,36.5,0.04,141.95,None,0.6,BoundaryTouch,London_NY,0.2,3.0
1448,-2689.78,0.965,20.44,10227.03,-0.26,-0.178,48.5,-1.86,165.18,None,0.6,BoundaryTouch,London_NY,0.2,4.0
1983,-12897.4,0.86,38.38,14078.38,-0.92,-0.935,23.4,-6.5,109.98,None,0.6,BoundaryTouch,London_NY,0.5,1.5
1815,-7214.88,0.922,32.51,10688.37,-0.68,-0.484,30.2,-3.98,129.87,None,0.6,BoundaryTouch,London_NY,0.5,2.0
1480,691.25,1.008,25.74,6633.61,0.1,0.045,47.6,0.47,164.97,None,0.6,BoundaryTouch,London_NY,0.5,3.0
1309,6200.47,1.077,21.31,7129.46,0.87,0.374,59.3,4.74,200.26,None,0.6,BoundaryTouch,London_NY,0.5,4.0
2408,-7272.72,0.888,39.78,9109.78,-0.8,-0.718,9.1,-3.02,66.49,None,0.6,50PctCE,24h,0.2,1.5
2327,-6480.18,0.907,34.04,7307.87,-0.89,-0.578,12.0,-2.78,76.15,None,0.6,50PctCE,24h,0.2,2.0
2113,-3968.71,0.945,26.08,7275.28,-0.55,-0.309,17.9,-1.88,95.97,None,0.6,50PctCE,24h,0.2,3.0
1947,-1146.62,0.984,21.01,7410.47,-0.15,-0.083,23.3,-0.59,112.85,None,0.6,50PctCE,24h,0.2,4.0
2312,-6164.98,0.919,39.88,9263.49,-0.67,-0.524,13.0,-2.67,80.39,None,0.6,50PctCE,24h,0.5,1.5
2169,-6805.88,0.915,33.29,9798.38,-0.69,-0.535,17.2,-3.14,92.8,None,0.6,50PctCE,24h,0.5,2.0
1930,-1569.53,0.981,25.7,8820.91,-0.18,-0.108,25.1,-0.81,118.67,None,0.6,50PctCE,24h,0.5,3.0
1733,-1803.94,0.977,20.43,8098.09,-0.22,-0.12,32.6,-1.04,137.21,None,0.6,50PctCE,24h,0.5,4.0
1461,-4605.63,0.892,38.95,6052.95,-0.76,-0.709,9.4,-3.15,70.3,None,0.6,50PctCE,London_NY,0.2,1.5
1428,-5149.01,0.889,32.84,6530.17,-0.79,-0.712,12.6,-3.61,80.04,None,0.6,50PctCE,London_NY,0.2,2.0
1338,-2527.34,0.949,25.04,6660.39,-0.38,-0.293,19.3,-1.89,102.07,None,0.6,50PctCE,London_NY,0.2,3.0
1253,-3015.62,0.939,20.19,8110.37,-0.37,-0.323,25.9,-2.41,117.95,None,0.6,50PctCE,London_NY,0.2,4.0
1426,-5338.2,0.895,38.57,7625.34,-0.7,-0.704,13.4,-3.74,84.08,None,0.6,50PctCE,London_NY,0.5,1.5
1365,-5660.01,0.896,32.09,8463.56,-0.67,-0.674,18.0,-4.15,97.26,None,0.6,50PctCE,London_NY,0.5,2.0
1252,-1392.45,0.975,25.08,8417.09,-0.17,-0.142,27.0,-1.11,123.64,None,0.6,50PctCE,London_NY,0.5,3.0
1156,-338.78,0.994,20.42,7929.94,-0.04,-0.032,35.4,-0.29,144.47,None,0.6,50PctCE,London_NY,0.5,4.0
4397,-7539.3,0.947,40.5,14380.28,-0.52,-0.316,14.3,-1.71,85.86,EMA50,0.2,BoundaryTouch,24h,0.2,1.5
3909,-2631.37,0.981,34.13,9703.34,-0.27,-0.105,18.6,-0.67,101.15,EMA50,0.2,BoundaryTouch,24h,0.2,2.0
2963,1654.07,1.013,26.02,11335.3,0.15,0.067,30.4,0.56,130.87,EMA50,0.2,BoundaryTouch,24h,0.2,3.0
2446,3480.41,1.031,21.42,8519.69,0.41,0.145,40.1,1.42,155.08,EMA50,0.2,BoundaryTouch,24h,0.2,4.0
3825,-5177.84,0.965,40.37,11483.92,-0.45,-0.211,19.9,-1.35,101.45,EMA50,0.2,BoundaryTouch,24h,0.5,1.5
3305,2121.47,1.015,34.25,8952.82,0.24,0.084,26.1,0.64,120.72,EMA50,0.2,BoundaryTouch,24h,0.5,2.0
2362,8357.32,1.07,26.8,6707.63,1.25,0.356,42.9,3.54,157.08,EMA50,0.2,BoundaryTouch,24h,0.5,3.0
2052,4582.2,1.041,21.44,9783.16,0.47,0.195,51.7,2.23,181.4,EMA50,0.2,BoundaryTouch,24h,0.5,4.0
2674,-5724.99,0.941,40.39,10525.95,-0.54,-0.367,16.2,-2.14,92.34,EMA50,0.2,BoundaryTouch,London_NY,0.2,1.5
2452,220.43,1.002,34.71,6902.97,0.03,0.013,21.2,0.09,108.42,EMA50,0.2,BoundaryTouch,London_NY,0.2,2.0
2019,1853.74,1.02,26.45,8536.42,0.22,0.106,34.1,0.92,136.68,EMA50,0.2,BoundaryTouch,London_NY,0.2,3.0
1759,1409.34,1.016,21.09,10436.79,0.14,0.08,44.0,0.8,159.13,EMA50,0.2,BoundaryTouch,London_NY,0.2,4.0
2446,-4509.6,0.957,40.11,10054.95,-0.45,-0.272,22.3,-1.84,107.18,EMA50,0.2,BoundaryTouch,London_NY,0.5,1.5
2209,2816.85,1.027,34.54,7620.44,0.37,0.158,28.7,1.28,127.47,EMA50,0.2,BoundaryTouch,London_NY,0.5,2.0
1759,6242.96,1.067,26.44,5999.26,1.04,0.352,45.1,3.55,159.61,EMA50,0.2,BoundaryTouch,London_NY,0.5,3.0
1554,3692.11,1.041,21.36,9147.88,0.4,0.202,55.1,2.38,186.04,EMA50,0.2,BoundaryTouch,London_NY,0.5,4.0
3044,-7368.5,0.906,39.75,10598.39,-0.7,-0.579,8.9,-2.42,66.05,EMA50,0.2,50PctCE,24h,0.2,1.5
2901,-5670.79,0.931,33.99,8769.75,-0.65,-0.41,11.7,-1.95,75.37,EMA50,0.2,50PctCE,24h,0.2,2.0
2582,-4900.5,0.942,25.79,10865.68,-0.45,-0.322,17.5,-1.9,93.34,EMA50,0.2,50PctCE,24h,0.2,3.0
2373,-548.52,0.993,20.86,9817.99,-0.06,-0.033,22.1,-0.23,110.2,EMA50,0.2,50PctCE,24h,0.2,4.0
2852,-5454.94,0.939,40.18,10654.97,-0.51,-0.381,13.2,-1.91,79.46,EMA50,0.2,50PctCE,24h,0.5,1.5
2638,-3750.35,0.959,33.66,10850.36,-0.35,-0.245,17.1,-1.42,91.86,EMA50,0.2,50PctCE,24h,0.5,2.0
2296,-2341.36,0.975,25.57,11762.28,-0.2,-0.139,24.8,-1.02,115.84,EMA50,0.2,50PctCE,24h,0.5,3.0
2097,-349.38,0.996,20.55,11016.34,-0.03,-0.02,30.4,-0.17,132.1,EMA50,0.2,50PctCE,24h,0.5,4.0
1653,-2497.04,0.947,39.81,5863.46,-0.43,-0.331,9.9,-1.51,72.09,EMA50,0.2,50PctCE,London_NY,0.2,1.5
1597,-2749.74,0.946,33.56,6197.16,-0.44,-0.33,13.5,-1.72,82.55,EMA50,0.2,50PctCE,London_NY,0.2,2.0
1464,-3128.5,0.942,25.2,8030.64,-0.39,-0.327,21.2,-2.14,103.46,EMA50,0.2,50PctCE,London_NY,0.2,3.0
1384,-2880.95,0.947,19.8,8726.89,-0.33,-0.271,26.7,-2.08,121.25,EMA50,0.2,50PctCE,London_NY,0.2,4.0
1594,-2757.36,0.95,39.65,7935.45,-0.35,-0.32,14.9,-1.73,85.46,EMA50,0.2,50PctCE,London_NY,0.5,1.5
1508,-1885.65,0.968,33.16,9034.63,-0.21,-0.198,19.6,-1.25,99.87,EMA50,0.2,50PctCE,London_NY,0.5,2.0
1364,-2205.74,0.964,24.78,9661.26,-0.23,-0.201,29.1,-1.62,127.05,EMA50,0.2,50PctCE,London_NY,0.5,3.0
1281,-1720.49,0.972,20.69,10272.4,-0.17,-0.148,35.3,-1.34,143.36,EMA50,0.2,50PctCE,London_NY,0.5,4.0
3564,-3282.93,0.973,40.52,10812.14,-0.3,-0.159,15.9,-0.92,91.63,EMA50,0.4,BoundaryTouch,24h,0.2,1.5
3190,775.48,1.006,34.26,8761.55,0.09,0.036,20.9,0.24,108.03,EMA50,0.4,BoundaryTouch,24h,0.2,2.0
2460,7477.36,1.068,27.2,7902.57,0.95,0.342,34.4,3.04,140.52,EMA50,0.4,BoundaryTouch,24h,0.2,3.0
2045,7025.2,1.07,21.61,8155.08,0.86,0.325,45.7,3.44,167.1,EMA50,0.4,BoundaryTouch,24h,0.2,4.0
3183,-515.5,0.996,40.87,8327.77,-0.06,-0.024,21.8,-0.16,106.94,EMA50,0.4,BoundaryTouch,24h,0.5,1.5
2774,7005.56,1.055,34.68,5871.02,1.19,0.311,28.7,2.53,128.53,EMA50,0.4,BoundaryTouch,24h,0.5,2.0
2041,11115.34,1.103,27.24,6595.57,1.69,0.519,46.8,5.45,165.8,EMA50,0.4,BoundaryTouch,24h,0.5,3.0
1709,6678.4,1.067,21.83,8531.59,0.78,0.318,60.0,3.91,194.25,EMA50,0.4,BoundaryTouch,24h,0.5,4.0
2284,-7047.22,0.92,39.62,11668.08,-0.6,-0.506,17.6,-3.09,96.5,EMA50,0.4,BoundaryTouch,London_NY,0.2,1.5
2111,-2843.61,0.968,33.82,9295.68,-0.31,-0.189,23.0,-1.35,112.72,EMA50,0.4,BoundaryTouch,London_NY,0.2,2.0
1777,1425.61,1.017,26.22,8961.67,0.16,0.089,36.3,0.8,142.34,EMA50,0.4,BoundaryTouch,London_NY,0.2,3.0
1566,1934.55,1.024,21.33,10066.15,0.19,0.118,46.1,1.24,165.59,EMA50,0.4,BoundaryTouch,London_NY,0.2,4.0
2121,-5500.69,0.942,39.75,10388.14,-0.53,-0.368,23.7,-2.59,111.31,EMA50,0.4,BoundaryTouch,London_NY,0.5,1.5
1931,1260.1,1.013,34.13,7857.62,0.16,0.078,30.8,0.65,131.97,EMA50,0.4,BoundaryTouch,London_NY,0.5,2.0
1582,5389.51,1.062,26.17,6913.7,0.78,0.327,46.7,3.41,164.83,EMA50,0.4,BoundaryTouch,London_NY,0.5,3.0
1406,6357.61,1.076,21.98,6255.44,1.02,0.367,57.2,4.52,194.67,EMA50,0.4,BoundaryTouch,London_NY,0.5,4.0
2452,-7021.79,0.895,39.23,10480.78,-0.67,-0.651,9.4,-2.86,69.52,EMA50,0.4,50PctCE,24h,0.2,1.5
2354,-5737.37,0.919,33.56,9093.04,-0.63,-0.486,12.4,-2.44,79.27,EMA50,0.4,50PctCE,24h,0.2,2.0
2138,-4710.51,0.936,25.77,10114.55,-0.47,-0.354,18.5,-2.2,98.43,EMA50,0.4,50PctCE,24h,0.2,3.0
1989,-1245.5,0.983,20.46,9555.86,-0.13,-0.084,23.0,-0.63,117.4,EMA50,0.4,50PctCE,24h,0.2,4.0
2341,-4502.12,0.942,40.28,9976.5,-0.45,-0.366,13.8,-1.92,83.07,EMA50,0.4,50PctCE,24h,0.5,1.5
2191,-4341.58,0.946,33.68,10188.95,-0.43,-0.326,17.9,-1.98,96.05,EMA50,0.4,50PctCE,24h,0.5,2.0
1942,-3221.78,0.961,25.39,11348.02,-0.28,-0.218,25.9,-1.66,120.09,EMA50,0.4,50PctCE,24h,0.5,3.0
1770,-3506.13,0.956,20.4,12842.27,-0.27,-0.228,32.7,-1.98,137.11,EMA50,0.4,50PctCE,24h,0.5,4.0
1412,-1849.19,0.956,39.09,6377.71,-0.29,-0.273,10.1,-1.31,75.75,EMA50,0.4,50PctCE,London_NY,0.2,1.5
1375,-2452.88,0.946,33.09,7003.77,-0.35,-0.329,13.8,-1.78,85.85,EMA50,0.4,50PctCE,London_NY,0.2,2.0
1279,-2740.37,0.943,24.86,8778.93,-0.31,-0.314,21.9,-2.14,107.97,EMA50,0.4,50PctCE,London_NY,0.2,3.0
1215,-2234.19,0.955,19.67,9021.86,-0.25,-0.229,27.4,-1.84,126.9,EMA50,0.4,50PctCE,London_NY,0.2,4.0
1373,-1556.8,0.968,39.55,7545.73,-0.21,-0.202,15.2,-1.13,88.93,EMA50,0.4,50PctCE,London_NY,0.5,1.5
1308,-2103.75,0.96,32.8,8258.16,-0.25,-0.246,20.3,-1.61,103.25,EMA50,0.4,50PctCE,London_NY,0.5,2.0
1200,-2624.48,0.952,24.42,9463.71,-0.28,-0.269,29.9,-2.19,128.64,EMA50,0.4,50PctCE,London_NY,0.5,3.0
1124,187.22,1.003,21.17,8565.16,0.02,0.018,37.8,0.17,150.01,EMA50,0.4,50PctCE,London_NY,0.5,4.0
2679,-7254.32,0.928,40.16,9888.62,-0.73,-0.445,18.0,-2.71,96.23,EMA50,0.6,BoundaryTouch,24h,0.2,1.5
2456,-4035.24,0.961,33.88,6582.82,-0.61,-0.23,23.2,-1.64,112.9,EMA50,0.6,BoundaryTouch,24h,0.2,2.0
1925,3428.18,1.037,26.75,5274.37,0.65,0.192,39.1,1.78,146.63,EMA50,0.6,BoundaryTouch,24h,0.2,3.0
1607,4086.14,1.048,21.84,7135.09,0.57,0.231,53.1,2.54,174.21,EMA50,0.6,BoundaryTouch,24h,0.2,4.0
2486,-6019.9,0.945,40.19,8790.11,-0.68,-0.344,23.6,-2.42,111.17,EMA50,0.6,BoundaryTouch,24h,0.5,1.5
2215,-882.29,0.992,33.63,6490.43,-0.14,-0.048,30.7,-0.4,132.34,EMA50,0.6,BoundaryTouch,24h,0.5,2.0
1649,10510.13,1.113,27.17,3169.79,3.32,0.575,52.0,6.37,175.23,EMA50,0.6,BoundaryTouch,24h,0.5,3.0
1393,2081.24,1.024,21.18,8122.67,0.26,0.118,66.7,1.49,200.44,EMA50,0.6,BoundaryTouch,24h,0.5,4.0
1796,-11144.22,0.85,38.75,12772.85,-0.87,-0.992,19.4,-6.21,98.89,EMA50,0.6,BoundaryTouch,London_NY,0.2,1.5
1691,-8207.3,0.894,33.0,9583.2,-0.86,-0.666,24.7,-4.85,115.29,EMA50,0.6,BoundaryTouch,London_NY,0.2,2.0
1440,-1971.06,0.973,25.9,7750.75,-0.25,-0.149,39.5,-1.37,145.2,EMA50,0.6,BoundaryTouch,London_NY,0.2,3.0
1286,-2310.34,0.968,20.92,10946.44,-0.21,-0.168,50.3,-1.8,169.32,EMA50,0.6,BoundaryTouch,London_NY,0.2,4.0
1705,-12569.91,0.848,38.18,14000.12,-0.9,-1.028,25.1,-7.37,113.35,EMA50,0.6,BoundaryTouch,London_NY,0.5,1.5
1575,-7214.6,0.914,32.38,10825.27,-0.67,-0.541,32.1,-4.58,133.78,EMA50,0.6,BoundaryTouch,London_NY,0.5,2.0
1298,1641.31,1.021,26.04,5997.7,0.27,0.118,50.3,1.26,169.44,EMA50,0.6,BoundaryTouch,London_NY,0.5,3.0
1164,2684.26,1.036,21.48,8667.12,0.31,0.181,62.1,2.31,201.38,EMA50,0.6,BoundaryTouch,London_NY,0.5,4.0
1787,-5874.07,0.887,39.0,8448.95,-0.7,-0.726,10.3,-3.29,71.61,EMA50,0.6,50PctCE,24h,0.2,1.5
1743,-5538.41,0.902,33.28,7361.6,-0.75,-0.616,13.3,-3.18,81.56,EMA50,0.6,50PctCE,24h,0.2,2.0
1591,-3631.8,0.938,25.77,7018.41,-0.52,-0.355,20.0,-2.28,101.71,EMA50,0.6,50PctCE,24h,0.2,3.0
1479,-837.89,0.985,20.62,7437.1,-0.11,-0.075,25.8,-0.57,119.79,EMA50,0.6,50PctCE,24h,0.2,4.0
1744,-6701.37,0.892,38.88,9663.39,-0.69,-0.713,14.4,-3.84,85.23,EMA50,0.6,50PctCE,24h,0.5,1.5
1646,-6477.28,0.9,32.75,9509.63,-0.68,-0.635,18.6,-3.94,98.02,EMA50,0.6,50PctCE,24h,0.5,2.0
1482,-2704.3,0.959,25.24,8463.43,-0.32,-0.233,27.1,-1.82,123.87,EMA50,0.6,50PctCE,24h,0.5,3.0
1360,-2771.61,0.957,20.0,10147.71,-0.27,-0.227,34.6,-2.04,141.75,EMA50,0.6,50PctCE,24h,0.5,4.0
1078,-2174.25,0.935,38.68,4595.88,-0.47,-0.419,10.9,-2.02,76.03,EMA50,0.6,50PctCE,London_NY,0.2,1.5
1059,-2636.8,0.928,32.58,5244.05,-0.5,-0.453,14.4,-2.49,86.82,EMA50,0.6,50PctCE,London_NY,0.2,2.0
984,-1416.49,0.964,25.0,5663.5,-0.25,-0.207,22.9,-1.44,110.12,EMA50,0.6,50PctCE,London_NY,0.2,3.0
934,-1244.73,0.968,20.34,6219.51,-0.2,-0.165,29.9,-1.33,127.62,EMA50,0.6,50PctCE,London_NY,0.2,4.0
1062,-3878.96,0.904,37.85,6435.75,-0.6,-0.643,15.1,-3.65,89.78,EMA50,0.6,50PctCE,London_NY,0.5,1.5
1011,-4147.39,0.903,31.55,7096.74,-0.58,-0.622,20.3,-4.1,104.29,EMA50,0.6,50PctCE,London_NY,0.5,2.0
934,-1187.83,0.973,24.73,6227.91,-0.19,-0.153,30.2,-1.27,131.54,EMA50,0.6,50PctCE,London_NY,0.5,3.0
875,521.1,1.012,21.03,5265.4,0.1,0.062,39.2,0.6,152.54,EMA50,0.6,50PctCE,London_NY,0.5,4.0
3838,-4960.02,0.959,41.27,10450.38,-0.47,-0.237,14.2,-1.29,86.15,EMA200,0.2,BoundaryTouch,24h,0.2,1.5
3417,-757.68,0.994,34.83,8079.16,-0.09,-0.035,18.8,-0.22,101.31,EMA200,0.2,BoundaryTouch,24h,0.2,2.0
2680,4804.03,1.043,26.87,8905.72,0.54,0.218,30.4,1.79,130.28,EMA200,0.2,BoundaryTouch,24h,0.2,3.0
2293,2558.08,1.025,21.24,9533.53,0.27,0.114,39.2,1.12,154.34,EMA200,0.2,BoundaryTouch,24h,0.2,4.0
3406,-3240.01,0.975,40.9,10709.56,-0.3,-0.148,20.0,-0.95,101.45,EMA200,0.2,BoundaryTouch,24h,0.5,1.5
2971,2023.46,1.016,34.74,7961.28,0.25,0.09,26.0,0.68,120.03,EMA200,0.2,BoundaryTouch,24h,0.5,2.0
2232,9275.8,1.084,27.11,4184.14,2.22,0.423,41.7,4.16,155.35,EMA200,0.2,BoundaryTouch,24h,0.5,3.0
1925,4732.29,1.046,21.19,9905.78,0.48,0.215,52.0,2.46,180.9,EMA200,0.2,BoundaryTouch,24h,0.5,4.0
2269,-3789.13,0.954,40.72,7650.27,-0.5,-0.285,16.3,-1.67,92.51,EMA200,0.2,BoundaryTouch,London_NY,0.2,1.5
2090,278.49,1.003,34.74,6662.09,0.04,0.019,21.7,0.13,108.32,EMA200,0.2,BoundaryTouch,London_NY,0.2,2.0
1785,5634.48,1.071,26.95,7886.22,0.71,0.363,34.5,3.16,137.49,EMA200,0.2,BoundaryTouch,London_NY,0.2,3.0
1598,1497.18,1.019,21.09,11713.26,0.13,0.094,43.4,0.94,157.54,EMA200,0.2,BoundaryTouch,London_NY,0.2,4.0
2107,-1596.19,0.982,40.63,10013.63,-0.16,-0.112,22.8,-0.76,107.28,EMA200,0.2,BoundaryTouch,London_NY,0.5,1.5
1922,4828.23,1.054,34.91,7797.81,0.62,0.31,29.2,2.51,128.2,EMA200,0.2,BoundaryTouch,London_NY,0.5,2.0
1579,9834.75,1.12,26.92,5728.25,1.72,0.613,45.5,6.23,160.78,EMA200,0.2,BoundaryTouch,London_NY,0.5,3.0
1438,5205.26,1.064,21.28,10259.18,0.51,0.308,54.2,3.62,185.72,EMA200,0.2,BoundaryTouch,London_NY,0.5,4.0
2625,-5496.42,0.917,40.8,7060.48,-0.78,-0.504,8.8,-2.09,65.75,EMA200,0.2,50PctCE,24h,0.2,1.5
2500,-3130.88,0.955,34.88,6224.61,-0.5,-0.263,11.6,-1.25,75.41,EMA200,0.2,50PctCE,24h,0.2,2.0
2261,-1678.84,0.977,26.8,7038.11,-0.24,-0.125,17.2,-0.74,93.85,EMA200,0.2,50PctCE,24h,0.2,3.0
2103,1433.84,1.02,21.54,6906.12,0.21,0.098,21.6,0.68,110.18,EMA200,0.2,50PctCE,24h,0.2,4.0
2482,-2946.37,0.961,41.3,7960.34,-0.37,-0.238,13.0,-1.19,78.85,EMA200,0.2,50PctCE,24h,0.5,1.5
2297,-2665.85,0.966,34.39,7899.55,-0.34,-0.202,17.1,-1.16,91.01,EMA200,0.2,50PctCE,24h,0.5,2.0
2035,114.94,1.001,26.44,8940.38,0.01,0.008,24.5,0.06,114.2,EMA200,0.2,50PctCE,24h,0.5,3.0
1855,-1410.52,0.982,20.7,9874.27,-0.14,-0.092,30.8,-0.76,130.12,EMA200,0.2,50PctCE,24h,0.5,4.0
1408,-1317.28,0.967,40.7,4543.48,-0.29,-0.205,9.9,-0.94,72.26,EMA200,0.2,50PctCE,London_NY,0.2,1.5
1357,-1468.5,0.966,34.27,5436.73,-0.27,-0.207,13.7,-1.08,82.74,EMA200,0.2,50PctCE,London_NY,0.2,2.0
1259,-1197.07,0.974,26.05,6124.96,-0.2,-0.144,21.1,-0.95,104.19,EMA200,0.2,50PctCE,London_NY,0.2,3.0
1200,-301.79,0.993,20.83,6353.72,-0.05,-0.032,26.2,-0.25,122.4,EMA200,0.2,50PctCE,London_NY,0.2,4.0
1365,-891.69,0.981,40.37,6677.5,-0.13,-0.121,14.9,-0.65,85.3,EMA200,0.2,50PctCE,London_NY,0.5,1.5
1297,-1547.29,0.969,33.77,7909.39,-0.2,-0.191,19.8,-1.19,98.68,EMA200,0.2,50PctCE,London_NY,0.5,2.0
1187,-551.28,0.989,25.78,8232.24,-0.07,-0.059,28.6,-0.46,123.94,EMA200,0.2,50PctCE,London_NY,0.5,3.0
1120,-1222.83,0.977,20.98,7994.72,-0.15,-0.122,35.8,-1.09,141.93,EMA200,0.2,50PctCE,London_NY,0.5,4.0
3093,-3431.89,0.968,40.87,9318.44,-0.37,-0.191,15.7,-1.11,91.71,EMA200,0.4,BoundaryTouch,24h,0.2,1.5
2791,491.71,1.005,34.65,8426.31,0.06,0.026,20.6,0.18,107.23,EMA200,0.4,BoundaryTouch,24h,0.2,2.0
2206,5469.2,1.056,26.88,8300.13,0.66,0.284,34.1,2.48,138.1,EMA200,0.4,BoundaryTouch,24h,0.2,3.0
1939,4508.8,1.049,20.84,9506.63,0.47,0.223,42.8,2.33,164.68,EMA200,0.4,BoundaryTouch,24h,0.2,4.0
2826,-936.63,0.992,40.84,9705.97,-0.1,-0.049,21.4,-0.33,106.44,EMA200,0.4,BoundaryTouch,24h,0.5,1.5
2504,4427.55,1.039,34.7,7969.03,0.56,0.221,27.9,1.77,126.27,EMA200,0.4,BoundaryTouch,24h,0.5,2.0
1909,11330.74,1.115,27.03,5817.74,1.95,0.572,44.9,5.94,164.04,EMA200,0.4,BoundaryTouch,24h,0.5,3.0
1657,6493.22,1.07,21.3,7903.4,0.82,0.323,56.0,3.92,191.73,EMA200,0.4,BoundaryTouch,24h,0.5,4.0
1945,-5206.39,0.929,40.05,8260.77,-0.63,-0.441,17.2,-2.68,96.05,EMA200,0.4,BoundaryTouch,London_NY,0.2,1.5
1804,-1714.35,0.977,34.09,8272.27,-0.21,-0.134,23.0,-0.95,112.04,EMA200,0.4,BoundaryTouch,London_NY,0.2,2.0
1552,3007.97,1.041,26.42,8504.25,0.35,0.219,36.7,1.94,140.19,EMA200,0.4,BoundaryTouch,London_NY,0.2,3.0
1404,466.26,1.007,20.87,11544.09,0.04,0.032,45.7,0.33,162.82,EMA200,0.4,BoundaryTouch,London_NY,0.2,4.0
1823,-2287.43,0.971,40.37,10048.33,-0.23,-0.179,23.8,-1.25,110.84,EMA200,0.4,BoundaryTouch,London_NY,0.5,1.5
1671,4200.05,1.052,34.83,7998.16,0.53,0.3,30.9,2.51,132.26,EMA200,0.4,BoundaryTouch,London_NY,0.5,2.0
1401,9447.65,1.127,26.91,7004.29,1.35,0.643,47.2,6.74,165.91,EMA200,0.4,BoundaryTouch,London_NY,0.5,3.0
1274,8597.77,1.117,22.06,7403.15,1.16,0.546,57.2,6.75,195.51,EMA200,0.4,BoundaryTouch,London_NY,0.5,4.0
2111,-5310.16,0.906,40.5,7629.32,-0.7,-0.575,9.1,-2.52,69.18,EMA200,0.4,50PctCE,24h,0.2,1.5
2035,-3170.63,0.947,34.79,6141.58,-0.52,-0.312,12.0,-1.56,79.02,EMA200,0.4,50PctCE,24h,0.2,2.0
1860,-2619.07,0.958,26.67,6815.82,-0.38,-0.226,18.3,-1.41,98.7,EMA200,0.4,50PctCE,24h,0.2,3.0
1754,1622.57,1.026,21.55,5446.65,0.3,0.124,22.4,0.93,117.67,EMA200,0.4,50PctCE,24h,0.2,4.0
2033,-2274.1,0.965,41.47,7758.54,-0.29,-0.215,13.3,-1.12,82.11,EMA200,0.4,50PctCE,24h,0.5,1.5
1915,-3830.9,0.945,34.52,8022.09,-0.48,-0.335,17.4,-2.0,94.46,EMA200,0.4,50PctCE,24h,0.5,2.0
1727,-333.65,0.995,26.4,7777.22,-0.04,-0.026,24.9,-0.19,119.3,EMA200,0.4,50PctCE,24h,0.5,3.0
1593,-2921.83,0.958,20.72,9831.71,-0.3,-0.216,31.2,-1.83,134.32,EMA200,0.4,50PctCE,24h,0.5,4.0
1206,-736.61,0.979,40.55,5158.48,-0.14,-0.127,9.9,-0.61,75.82,EMA200,0.4,50PctCE,London_NY,0.2,1.5
1177,-1494.08,0.961,34.41,6102.48,-0.24,-0.235,13.7,-1.27,85.37,EMA200,0.4,50PctCE,London_NY,0.2,2.0
1101,-1820.78,0.956,25.52,6644.66,-0.27,-0.242,22.1,-1.65,108.05,EMA200,0.4,50PctCE,London_NY,0.2,3.0
1058,291.89,1.007,20.98,6058.3,0.05,0.034,26.8,0.28,127.75,EMA200,0.4,50PctCE,London_NY,0.2,4.0
1178,-269.18,0.993,40.75,6462.22,-0.04,-0.041,14.9,-0.23,88.3,EMA200,0.4,50PctCE,London_NY,0.5,1.5
1133,-1994.78,0.955,33.72,7844.03,-0.25,-0.274,19.9,-1.76,101.56,EMA200,0.4,50PctCE,London_NY,0.5,2.0
1049,-121.38,0.997,25.93,7243.55,-0.02,-0.014,28.8,-0.12,128.43,EMA200,0.4,50PctCE,London_NY,0.5,3.0
999,785.99,1.017,21.72,5657.07,0.14,0.084,36.2,0.79,147.96,EMA200,0.4,50PctCE,London_NY,0.5,4.0
2259,-6702.95,0.922,40.24,8540.38,-0.78,-0.48,18.2,-2.97,97.7,EMA200,0.6,BoundaryTouch,24h,0.2,1.5
2084,-3796.55,0.957,34.02,6391.26,-0.59,-0.254,23.4,-1.82,113.52,EMA200,0.6,BoundaryTouch,24h,0.2,2.0
1677,3725.92,1.046,26.65,5689.43,0.65,0.238,39.2,2.22,147.53,EMA200,0.6,BoundaryTouch,24h,0.2,3.0
1472,6746.08,1.088,21.4,5998.02,1.12,0.406,50.8,4.58,178.65,EMA200,0.6,BoundaryTouch,24h,0.2,4.0
2116,-5884.98,0.938,40.03,8483.19,-0.69,-0.39,23.8,-2.78,112.67,EMA200,0.6,BoundaryTouch,24h,0.5,1.5
1925,-2022.41,0.979,33.66,6854.41,-0.3,-0.125,30.6,-1.05,132.5,EMA200,0.6,BoundaryTouch,24h,0.5,2.0
1511,7717.36,1.091,27.0,3326.21,2.32,0.469,49.6,5.11,172.23,EMA200,0.6,BoundaryTouch,24h,0.5,3.0
1288,4446.71,1.055,21.04,7511.0,0.59,0.267,64.8,3.45,204.78,EMA200,0.6,BoundaryTouch,24h,0.5,4.0
1498,-8198.81,0.867,38.92,9407.8,-0.87,-0.872,19.2,-5.47,99.26,EMA200,0.6,BoundaryTouch,London_NY,0.2,1.5
1419,-5665.6,0.912,33.26,8022.86,-0.71,-0.546,24.9,-3.99,115.54,EMA200,0.6,BoundaryTouch,London_NY,0.2,2.0
1235,164.44,1.003,25.83,7083.51,0.02,0.014,40.0,0.13,145.67,EMA200,0.6,BoundaryTouch,London_NY,0.2,3.0
1128,-209.86,0.997,20.57,8814.38,-0.02,-0.017,50.5,-0.19,171.44,EMA200,0.6,BoundaryTouch,London_NY,0.2,4.0
1433,-8769.34,0.873,38.73,11189.03,-0.78,-0.849,25.3,-6.12,113.93,EMA200,0.6,BoundaryTouch,London_NY,0.5,1.5
1342,-3089.58,0.956,33.01,9348.99,-0.33,-0.27,32.2,-2.3,135.05,EMA200,0.6,BoundaryTouch,London_NY,0.5,2.0
1147,4234.4,1.064,26.42,6055.65,0.7,0.343,49.8,3.69,170.27,EMA200,0.6,BoundaryTouch,London_NY,0.5,3.0
1030,7115.19,1.11,22.04,7120.31,1.0,0.529,63.6,6.91,206.42,EMA200,0.6,BoundaryTouch,London_NY,0.5,4.0
1505,-4198.08,0.902,40.4,5296.21,-0.79,-0.619,10.2,-2.79,71.25,EMA200,0.6,50PctCE,24h,0.2,1.5
1470,-3055.5,0.934,34.76,4677.17,-0.65,-0.403,13.2,-2.08,81.56,EMA200,0.6,50PctCE,24h,0.2,2.0
1366,-1481.66,0.97,26.65,4693.96,-0.32,-0.168,19.8,-1.08,101.96,EMA200,0.6,50PctCE,24h,0.2,3.0
1294,1842.57,1.038,21.79,3583.6,0.51,0.188,24.8,1.42,119.72,EMA200,0.6,50PctCE,24h,0.2,4.0
1473,-3926.78,0.923,40.53,6260.04,-0.63,-0.499,14.1,-2.67,84.54,EMA200,0.6,50PctCE,24h,0.5,1.5
1411,-4839.33,0.911,33.81,6832.1,-0.71,-0.56,18.2,-3.43,96.83,EMA200,0.6,50PctCE,24h,0.5,2.0
1300,177.26,1.003,26.69,5267.6,0.03,0.018,25.7,0.14,122.33,EMA200,0.6,50PctCE,24h,0.5,3.0
1205,-224.55,0.996,21.08,5342.34,-0.04,-0.021,32.7,-0.19,139.68,EMA200,0.6,50PctCE,24h,0.5,4.0
920,-1157.13,0.958,40.11,3735.44,-0.31,-0.261,10.7,-1.26,76.3,EMA200,0.6,50PctCE,London_NY,0.2,1.5
905,-1278.96,0.958,34.14,4786.2,-0.27,-0.256,14.3,-1.41,87.21,EMA200,0.6,50PctCE,London_NY,0.2,2.0
851,-583.4,0.982,25.38,4465.28,-0.13,-0.097,23.0,-0.69,111.38,EMA200,0.6,50PctCE,London_NY,0.2,3.0
821,724.52,1.022,21.32,3526.51,0.21,0.108,28.5,0.88,129.54,EMA200,0.6,50PctCE,London_NY,0.2,4.0
908,-2237.7,0.933,39.43,5654.51,-0.4,-0.434,14.7,-2.46,89.7,EMA200,0.6,50PctCE,London_NY,0.5,1.5
878,-3189.8,0.913,32.46,6710.48,-0.48,-0.553,19.7,-3.63,103.79,EMA200,0.6,50PctCE,London_NY,0.5,2.0
821,362.16,1.01,25.94,4593.08,0.08,0.053,28.5,0.44,131.27,EMA200,0.6,50PctCE,London_NY,0.5,3.0
780,1233.3,1.032,21.67,4565.3,0.27,0.165,36.9,1.58,151.22,EMA200,0.6,50PctCE,London_NY,0.5,4.0
