total_trades,net_profit,pf,win_rate,max_dd,mcr,pos_months,total_months,chop_thresh,cmo_thresh,tp_mult,sl_mult,profit_lock
469,-194.11,0.988,34.33,3425.37,40.28,29,72,38.2,10.0,3.0,1.5,200.0
511,-432.78,0.976,34.64,3860.3,34.72,25,72,38.2,10.0,3.0,1.5,250.0
533,-303.25,0.984,35.08,4002.87,33.33,24,72,38.2,10.0,3.0,1.5,300.0
392,481.87,1.03,42.6,1793.01,47.22,34,72,38.2,10.0,3.0,2.0,200.0
436,850.52,1.046,43.12,2299.79,43.06,31,72,38.2,10.0,3.0,2.0,250.0
457,1643.2,1.084,44.2,2144.67,43.06,31,72,38.2,10.0,3.0,2.0,300.0
452,642.42,1.042,33.41,2245.79,44.44,32,72,38.2,10.0,3.5,1.5,200.0
496,233.69,1.013,32.86,3333.07,38.89,28,72,38.2,10.0,3.5,1.5,250.0
514,419.93,1.023,32.88,3270.73,37.5,27,72,38.2,10.0,3.5,1.5,300.0
371,1457.35,1.096,43.4,1382.96,51.39,37,72,38.2,10.0,3.5,2.0,200.0
402,1300.1,1.076,42.54,1394.96,47.22,34,72,38.2,10.0,3.5,2.0,250.0
438,1219.48,1.063,42.01,1904.11,43.06,31,72,38.2,10.0,3.5,2.0,300.0
425,2188.57,1.15,32.24,1276.25,48.61,35,72,38.2,10.0,4.0,1.5,200.0
470,1483.8,1.088,31.49,2017.8,43.06,31,72,38.2,10.0,4.0,1.5,250.0
487,2155.14,1.122,31.83,2312.3,41.67,30,72,38.2,10.0,4.0,1.5,300.0
350,2201.79,1.153,41.14,1277.86,45.83,33,72,38.2,10.0,4.0,2.0,200.0
394,1338.87,1.078,39.59,1375.52,40.28,29,72,38.2,10.0,4.0,2.0,250.0
404,2217.74,1.127,40.1,1294.22,40.28,29,72,38.2,10.0,4.0,2.0,300.0
468,-140.68,0.991,34.4,3425.37,40.28,29,72,38.2,15.0,3.0,1.5,200.0
510,-379.35,0.979,34.71,3860.3,34.72,25,72,38.2,15.0,3.0,1.5,250.0
529,-310.64,0.984,34.97,4002.87,33.33,24,72,38.2,15.0,3.0,1.5,300.0
392,544.05,1.034,42.6,1793.01,47.22,34,72,38.2,15.0,3.0,2.0,200.0
435,752.96,1.041,42.99,2299.79,43.06,31,72,38.2,15.0,3.0,2.0,250.0
456,1545.64,1.079,44.08,2144.67,43.06,31,72,38.2,15.0,3.0,2.0,300.0
450,510.6,1.034,33.33,2351.06,44.44,32,72,38.2,15.0,3.5,1.5,200.0
495,287.12,1.016,32.93,3279.64,38.89,28,72,38.2,15.0,3.5,1.5,250.0
513,473.36,1.025,32.94,3217.3,37.5,27,72,38.2,15.0,3.5,1.5,300.0
371,1528.27,1.101,43.4,1382.96,51.39,37,72,38.2,15.0,3.5,2.0,200.0
402,1371.01,1.081,42.54,1394.96,47.22,34,72,38.2,15.0,3.5,2.0,250.0
438,1290.39,1.067,42.01,1904.11,43.06,31,72,38.2,15.0,3.5,2.0,300.0
421,2112.11,1.146,32.07,1276.25,48.61,35,72,38.2,15.0,4.0,1.5,200.0
469,1537.23,1.091,31.56,2017.8,43.06,31,72,38.2,15.0,4.0,1.5,250.0
486,2208.57,1.125,31.89,2258.87,41.67,30,72,38.2,15.0,4.0,1.5,300.0
350,2180.88,1.151,41.14,1277.86,45.83,33,72,38.2,15.0,4.0,2.0,200.0
394,1317.95,1.077,39.59,1375.52,40.28,29,72,38.2,15.0,4.0,2.0,250.0
404,2196.82,1.126,40.1,1294.22,40.28,29,72,38.2,15.0,4.0,2.0,300.0
467,-89.69,0.994,34.48,3368.59,40.28,29,72,38.2,20.0,3.0,1.5,200.0
508,-418.58,0.977,34.65,3893.75,34.72,25,72,38.2,20.0,3.0,1.5,250.0
528,-259.64,0.986,35.04,3946.09,33.33,24,72,38.2,20.0,3.0,1.5,300.0
392,521.84,1.032,42.6,1807.5,47.22,34,72,38.2,20.0,3.0,2.0,200.0
431,707.18,1.039,42.92,2337.85,43.06,31,72,38.2,20.0,3.0,2.0,250.0
453,1573.75,1.081,44.15,2108.84,43.06,31,72,38.2,20.0,3.0,2.0,300.0
448,443.32,1.029,33.26,2412.55,44.44,32,72,38.2,20.0,3.5,1.5,200.0
494,338.12,1.019,33.0,3222.86,38.89,28,72,38.2,20.0,3.5,1.5,250.0
511,578.22,1.031,33.07,3106.66,37.5,27,72,38.2,20.0,3.5,1.5,300.0
371,1520.55,1.1,43.4,1382.96,51.39,37,72,38.2,20.0,3.5,2.0,200.0
402,1346.38,1.079,42.54,1411.87,47.22,34,72,38.2,20.0,3.5,2.0,250.0
438,1265.77,1.066,42.01,1904.11,43.06,31,72,38.2,20.0,3.5,2.0,300.0
420,2163.11,1.15,32.14,1276.25,48.61,35,72,38.2,20.0,4.0,1.5,200.0
467,1452.62,1.086,31.48,2096.62,43.06,31,72,38.2,20.0,4.0,1.5,250.0
485,2259.56,1.129,31.96,2202.09,41.67,30,72,38.2,20.0,4.0,1.5,300.0
350,2173.16,1.15,41.14,1277.86,45.83,33,72,38.2,20.0,4.0,2.0,200.0
394,1310.23,1.077,39.59,1375.52,40.28,29,72,38.2,20.0,4.0,2.0,250.0
404,2169.78,1.124,40.1,1294.22,40.28,29,72,38.2,20.0,4.0,2.0,300.0
631,-1623.91,0.913,33.12,5122.08,38.89,28,72,42.0,10.0,3.0,1.5,200.0
653,-1067.03,0.946,33.54,4791.71,37.5,27,72,42.0,10.0,3.0,1.5,250.0
681,-418.78,0.98,33.92,4188.5,36.11,26,72,42.0,10.0,3.0,1.5,300.0
480,278.56,1.017,40.62,3236.6,43.06,31,72,42.0,10.0,3.0,2.0,200.0
509,932.77,1.051,41.06,3338.39,40.28,29,72,42.0,10.0,3.0,2.0,250.0
576,560.67,1.025,41.32,3243.58,37.5,27,72,42.0,10.0,3.0,2.0,300.0
596,-2093.66,0.885,31.04,4758.98,36.11,26,72,42.0,10.0,3.5,1.5,200.0
630,-2050.55,0.897,31.11,5212.57,33.33,24,72,42.0,10.0,3.5,1.5,250.0
660,-2327.76,0.892,30.76,5500.91,31.94,23,72,42.0,10.0,3.5,1.5,300.0
448,-259.38,0.984,38.62,2515.4,48.61,35,72,42.0,10.0,3.5,2.0,200.0
485,581.19,1.033,39.38,2332.56,47.22,34,72,42.0,10.0,3.5,2.0,250.0
511,1580.28,1.081,39.73,2124.89,45.83,33,72,42.0,10.0,3.5,2.0,300.0
573,-490.24,0.973,30.02,3386.16,37.5,27,72,42.0,10.0,4.0,1.5,200.0
612,-473.65,0.976,30.23,3676.19,34.72,25,72,42.0,10.0,4.0,1.5,250.0
628,-13.36,0.999,30.41,4006.23,33.33,24,72,42.0,10.0,4.0,1.5,300.0
422,645.05,1.04,35.78,2027.51,43.06,31,72,42.0,10.0,4.0,2.0,200.0
468,299.55,1.016,35.68,3144.88,38.89,28,72,42.0,10.0,4.0,2.0,250.0
487,346.8,1.018,35.52,3318.39,37.5,27,72,42.0,10.0,4.0,2.0,300.0
623,-1267.77,0.931,33.07,4765.94,40.28,29,72,42.0,15.0,3.0,1.5,200.0
645,-710.88,0.964,33.49,4435.56,38.89,28,72,42.0,15.0,3.0,1.5,250.0
676,-1.4,1.0,34.02,3780.34,37.5,27,72,42.0,15.0,3.0,1.5,300.0
479,256.74,1.015,40.5,3258.42,43.06,31,72,42.0,15.0,3.0,2.0,200.0
508,910.95,1.05,40.94,3334.9,40.28,29,72,42.0,15.0,3.0,2.0,250.0
575,538.85,1.024,41.22,3265.4,37.5,27,72,42.0,15.0,3.0,2.0,300.0
588,-1646.87,0.908,31.12,4312.18,37.5,27,72,42.0,15.0,3.5,1.5,200.0
622,-1603.75,0.919,31.19,4765.77,34.72,25,72,42.0,15.0,3.5,1.5,250.0
652,-1880.96,0.912,30.83,5054.11,33.33,24,72,42.0,15.0,3.5,1.5,300.0
447,-285.39,0.983,38.48,2541.42,48.61,35,72,42.0,15.0,3.5,2.0,200.0
484,555.18,1.031,39.26,2358.57,47.22,34,72,42.0,15.0,3.5,2.0,250.0
510,1554.27,1.08,39.61,2124.89,45.83,33,72,42.0,15.0,3.5,2.0,300.0
568,-3.98,1.0,30.28,3071.24,38.89,28,72,42.0,15.0,4.0,1.5,200.0
607,15.22,1.001,30.48,3552.37,36.11,26,72,42.0,15.0,4.0,1.5,250.0
623,475.51,1.023,30.66,3781.23,34.72,25,72,42.0,15.0,4.0,1.5,300.0
421,656.67,1.041,35.87,2015.88,43.06,31,72,42.0,15.0,4.0,2.0,200.0
467,314.67,1.017,35.76,3129.76,38.89,28,72,42.0,15.0,4.0,2.0,250.0
486,361.91,1.019,35.6,3303.27,37.5,27,72,42.0,15.0,4.0,2.0,300.0
607,-530.06,0.97,33.61,4022.68,40.28,29,72,42.0,20.0,3.0,1.5,200.0
633,-210.37,0.989,33.81,3929.5,38.89,28,72,42.0,20.0,3.0,1.5,250.0
670,-79.44,0.996,34.03,3852.83,36.11,26,72,42.0,20.0,3.0,1.5,300.0
478,-394.1,0.976,39.96,3901.86,41.67,30,72,42.0,20.0,3.0,2.0,200.0
507,271.73,1.015,40.43,3957.58,38.89,28,72,42.0,20.0,3.0,2.0,250.0
568,131.39,1.006,41.02,3665.47,36.11,26,72,42.0,20.0,3.0,2.0,300.0
579,-784.64,0.956,31.61,3461.43,40.28,29,72,42.0,20.0,3.5,1.5,200.0
611,-786.06,0.96,31.59,3959.56,37.5,27,72,42.0,20.0,3.5,1.5,250.0
640,-487.46,0.977,31.72,3672.09,36.11,26,72,42.0,20.0,3.5,1.5,300.0
452,-676.17,0.959,38.05,2924.8,47.22,34,72,42.0,20.0,3.5,2.0,200.0
487,117.01,1.007,38.81,2789.34,45.83,33,72,42.0,20.0,3.5,2.0,250.0
507,984.6,1.051,39.25,2625.52,44.44,32,72,42.0,20.0,3.5,2.0,300.0
559,692.2,1.039,30.41,2818.72,41.67,30,72,42.0,20.0,4.0,1.5,200.0
601,921.95,1.047,30.78,2636.09,38.89,28,72,42.0,20.0,4.0,1.5,250.0
617,1382.25,1.068,30.96,2801.75,37.5,27,72,42.0,20.0,4.0,1.5,300.0
426,667.28,1.041,35.68,1997.88,43.06,31,72,42.0,20.0,4.0,2.0,200.0
471,417.57,1.022,35.67,3019.46,38.89,28,72,42.0,20.0,4.0,2.0,250.0
488,398.21,1.02,35.45,3259.58,37.5,27,72,42.0,20.0,4.0,2.0,300.0
652,-207.94,0.989,32.67,4159.03,43.06,31,72,45.0,10.0,3.0,1.5,200.0
680,435.73,1.021,33.09,4067.02,41.67,30,72,45.0,10.0,3.0,1.5,250.0
709,-54.8,0.998,33.0,3738.29,37.5,27,72,45.0,10.0,3.0,1.5,300.0
571,571.0,1.031,40.98,2776.69,45.83,33,72,45.0,10.0,3.0,2.0,200.0
611,1618.26,1.079,42.06,2854.39,44.44,32,72,45.0,10.0,3.0,2.0,250.0
653,1901.96,1.082,42.27,2546.01,43.06,31,72,45.0,10.0,3.0,2.0,300.0
608,-1554.69,0.916,30.1,4347.94,37.5,27,72,45.0,10.0,3.5,1.5,200.0
646,-1260.3,0.938,30.5,4863.75,34.72,25,72,45.0,10.0,3.5,1.5,250.0
680,-219.91,0.99,31.03,4575.68,33.33,24,72,45.0,10.0,3.5,1.5,300.0
512,379.37,1.021,38.09,2329.83,47.22,34,72,45.0,10.0,3.5,2.0,200.0
551,1502.24,1.078,38.66,2051.77,45.83,33,72,45.0,10.0,3.5,2.0,250.0
571,3266.77,1.163,39.58,1654.53,44.44,32,72,45.0,10.0,3.5,2.0,300.0
574,-439.96,0.974,28.57,3891.51,38.89,28,72,45.0,10.0,4.0,1.5,200.0
644,-951.44,0.953,28.42,4687.62,33.33,24,72,45.0,10.0,4.0,1.5,250.0
659,-908.83,0.957,28.53,5036.19,31.94,23,72,45.0,10.0,4.0,1.5,300.0
453,1841.85,1.113,35.1,2026.44,50.0,36,72,45.0,10.0,4.0,2.0,200.0
517,1457.44,1.073,34.82,2729.85,44.44,32,72,45.0,10.0,4.0,2.0,250.0
531,2638.04,1.129,35.59,2288.06,44.44,32,72,45.0,10.0,4.0,2.0,300.0
655,-321.13,0.984,32.21,4155.86,43.06,31,72,45.0,15.0,3.0,1.5,200.0
683,322.54,1.015,32.65,4063.85,41.67,30,72,45.0,15.0,3.0,1.5,250.0
698,241.1,1.011,32.81,3735.12,38.89,28,72,45.0,15.0,3.0,1.5,300.0
571,521.58,1.028,40.81,2797.7,45.83,33,72,45.0,15.0,3.0,2.0,200.0
611,1568.84,1.076,41.9,2875.4,44.44,32,72,45.0,15.0,3.0,2.0,250.0
653,1852.54,1.08,42.11,2567.02,43.06,31,72,45.0,15.0,3.0,2.0,300.0
599,-1197.7,0.934,29.88,3971.27,38.89,28,72,45.0,15.0,3.5,1.5,200.0
637,-903.31,0.954,30.3,4487.09,36.11,26,72,45.0,15.0,3.5,1.5,250.0
671,137.07,1.006,30.85,4199.02,34.72,25,72,45.0,15.0,3.5,1.5,300.0
511,358.49,1.02,37.96,2326.52,47.22,34,72,45.0,15.0,3.5,2.0,200.0
550,1481.36,1.077,38.55,2048.46,45.83,33,72,45.0,15.0,3.5,2.0,250.0
570,3245.88,1.162,39.47,1651.22,44.44,32,72,45.0,15.0,3.5,2.0,300.0
590,-431.59,0.975,28.47,3938.04,38.89,28,72,45.0,15.0,4.0,1.5,200.0
650,-490.7,0.976,28.62,4276.34,34.72,25,72,45.0,15.0,4.0,1.5,250.0
665,-448.08,0.978,28.72,4624.92,33.33,24,72,45.0,15.0,4.0,1.5,300.0
451,1837.48,1.113,35.03,2060.02,50.0,36,72,45.0,15.0,4.0,2.0,200.0
518,1441.14,1.072,34.75,2769.92,44.44,32,72,45.0,15.0,4.0,2.0,250.0
532,2621.74,1.128,35.53,2328.13,44.44,32,72,45.0,15.0,4.0,2.0,300.0
659,-825.51,0.958,32.17,3689.74,41.67,30,72,45.0,20.0,3.0,1.5,200.0
689,-98.99,0.995,32.66,3525.42,40.28,29,72,45.0,20.0,3.0,1.5,250.0
704,-332.21,0.985,32.67,3212.65,37.5,27,72,45.0,20.0,3.0,1.5,300.0
570,476.33,1.026,40.7,2780.64,45.83,33,72,45.0,20.0,3.0,2.0,200.0
606,1523.84,1.075,41.75,2840.05,44.44,32,72,45.0,20.0,3.0,2.0,250.0
642,2003.34,1.089,42.21,2531.67,43.06,31,72,45.0,20.0,3.0,2.0,300.0
603,-1038.73,0.942,30.18,3414.18,38.89,28,72,45.0,20.0,3.5,1.5,200.0
642,-663.29,0.966,30.69,3815.45,36.11,26,72,45.0,20.0,3.5,1.5,250.0
667,378.67,1.018,31.18,3442.96,34.72,25,72,45.0,20.0,3.5,1.5,300.0
506,532.93,1.03,38.14,2325.99,47.22,34,72,45.0,20.0,3.5,2.0,200.0
534,1672.05,1.091,38.76,2065.37,45.83,33,72,45.0,20.0,3.5,2.0,250.0
555,3360.3,1.173,39.64,1623.53,44.44,32,72,45.0,20.0,3.5,2.0,300.0
595,-101.96,0.994,28.57,3218.34,40.28,29,72,45.0,20.0,4.0,1.5,200.0
658,-330.47,0.984,28.72,3346.1,36.11,26,72,45.0,20.0,4.0,1.5,250.0
674,-52.66,0.998,28.93,3694.67,34.72,25,72,45.0,20.0,4.0,1.5,300.0
453,1813.47,1.111,35.1,2060.02,50.0,36,72,45.0,20.0,4.0,2.0,200.0
524,1448.17,1.072,34.92,2664.79,44.44,32,72,45.0,20.0,4.0,2.0,250.0
537,2704.02,1.131,35.75,2346.92,44.44,32,72,45.0,20.0,4.0,2.0,300.0
709,-235.83,0.988,33.29,3353.04,41.67,30,72,48.0,10.0,3.0,1.5,200.0
749,-151.08,0.993,33.24,3568.54,38.89,28,72,48.0,10.0,3.0,1.5,250.0
773,-1023.5,0.956,33.12,4166.17,34.72,25,72,48.0,10.0,3.0,1.5,300.0
603,-917.57,0.951,39.97,3300.43,40.28,29,72,48.0,10.0,3.0,2.0,200.0
647,-1127.3,0.946,40.03,3613.74,37.5,27,72,48.0,10.0,3.0,2.0,250.0
668,-464.47,0.979,40.42,3202.39,36.11,26,72,48.0,10.0,3.0,2.0,300.0
642,-224.17,0.988,30.84,2885.54,41.67,30,72,48.0,10.0,3.5,1.5,200.0
725,-619.1,0.971,30.9,3944.56,37.5,27,72,48.0,10.0,3.5,1.5,250.0
764,15.04,1.001,31.02,3912.23,34.72,25,72,48.0,10.0,3.5,1.5,300.0
506,124.36,1.007,37.55,2138.21,47.22,34,72,48.0,10.0,3.5,2.0,200.0
560,347.96,1.018,37.32,2501.59,43.06,31,72,48.0,10.0,3.5,2.0,250.0
589,977.03,1.048,37.69,1859.59,40.28,29,72,48.0,10.0,3.5,2.0,300.0
629,346.87,1.019,28.93,2862.97,43.06,31,72,48.0,10.0,4.0,1.5,200.0
663,1368.08,1.068,29.11,3195.14,40.28,29,72,48.0,10.0,4.0,1.5,250.0
678,1162.03,1.055,29.06,3474.06,38.89,28,72,48.0,10.0,4.0,1.5,300.0
503,270.57,1.015,34.39,2422.05,48.61,35,72,48.0,10.0,4.0,2.0,200.0
557,625.82,1.03,34.65,2179.93,44.44,32,72,48.0,10.0,4.0,2.0,250.0
574,638.35,1.029,34.49,2126.87,43.06,31,72,48.0,10.0,4.0,2.0,300.0
729,-1237.96,0.939,32.65,3889.74,38.89,28,72,48.0,15.0,3.0,1.5,200.0
755,-597.07,0.972,32.98,3518.21,37.5,27,72,48.0,15.0,3.0,1.5,250.0
778,-1372.94,0.941,32.9,4072.72,33.33,24,72,48.0,15.0,3.0,1.5,300.0
621,-1883.41,0.902,39.13,3857.67,36.11,26,72,48.0,15.0,3.0,2.0,200.0
648,-1604.48,0.923,39.66,3682.31,34.72,25,72,48.0,15.0,3.0,2.0,250.0
666,-1112.2,0.949,39.94,3247.46,33.33,24,72,48.0,15.0,3.0,2.0,300.0
657,-723.39,0.961,30.29,3367.57,40.28,29,72,48.0,15.0,3.5,1.5,200.0
743,-1584.98,0.929,30.15,4502.01,34.72,25,72,48.0,15.0,3.5,1.5,250.0
765,-281.97,0.988,30.72,3897.68,33.33,24,72,48.0,15.0,3.5,1.5,300.0
525,-713.9,0.96,36.76,2145.3,44.44,32,72,48.0,15.0,3.5,2.0,200.0
578,-625.18,0.969,36.51,2508.68,40.28,29,72,48.0,15.0,3.5,2.0,250.0
591,492.93,1.024,37.23,1866.67,38.89,28,72,48.0,15.0,3.5,2.0,300.0
628,-414.88,0.977,28.18,3434.59,40.28,29,72,48.0,15.0,4.0,1.5,200.0
661,444.54,1.023,28.29,3516.43,37.5,27,72,48.0,15.0,4.0,1.5,250.0
671,50.73,1.003,28.17,3910.24,36.11,26,72,48.0,15.0,4.0,1.5,300.0
498,-258.33,0.985,33.73,2449.72,47.22,34,72,48.0,15.0,4.0,2.0,200.0
550,60.35,1.003,34.0,2280.36,43.06,31,72,48.0,15.0,4.0,2.0,250.0
567,72.88,1.003,33.86,2204.72,41.67,30,72,48.0,15.0,4.0,2.0,300.0
723,-1260.81,0.938,32.5,3851.97,38.89,28,72,48.0,20.0,3.0,1.5,200.0
749,-619.92,0.971,32.84,3473.66,37.5,27,72,48.0,20.0,3.0,1.5,250.0
771,-1386.09,0.941,32.81,4018.28,33.33,24,72,48.0,20.0,3.0,1.5,300.0
630,-930.61,0.951,40.16,3482.95,40.28,29,72,48.0,20.0,3.0,2.0,200.0
657,-651.68,0.969,40.64,3535.53,38.89,28,72,48.0,20.0,3.0,2.0,250.0
681,-767.28,0.966,40.68,3104.91,36.11,26,72,48.0,20.0,3.0,2.0,300.0
635,-265.87,0.986,30.24,2946.41,43.06,31,72,48.0,20.0,3.5,1.5,200.0
714,-914.49,0.958,30.25,4033.24,37.5,27,72,48.0,20.0,3.5,1.5,250.0
746,452.93,1.02,30.83,3519.76,36.11,26,72,48.0,20.0,3.5,1.5,300.0
530,652.33,1.037,37.74,1794.66,48.61,35,72,48.0,20.0,3.5,2.0,200.0
583,775.19,1.04,37.39,2156.35,44.44,32,72,48.0,20.0,3.5,2.0,250.0
597,2035.79,1.101,38.19,1759.11,43.06,31,72,48.0,20.0,3.5,2.0,300.0
614,64.81,1.004,28.34,2853.96,40.28,29,72,48.0,20.0,4.0,1.5,200.0
662,379.79,1.019,28.55,2989.96,37.5,27,72,48.0,20.0,4.0,1.5,250.0
674,339.83,1.017,28.64,3139.04,36.11,26,72,48.0,20.0,4.0,1.5,300.0
505,779.51,1.046,34.85,2247.52,48.61,35,72,48.0,20.0,4.0,2.0,200.0
557,1098.19,1.055,35.01,2154.94,44.44,32,72,48.0,20.0,4.0,2.0,250.0
575,1224.91,1.059,34.96,1971.41,43.06,31,72,48.0,20.0,4.0,2.0,300.0
814,-873.28,0.961,32.56,2585.57,41.67,30,72,52.0,10.0,3.0,1.5,200.0
862,-1186.59,0.951,32.6,2784.99,37.5,27,72,52.0,10.0,3.0,1.5,250.0
936,-2612.19,0.905,32.59,3239.18,30.56,22,72,52.0,10.0,3.0,1.5,300.0
745,-2679.12,0.885,39.87,3002.57,37.5,27,72,52.0,10.0,3.0,2.0,200.0
795,-2613.87,0.899,40.25,3062.76,34.72,25,72,52.0,10.0,3.0,2.0,250.0
813,-2274.07,0.915,40.34,2343.2,33.33,24,72,52.0,10.0,3.0,2.0,300.0
718,-145.13,0.993,29.81,1925.49,43.06,31,72,52.0,10.0,3.5,1.5,200.0
774,338.98,1.015,29.97,2385.19,40.28,29,72,52.0,10.0,3.5,1.5,250.0
816,186.3,1.008,30.15,2543.56,37.5,27,72,52.0,10.0,3.5,1.5,300.0
591,-1221.07,0.936,37.9,1763.03,43.06,31,72,52.0,10.0,3.5,2.0,200.0
651,-1499.77,0.932,37.17,2165.32,37.5,27,72,52.0,10.0,3.5,2.0,250.0
668,-202.33,0.991,37.72,1442.06,36.11,26,72,52.0,10.0,3.5,2.0,300.0
662,1559.06,1.08,29.15,2086.5,47.22,34,72,52.0,10.0,4.0,1.5,200.0
746,1397.09,1.061,28.69,2335.11,38.89,28,72,52.0,10.0,4.0,1.5,250.0
765,1696.99,1.07,28.89,2277.27,37.5,27,72,52.0,10.0,4.0,1.5,300.0
571,-483.2,0.975,35.38,1771.16,43.06,31,72,52.0,10.0,4.0,2.0,200.0
620,412.98,1.019,35.81,1449.91,40.28,29,72,52.0,10.0,4.0,2.0,250.0
649,361.87,1.016,35.29,1307.62,37.5,27,72,52.0,10.0,4.0,2.0,300.0
815,-1585.5,0.928,32.15,2649.06,40.28,29,72,52.0,15.0,3.0,1.5,200.0
864,-1772.66,0.926,32.29,2888.4,36.11,26,72,52.0,15.0,3.0,1.5,250.0
929,-2608.32,0.903,32.62,3210.72,30.56,22,72,52.0,15.0,3.0,1.5,300.0
750,-3156.72,0.865,39.2,3260.89,36.11,26,72,52.0,15.0,3.0,2.0,200.0
784,-2628.97,0.897,39.8,2941.03,34.72,25,72,52.0,15.0,3.0,2.0,250.0
799,-2486.56,0.905,39.8,2555.69,33.33,24,72,52.0,15.0,3.0,2.0,300.0
719,-622.37,0.97,29.49,2109.28,41.67,30,72,52.0,15.0,3.5,1.5,200.0
772,-407.14,0.982,29.53,2634.22,38.89,28,72,52.0,15.0,3.5,1.5,250.0
817,-283.41,0.988,29.87,2565.42,36.11,26,72,52.0,15.0,3.5,1.5,300.0
587,-1679.44,0.912,36.8,1873.64,41.67,30,72,52.0,15.0,3.5,2.0,200.0
661,-2160.76,0.904,36.01,2265.59,34.72,25,72,52.0,15.0,3.5,2.0,250.0
676,-967.28,0.959,36.54,1539.17,33.33,24,72,52.0,15.0,3.5,2.0,300.0
680,384.78,1.02,28.38,2063.48,44.44,32,72,52.0,15.0,4.0,1.5,200.0
749,590.68,1.026,28.17,2570.46,37.5,27,72,52.0,15.0,4.0,1.5,250.0
754,1083.2,1.048,28.38,2456.14,37.5,27,72,52.0,15.0,4.0,1.5,300.0
587,-1091.73,0.945,34.24,1948.16,40.28,29,72,52.0,15.0,4.0,2.0,200.0
617,81.38,1.004,34.85,1626.91,38.89,28,72,52.0,15.0,4.0,2.0,250.0
645,81.99,1.004,34.42,1409.05,36.11,26,72,52.0,15.0,4.0,2.0,300.0
783,-1209.59,0.944,32.57,2446.26,40.28,29,72,52.0,20.0,3.0,1.5,200.0
809,-1076.48,0.953,32.63,2282.0,37.5,27,72,52.0,20.0,3.0,1.5,250.0
893,-2443.92,0.908,32.81,3140.75,30.56,22,72,52.0,20.0,3.0,1.5,300.0
755,-2263.21,0.902,40.0,2584.86,38.89,28,72,52.0,20.0,3.0,2.0,200.0
789,-1753.14,0.93,40.56,2360.29,37.5,27,72,52.0,20.0,3.0,2.0,250.0
814,-2175.73,0.919,40.54,2244.86,34.72,25,72,52.0,20.0,3.0,2.0,300.0
700,-363.07,0.982,29.86,1883.29,43.06,31,72,52.0,20.0,3.5,1.5,200.0
753,-145.69,0.993,29.88,2354.61,40.28,29,72,52.0,20.0,3.5,1.5,250.0
800,-71.28,0.997,30.0,2335.12,36.11,26,72,52.0,20.0,3.5,1.5,300.0
600,-33.75,0.998,38.83,1210.67,45.83,33,72,52.0,20.0,3.5,2.0,200.0
671,-576.86,0.974,38.15,1685.05,40.28,29,72,52.0,20.0,3.5,2.0,250.0
693,527.59,1.023,38.67,1316.58,38.89,28,72,52.0,20.0,3.5,2.0,300.0
657,814.46,1.044,28.92,2061.72,44.44,32,72,52.0,20.0,4.0,1.5,200.0
741,544.61,1.025,28.61,2277.54,38.89,28,72,52.0,20.0,4.0,1.5,250.0
756,768.44,1.034,28.7,2667.1,37.5,27,72,52.0,20.0,4.0,1.5,300.0
598,123.47,1.006,35.79,1478.27,44.44,32,72,52.0,20.0,4.0,2.0,200.0
634,504.92,1.024,35.96,1553.49,41.67,30,72,52.0,20.0,4.0,2.0,250.0
667,596.36,1.025,35.68,1305.22,38.89,28,72,52.0,20.0,4.0,2.0,300.0
926,809.42,1.035,35.1,1772.6,48.61,35,72,60.0,10.0,3.0,1.5,200.0
991,-452.49,0.983,34.51,1968.32,43.06,31,72,60.0,10.0,3.0,1.5,250.0
1091,-1771.4,0.94,34.46,2938.26,36.11,26,72,60.0,10.0,3.0,1.5,300.0
697,-340.19,0.983,42.61,2444.49,44.44,32,72,60.0,10.0,3.0,2.0,200.0
761,-278.68,0.988,42.97,2983.65,41.67,30,72,60.0,10.0,3.0,2.0,250.0
811,-184.09,0.993,42.66,2778.16,37.5,27,72,60.0,10.0,3.0,2.0,300.0
766,470.54,1.023,31.72,1483.79,45.83,33,72,60.0,10.0,3.5,1.5,200.0
864,853.34,1.035,31.48,1888.82,41.67,30,72,60.0,10.0,3.5,1.5,250.0
911,318.84,1.012,31.39,2176.31,36.11,26,72,60.0,10.0,3.5,1.5,300.0
618,352.36,1.018,39.97,1725.15,45.83,33,72,60.0,10.0,3.5,2.0,200.0
664,-396.08,0.981,39.31,2140.29,41.67,30,72,60.0,10.0,3.5,2.0,250.0
713,-1078.24,0.955,38.57,2465.99,36.11,26,72,60.0,10.0,3.5,2.0,300.0
681,2484.41,1.124,30.4,1147.65,51.39,37,72,60.0,10.0,4.0,1.5,200.0
806,968.47,1.039,29.28,2034.78,38.89,28,72,60.0,10.0,4.0,1.5,250.0
814,1242.66,1.049,29.36,2034.78,38.89,28,72,60.0,10.0,4.0,1.5,300.0
623,44.28,1.002,37.72,1967.48,43.06,31,72,60.0,10.0,4.0,2.0,200.0
670,146.08,1.007,37.91,1977.21,40.28,29,72,60.0,10.0,4.0,2.0,250.0
687,737.6,1.032,37.7,1656.31,38.89,28,72,60.0,10.0,4.0,2.0,300.0
863,-487.83,0.978,33.84,2392.47,44.44,32,72,60.0,15.0,3.0,1.5,200.0
942,-1861.68,0.926,33.55,2812.28,37.5,27,72,60.0,15.0,3.0,1.5,250.0
1009,-2122.49,0.922,33.8,3429.13,33.33,24,72,60.0,15.0,3.0,1.5,300.0
689,-136.04,0.993,42.67,1770.14,45.83,33,72,60.0,15.0,3.0,2.0,200.0
749,-53.69,0.998,42.99,2385.16,43.06,31,72,60.0,15.0,3.0,2.0,250.0
835,-472.81,0.982,42.87,2235.62,38.89,28,72,60.0,15.0,3.0,2.0,300.0
776,-1394.92,0.936,30.28,2468.87,40.28,29,72,60.0,15.0,3.5,1.5,200.0
844,-1066.21,0.956,30.21,3058.17,37.5,27,72,60.0,15.0,3.5,1.5,250.0
911,-1137.0,0.957,30.63,3219.59,34.72,25,72,60.0,15.0,3.5,1.5,300.0
588,-335.81,0.982,39.46,1799.55,45.83,33,72,60.0,15.0,3.5,2.0,200.0
645,-336.9,0.984,39.22,2202.0,41.67,30,72,60.0,15.0,3.5,2.0,250.0
691,-1318.86,0.944,38.35,2592.52,36.11,26,72,60.0,15.0,3.5,2.0,300.0
693,-636.44,0.969,28.28,2675.46,44.44,32,72,60.0,15.0,4.0,1.5,200.0
799,-1135.95,0.953,27.91,3425.86,34.72,25,72,60.0,15.0,4.0,1.5,250.0
803,-798.12,0.968,28.02,3425.86,34.72,25,72,60.0,15.0,4.0,1.5,300.0
632,-838.53,0.959,36.23,2116.57,40.28,29,72,60.0,15.0,4.0,2.0,200.0
659,-199.92,0.991,36.72,2125.12,38.89,28,72,60.0,15.0,4.0,2.0,250.0
679,247.29,1.011,36.52,2125.12,37.5,27,72,60.0,15.0,4.0,2.0,300.0
896,-1889.87,0.92,33.26,2700.15,37.5,27,72,60.0,20.0,3.0,1.5,200.0
944,-1988.24,0.923,33.26,2874.0,34.72,25,72,60.0,20.0,3.0,1.5,250.0
1002,-2260.56,0.919,33.53,3364.35,30.56,22,72,60.0,20.0,3.0,1.5,300.0
701,-580.28,0.971,42.65,2308.41,43.06,31,72,60.0,20.0,3.0,2.0,200.0
756,-11.42,1.0,43.25,2436.93,41.67,30,72,60.0,20.0,3.0,2.0,250.0
839,-415.0,0.984,43.15,2313.12,37.5,27,72,60.0,20.0,3.0,2.0,300.0
758,-1651.68,0.924,30.47,2444.43,41.67,30,72,60.0,20.0,3.5,1.5,200.0
834,-1109.79,0.954,30.34,2838.83,38.89,28,72,60.0,20.0,3.5,1.5,250.0
897,-1014.05,0.963,30.66,2976.59,36.11,26,72,60.0,20.0,3.5,1.5,300.0
598,-779.6,0.96,39.63,2395.39,44.44,32,72,60.0,20.0,3.5,2.0,200.0
655,-708.04,0.967,39.54,2798.98,40.28,29,72,60.0,20.0,3.5,2.0,250.0
702,-981.9,0.959,39.17,2612.41,36.11,26,72,60.0,20.0,3.5,2.0,300.0
707,-207.29,0.99,28.85,2503.2,40.28,29,72,60.0,20.0,4.0,1.5,200.0
784,-58.32,0.997,28.83,2366.27,34.72,25,72,60.0,20.0,4.0,1.5,250.0
797,62.76,1.003,28.86,2366.27,33.33,24,72,60.0,20.0,4.0,1.5,300.0
617,-1113.27,0.945,36.14,2286.03,40.28,29,72,60.0,20.0,4.0,2.0,200.0
652,-273.91,0.987,36.96,2090.2,38.89,28,72,60.0,20.0,4.0,2.0,250.0
678,-222.88,0.99,36.58,1769.3,36.11,26,72,60.0,20.0,4.0,2.0,300.0
