total_trades,net_profit,pf,win_rate,max_dd,mcr,pos_months,total_months,momentum,sweep_mult,rmi_ob,rmi_os,profit_lock,trend_tp,trend_sl
188,-2350.52,0.669,15.96,2729.4,23.61,17,72,4,0.8,75.0,25.0,200.0,3.5,1.8
220,-2738.81,0.662,14.55,3519.02,18.06,13,72,3,0.8,70.0,30.0,200.0,3.5,1.8
185,-2390.43,0.658,15.68,2769.31,23.61,17,72,4,0.8,75.0,25.0,150.0,3.5,1.8
217,-2807.3,0.648,14.29,3451.27,18.06,13,72,3,0.8,70.0,30.0,150.0,3.5,1.8
240,-3131.95,0.623,15.0,3333.43,20.83,15,72,5,0.8,75.0,25.0,200.0,3.5,1.8
184,-2678.68,0.603,17.93,3163.11,22.22,16,72,4,0.8,75.0,25.0,150.0,2.5,1.8
236,-3128.8,0.603,17.37,3262.43,27.78,20,72,5,0.8,75.0,25.0,150.0,2.5,1.8
192,-2843.36,0.6,17.71,3438.65,20.83,15,72,4,0.8,75.0,25.0,200.0,2.5,1.8
235,-3310.94,0.594,14.47,3512.43,20.83,15,72,5,0.8,75.0,25.0,150.0,3.5,1.8
190,-2936.29,0.59,16.32,3178.05,22.22,16,72,4,0.8,75.0,25.0,200.0,3.0,1.8
185,-2863.66,0.588,16.22,3105.42,22.22,16,72,4,0.8,75.0,25.0,150.0,3.0,1.8
200,-2706.19,0.584,17.0,3345.7,22.22,16,72,4,0.8,75.0,25.0,200.0,2.5,1.5
263,-3424.99,0.583,16.73,3804.82,26.39,19,72,5,0.8,75.0,25.0,200.0,2.5,1.5
109,-1973.61,0.577,16.51,2078.57,19.44,14,72,3,0.8,75.0,25.0,150.0,3.5,1.8
247,-3187.1,0.577,16.6,3624.3,26.39,19,72,5,0.8,75.0,25.0,150.0,2.5,1.5
221,-3426.36,0.576,14.93,3901.6,16.67,12,72,3,0.8,70.0,30.0,150.0,3.0,1.8
228,-3614.56,0.572,14.91,4092.58,15.28,11,72,3,0.8,70.0,30.0,200.0,3.0,1.8
194,-2748.76,0.57,15.46,3370.09,22.22,16,72,4,0.8,75.0,25.0,150.0,3.0,1.5
110,-2049.74,0.568,16.36,2154.7,19.44,14,72,3,0.8,75.0,25.0,200.0,3.5,1.8
244,-3253.24,0.567,14.34,3482.23,25.0,18,72,5,0.8,75.0,25.0,150.0,3.0,1.5
260,-3967.8,0.56,16.54,4101.43,25.0,18,72,5,0.8,75.0,25.0,200.0,2.5,1.8
197,-2861.7,0.552,16.75,3558.58,22.22,16,72,4,0.8,75.0,25.0,150.0,2.5,1.5
200,-3051.46,0.544,15.0,3672.79,20.83,15,72,4,0.8,75.0,25.0,200.0,3.0,1.5
226,-3710.3,0.543,15.93,4016.82,16.67,12,72,3,0.8,70.0,30.0,200.0,2.5,1.8
244,-3882.18,0.541,15.16,3946.55,22.22,16,72,5,0.8,75.0,25.0,200.0,3.0,1.8
222,-3720.19,0.531,15.77,4026.7,18.06,13,72,3,0.8,70.0,30.0,150.0,2.5,1.8
234,-3818.8,0.53,14.96,3883.18,22.22,16,72,5,0.8,75.0,25.0,150.0,3.0,1.8
198,-3167.43,0.528,13.64,3451.15,22.22,16,72,4,0.8,75.0,25.0,150.0,3.5,1.5
371,-4909.83,0.526,12.4,4886.38,18.06,13,72,4,0.4,75.0,25.0,150.0,3.5,1.8
261,-3970.14,0.523,13.79,4152.32,22.22,16,72,5,0.8,75.0,25.0,200.0,3.0,1.5
200,-3255.34,0.521,13.5,3539.06,22.22,16,72,4,0.8,75.0,25.0,200.0,3.5,1.5
388,-5383.65,0.518,12.37,5360.2,15.28,11,72,4,0.4,75.0,25.0,200.0,3.5,1.8
225,-3683.55,0.516,12.89,4194.75,15.28,11,72,3,0.8,70.0,30.0,150.0,3.5,1.5
309,-4834.92,0.516,11.65,4959.13,18.06,13,72,4,0.8,70.0,30.0,150.0,3.5,1.8
317,-5009.43,0.516,11.67,5133.65,16.67,12,72,4,0.8,70.0,30.0,200.0,3.5,1.8
222,-3557.28,0.514,13.96,3951.55,15.28,11,72,3,0.8,70.0,30.0,150.0,3.0,1.5
377,-5781.13,0.51,11.94,5746.48,18.06,13,72,5,0.8,70.0,30.0,200.0,3.5,1.8
228,-3842.03,0.506,12.72,4353.23,15.28,11,72,3,0.8,70.0,30.0,200.0,3.5,1.5
333,-5408.85,0.503,14.71,5499.47,19.44,14,72,4,0.8,70.0,30.0,200.0,2.5,1.8
371,-5762.6,0.503,11.86,5727.94,18.06,13,72,5,0.8,70.0,30.0,150.0,3.5,1.8
270,-4373.65,0.498,12.22,4458.56,15.28,11,72,4,0.6,75.0,25.0,150.0,3.5,1.8
339,-4984.59,0.496,15.34,5399.25,19.44,14,72,4,0.8,70.0,30.0,200.0,2.5,1.5
276,-4601.43,0.495,12.32,4686.34,13.89,10,72,4,0.6,75.0,25.0,200.0,3.5,1.8
228,-3884.59,0.492,13.6,4278.87,12.5,9,72,3,0.8,70.0,30.0,200.0,3.0,1.5
315,-5134.96,0.492,14.6,5225.57,20.83,15,72,4,0.8,70.0,30.0,150.0,2.5,1.8
114,-2170.19,0.49,17.54,2225.26,20.83,15,72,3,0.8,75.0,25.0,200.0,2.5,1.5
315,-4715.78,0.487,13.33,4837.02,19.44,14,72,4,0.8,70.0,30.0,150.0,3.0,1.5
733,-7625.91,0.487,11.87,7878.31,12.5,9,72,5,0.4,70.0,30.0,200.0,3.5,1.5
110,-2441.27,0.485,16.36,2527.42,19.44,14,72,3,0.8,75.0,25.0,150.0,3.0,1.8
380,-6022.72,0.482,13.95,6082.7,20.83,15,72,5,0.8,70.0,30.0,150.0,2.5,1.8
325,-4830.19,0.481,15.08,5231.42,19.44,14,72,4,0.8,70.0,30.0,150.0,2.5,1.5
500,-6753.97,0.481,10.6,6846.5,19.44,14,72,5,0.4,75.0,25.0,150.0,3.5,1.8
231,-3967.09,0.48,15.15,4191.02,15.28,11,72,3,0.8,70.0,30.0,200.0,2.5,1.5
408,-5804.9,0.477,14.71,5996.49,18.06,13,72,5,0.8,70.0,30.0,200.0,2.5,1.5
381,-5395.58,0.476,13.12,5509.77,20.83,15,72,5,0.8,70.0,30.0,150.0,3.0,1.5
112,-2545.53,0.475,16.07,2631.67,19.44,14,72,3,0.8,75.0,25.0,200.0,3.0,1.8
320,-5490.46,0.475,12.5,5452.42,18.06,13,72,4,0.8,70.0,30.0,200.0,3.0,1.8
336,-5287.66,0.474,13.1,5408.9,16.67,12,72,4,0.8,70.0,30.0,200.0,3.0,1.5
254,-4237.71,0.473,11.81,4372.57,18.06,13,72,5,0.8,75.0,25.0,200.0,3.5,1.5
729,-7553.13,0.473,13.17,7711.09,15.28,11,72,5,0.4,70.0,30.0,150.0,3.0,1.5
110,-2209.65,0.472,15.45,2280.41,20.83,15,72,3,0.8,75.0,25.0,150.0,3.0,1.5
309,-5269.87,0.471,12.3,5231.84,19.44,14,72,4,0.8,70.0,30.0,150.0,3.0,1.8
110,-2300.05,0.469,14.55,2386.48,19.44,14,72,3,0.8,75.0,25.0,150.0,3.5,1.5
517,-7233.55,0.469,10.44,7326.08,16.67,12,72,5,0.4,75.0,25.0,200.0,3.5,1.8
248,-4191.32,0.468,11.69,4326.18,18.06,13,72,5,0.8,75.0,25.0,150.0,3.5,1.5
110,-2480.8,0.465,17.27,2548.13,18.06,13,72,3,0.8,75.0,25.0,150.0,2.5,1.8
387,-5799.77,0.463,14.47,5893.28,16.67,12,72,4,0.4,75.0,25.0,150.0,2.5,1.8
112,-2297.56,0.462,15.18,2368.32,20.83,15,72,3,0.8,75.0,25.0,200.0,3.0,1.5
384,-6482.97,0.462,12.5,6429.5,18.06,13,72,5,0.8,70.0,30.0,200.0,3.0,1.8
402,-6881.44,0.462,13.68,6941.43,18.06,13,72,5,0.8,70.0,30.0,200.0,2.5,1.8
404,-6056.46,0.461,12.87,6170.65,18.06,13,72,5,0.8,70.0,30.0,200.0,3.0,1.5
112,-2387.96,0.46,14.29,2474.4,19.44,14,72,3,0.8,75.0,25.0,200.0,3.5,1.5
539,-7878.95,0.458,10.39,7829.46,15.28,11,72,5,0.6,70.0,30.0,200.0,3.5,1.8
112,-2585.06,0.454,16.96,2652.39,18.06,13,72,3,0.8,75.0,25.0,200.0,2.5,1.8
372,-6233.04,0.454,11.29,6208.08,15.28,11,72,5,0.6,75.0,25.0,200.0,3.5,1.8
394,-5766.22,0.452,14.21,6094.9,18.06,13,72,5,0.8,70.0,30.0,150.0,2.5,1.5
268,-4106.36,0.451,14.55,4478.19,13.89,10,72,4,0.6,75.0,25.0,200.0,2.5,1.5
492,-7305.22,0.451,11.18,7590.86,11.11,8,72,3,0.4,70.0,30.0,200.0,3.5,1.8
767,-8584.04,0.451,12.91,8742.0,11.11,8,72,5,0.4,70.0,30.0,200.0,3.0,1.5
163,-3102.13,0.45,16.56,3282.3,22.22,16,72,3,0.6,75.0,25.0,200.0,2.5,1.5
272,-4749.99,0.45,14.71,4874.02,18.06,13,72,4,0.6,75.0,25.0,150.0,2.5,1.8
283,-5008.92,0.449,14.49,5132.96,15.28,11,72,4,0.6,75.0,25.0,200.0,2.5,1.8
391,-5933.31,0.449,11.51,5901.59,16.67,12,72,5,0.8,70.0,30.0,200.0,3.5,1.5
362,-5937.5,0.449,13.54,5994.9,22.22,16,72,5,0.6,75.0,25.0,150.0,2.5,1.8
507,-6293.89,0.449,12.03,6333.03,15.28,11,72,5,0.4,75.0,25.0,150.0,3.0,1.5
158,-3532.41,0.447,13.92,3665.66,16.67,12,72,3,0.6,75.0,25.0,150.0,3.5,1.8
372,-6385.25,0.446,12.1,6331.78,19.44,14,72,5,0.8,70.0,30.0,150.0,3.0,1.8
361,-5257.08,0.443,13.3,5572.22,18.06,13,72,5,0.6,75.0,25.0,150.0,2.5,1.5
160,-3636.63,0.44,13.75,3769.88,16.67,12,72,3,0.6,75.0,25.0,200.0,3.5,1.8
256,-4051.82,0.44,12.89,4247.74,13.89,10,72,4,0.6,75.0,25.0,150.0,3.0,1.5
360,-6172.6,0.44,11.11,6147.65,16.67,12,72,5,0.6,75.0,25.0,150.0,3.5,1.8
717,-8134.79,0.44,11.3,8154.35,12.5,9,72,5,0.4,70.0,30.0,150.0,3.5,1.5
323,-5351.69,0.438,10.84,5421.13,13.89,10,72,4,0.8,70.0,30.0,150.0,3.5,1.5
323,-5351.69,0.438,10.84,5421.13,13.89,10,72,4,0.8,70.0,30.0,200.0,3.5,1.5
480,-7136.65,0.438,11.04,7237.53,12.5,9,72,3,0.4,70.0,30.0,150.0,3.5,1.8
228,-4273.96,0.436,14.47,4497.89,15.28,11,72,3,0.8,70.0,30.0,150.0,2.5,1.5
360,-5050.28,0.435,13.33,5160.79,11.11,8,72,4,0.4,75.0,25.0,150.0,3.0,1.5
386,-5991.41,0.435,11.4,5959.7,16.67,12,72,5,0.8,70.0,30.0,150.0,3.5,1.5
498,-7429.11,0.435,12.25,7385.9,9.72,7,72,3,0.4,70.0,30.0,200.0,3.0,1.8
504,-6457.26,0.434,10.52,6532.69,13.89,10,72,5,0.4,75.0,25.0,150.0,3.5,1.5
482,-7400.5,0.434,12.24,7515.7,16.67,12,72,4,0.6,70.0,30.0,200.0,2.5,1.8
160,-3188.32,0.433,14.37,3416.32,22.22,16,72,3,0.6,75.0,25.0,150.0,3.0,1.5
160,-3188.32,0.433,14.37,3416.32,22.22,16,72,3,0.6,75.0,25.0,200.0,3.0,1.5
393,-6885.42,0.433,13.23,6942.82,18.06,13,72,5,0.6,75.0,25.0,200.0,2.5,1.8
539,-7127.97,0.433,11.87,7167.11,11.11,8,72,5,0.4,75.0,25.0,200.0,3.0,1.5
112,-2383.07,0.432,16.96,2438.14,20.83,15,72,3,0.8,75.0,25.0,150.0,2.5,1.5
386,-6313.75,0.432,12.44,6271.49,11.11,8,72,4,0.4,75.0,25.0,150.0,3.0,1.8
457,-6810.59,0.432,12.04,6925.79,19.44,14,72,4,0.6,70.0,30.0,150.0,2.5,1.8
670,-7868.07,0.431,12.24,8126.7,11.11,8,72,4,0.4,70.0,30.0,150.0,3.0,1.5
672,-9246.56,0.431,11.31,9203.35,13.89,10,72,5,0.4,70.0,30.0,200.0,3.0,1.8
402,-6735.76,0.43,12.44,6693.5,8.33,6,72,4,0.4,75.0,25.0,200.0,3.0,1.8
377,-5757.51,0.429,13.26,6072.65,16.67,12,72,5,0.6,75.0,25.0,200.0,2.5,1.5
263,-4145.51,0.428,14.45,4574.72,13.89,10,72,4,0.6,75.0,25.0,150.0,2.5,1.5
671,-8178.73,0.428,10.43,8458.62,9.72,7,72,4,0.4,70.0,30.0,200.0,3.5,1.5
216,-4285.08,0.426,12.5,4353.74,16.67,12,72,3,0.4,75.0,25.0,150.0,3.5,1.8
282,-5273.83,0.426,12.77,5280.99,13.89,10,72,4,0.6,75.0,25.0,200.0,3.0,1.8
419,-7008.48,0.426,13.6,7101.99,9.72,7,72,4,0.4,75.0,25.0,200.0,2.5,1.8
489,-7273.88,0.426,12.88,7230.67,12.5,9,72,3,0.4,70.0,30.0,150.0,2.5,1.8
533,-8264.25,0.426,9.94,8214.75,15.28,11,72,5,0.6,70.0,30.0,150.0,3.5,1.8
438,-6544.07,0.425,10.5,6549.39,19.44,14,72,4,0.6,70.0,30.0,150.0,3.0,1.8
274,-5107.95,0.424,12.77,5115.11,15.28,11,72,4,0.6,75.0,25.0,150.0,3.0,1.8
523,-6813.99,0.424,13.19,7203.37,13.89,10,72,5,0.4,75.0,25.0,150.0,2.5,1.5
505,-7614.51,0.424,10.89,7647.13,18.06,13,72,5,0.4,75.0,25.0,150.0,3.0,1.8
533,-8162.55,0.424,11.07,8157.33,12.5,9,72,5,0.6,70.0,30.0,200.0,3.0,1.8
605,-8234.78,0.424,10.74,8239.76,11.11,8,72,4,0.4,70.0,30.0,150.0,3.5,1.8
698,-8468.46,0.423,12.18,8727.09,9.72,7,72,4,0.4,70.0,30.0,200.0,3.0,1.5
348,-5262.4,0.422,11.21,5354.92,16.67,12,72,5,0.6,75.0,25.0,150.0,3.0,1.5
666,-9182.46,0.422,10.21,9139.25,12.5,9,72,5,0.4,70.0,30.0,150.0,3.5,1.8
666,-9182.46,0.422,10.21,9139.25,12.5,9,72,5,0.4,70.0,30.0,200.0,3.5,1.8
529,-7852.04,0.421,12.48,7905.89,13.89,10,72,5,0.6,70.0,30.0,150.0,2.5,1.8
502,-7283.24,0.419,11.16,7502.61,9.72,7,72,3,0.4,70.0,30.0,200.0,3.5,1.5
523,-7988.74,0.419,12.24,7999.55,18.06,13,72,5,0.4,75.0,25.0,150.0,2.5,1.8
645,-7895.9,0.418,10.23,7909.88,12.5,9,72,4,0.4,70.0,30.0,150.0,3.5,1.5
483,-7352.56,0.416,12.01,7309.34,11.11,8,72,3,0.4,70.0,30.0,150.0,3.0,1.8
515,-7854.42,0.416,10.87,7849.21,15.28,11,72,5,0.6,70.0,30.0,150.0,3.0,1.8
386,-5689.83,0.415,13.99,6100.39,9.72,7,72,4,0.4,75.0,25.0,200.0,2.5,1.5
454,-7079.24,0.415,9.47,7169.3,13.89,10,72,4,0.6,70.0,30.0,200.0,3.5,1.8
773,-8762.02,0.415,13.71,8779.53,11.11,8,72,5,0.4,70.0,30.0,150.0,2.5,1.5
266,-4498.33,0.414,12.41,4694.25,11.11,8,72,4,0.6,75.0,25.0,200.0,3.0,1.5
345,-6409.06,0.414,11.88,6354.31,12.5,9,72,3,0.6,70.0,30.0,200.0,3.0,1.8
373,-6609.97,0.413,11.8,6581.12,16.67,12,72,5,0.6,75.0,25.0,200.0,3.0,1.8
461,-7214.94,0.413,10.2,7220.26,15.28,11,72,4,0.6,70.0,30.0,200.0,3.0,1.8
341,-6541.09,0.411,10.26,6505.14,8.33,6,72,3,0.6,70.0,30.0,200.0,3.5,1.8
160,-3253.42,0.41,16.25,3433.58,22.22,16,72,3,0.6,75.0,25.0,150.0,2.5,1.5
447,-6981.41,0.41,9.4,7071.48,15.28,11,72,4,0.6,70.0,30.0,150.0,3.5,1.8
523,-7122.85,0.41,10.13,7198.29,11.11,8,72,5,0.4,75.0,25.0,200.0,3.5,1.5
545,-7500.82,0.41,13.21,7890.2,11.11,8,72,5,0.4,75.0,25.0,200.0,2.5,1.5
651,-9330.11,0.41,10.6,9335.09,5.56,4,72,4,0.4,70.0,30.0,200.0,3.5,1.8
486,-7120.51,0.409,11.11,7198.24,12.5,9,72,3,0.4,70.0,30.0,150.0,3.5,1.5
657,-9373.53,0.408,10.81,9330.32,13.89,10,72,5,0.4,70.0,30.0,150.0,3.0,1.8
333,-6405.15,0.407,10.21,6369.21,9.72,7,72,3,0.6,70.0,30.0,150.0,3.5,1.8
507,-7948.91,0.407,12.62,7905.7,9.72,7,72,3,0.4,70.0,30.0,200.0,2.5,1.8
361,-6453.11,0.405,11.63,6424.26,18.06,13,72,5,0.6,75.0,25.0,150.0,3.0,1.8
331,-6230.04,0.404,11.78,6175.28,13.89,10,72,3,0.6,70.0,30.0,150.0,3.0,1.8
537,-8595.66,0.403,10.61,8628.28,12.5,9,72,5,0.4,75.0,25.0,200.0,3.0,1.8
225,-4743.59,0.402,12.0,4812.25,15.28,11,72,3,0.4,75.0,25.0,200.0,3.5,1.8
673,-8182.49,0.402,13.08,8580.06,11.11,8,72,4,0.4,70.0,30.0,150.0,2.5,1.5
559,-8878.43,0.401,12.34,8932.27,9.72,7,72,5,0.6,70.0,30.0,200.0,2.5,1.8
823,-9920.24,0.4,13.37,9937.75,5.56,4,72,5,0.4,70.0,30.0,200.0,2.5,1.5
346,-6504.38,0.399,12.43,6443.63,12.5,9,72,3,0.6,70.0,30.0,150.0,2.5,1.8
373,-6118.34,0.398,10.99,6210.85,13.89,10,72,5,0.6,75.0,25.0,200.0,3.0,1.5
623,-8999.29,0.398,11.08,8997.27,9.72,7,72,4,0.4,70.0,30.0,150.0,3.0,1.8
633,-9030.79,0.398,12.95,9099.31,11.11,8,72,4,0.4,70.0,30.0,150.0,2.5,1.8
678,-9752.06,0.397,12.68,9708.85,12.5,9,72,5,0.4,70.0,30.0,150.0,2.5,1.8
363,-5714.21,0.396,11.57,5678.82,9.72,7,72,4,0.4,75.0,25.0,150.0,3.5,1.5
381,-5728.99,0.396,13.91,6196.92,9.72,7,72,4,0.4,75.0,25.0,150.0,2.5,1.5
382,-5938.61,0.396,12.57,6049.13,5.56,4,72,4,0.4,75.0,25.0,200.0,3.0,1.5
663,-9808.17,0.396,12.97,9876.69,8.33,6,72,4,0.4,70.0,30.0,200.0,2.5,1.8
563,-9604.24,0.393,11.9,9615.05,9.72,7,72,5,0.4,75.0,25.0,200.0,2.5,1.8
159,-3912.86,0.392,14.47,4017.65,18.06,13,72,3,0.6,75.0,25.0,150.0,3.0,1.8
349,-6713.55,0.391,12.32,6652.8,11.11,8,72,3,0.6,70.0,30.0,200.0,2.5,1.8
160,-3940.95,0.39,14.37,4045.74,18.06,13,72,3,0.6,75.0,25.0,200.0,3.0,1.8
634,-9332.25,0.389,10.88,9330.23,8.33,6,72,4,0.4,70.0,30.0,200.0,3.0,1.8
707,-9105.01,0.388,13.01,9362.73,6.94,5,72,4,0.4,70.0,30.0,200.0,2.5,1.5
713,-10729.81,0.387,12.2,10686.6,8.33,6,72,5,0.4,70.0,30.0,200.0,2.5,1.8
260,-4650.28,0.386,10.77,4757.74,11.11,8,72,4,0.6,75.0,25.0,150.0,3.5,1.5
265,-4818.29,0.378,10.57,4925.75,11.11,8,72,4,0.6,75.0,25.0,200.0,3.5,1.5
433,-6064.33,0.378,10.85,6229.04,12.5,9,72,4,0.6,70.0,30.0,150.0,3.0,1.5
161,-3648.1,0.376,13.04,3923.93,19.44,14,72,3,0.6,75.0,25.0,150.0,3.5,1.5
162,-3672.02,0.375,12.96,3947.85,19.44,14,72,3,0.6,75.0,25.0,200.0,3.5,1.5
512,-7021.85,0.374,11.13,7139.95,11.11,8,72,5,0.6,70.0,30.0,150.0,3.0,1.5
379,-6302.87,0.373,11.08,6267.48,6.94,5,72,4,0.4,75.0,25.0,200.0,3.5,1.5
446,-6326.23,0.373,12.56,6747.68,12.5,9,72,4,0.6,70.0,30.0,150.0,2.5,1.5
463,-6787.01,0.37,12.74,7151.1,11.11,8,72,4,0.6,70.0,30.0,200.0,2.5,1.5
453,-6661.03,0.368,10.82,6825.75,9.72,7,72,4,0.6,70.0,30.0,200.0,3.0,1.5
160,-4017.73,0.367,15.0,4094.06,16.67,12,72,3,0.6,75.0,25.0,150.0,2.5,1.8
160,-4017.73,0.367,15.0,4094.06,16.67,12,72,3,0.6,75.0,25.0,200.0,2.5,1.8
516,-7844.35,0.361,13.18,7807.82,8.33,6,72,3,0.4,70.0,30.0,200.0,2.5,1.5
495,-7783.27,0.358,11.52,7746.75,8.33,6,72,3,0.4,70.0,30.0,150.0,3.0,1.5
223,-5065.51,0.356,12.56,5106.29,15.28,11,72,3,0.4,75.0,25.0,150.0,3.0,1.8
232,-5315.4,0.356,12.5,5356.18,13.89,10,72,3,0.4,75.0,25.0,200.0,3.0,1.8
542,-7947.19,0.356,10.89,8065.29,8.33,6,72,5,0.6,70.0,30.0,200.0,3.0,1.5
514,-8253.18,0.356,11.48,8216.65,5.56,4,72,3,0.4,70.0,30.0,200.0,3.0,1.5
226,-4773.41,0.353,11.5,4833.77,13.89,10,72,3,0.4,75.0,25.0,150.0,3.5,1.5
356,-6079.6,0.353,9.55,6055.57,12.5,9,72,5,0.6,75.0,25.0,150.0,3.5,1.5
238,-5070.83,0.351,11.34,5131.18,13.89,10,72,3,0.4,75.0,25.0,200.0,3.5,1.5
508,-7437.78,0.35,9.65,7470.29,8.33,6,72,5,0.6,70.0,30.0,150.0,3.5,1.5
508,-7437.78,0.35,9.65,7470.29,8.33,6,72,5,0.6,70.0,30.0,200.0,3.5,1.5
361,-6247.61,0.347,9.42,6223.58,11.11,8,72,5,0.6,75.0,25.0,200.0,3.5,1.5
504,-7739.06,0.347,13.1,7702.54,8.33,6,72,3,0.4,70.0,30.0,150.0,2.5,1.5
551,-8223.87,0.342,12.7,8281.79,6.94,5,72,5,0.6,70.0,30.0,200.0,2.5,1.5
240,-4969.01,0.341,13.75,4981.34,15.28,11,72,3,0.4,75.0,25.0,200.0,2.5,1.5
527,-7627.88,0.34,12.52,7685.79,9.72,7,72,5,0.6,70.0,30.0,150.0,2.5,1.5
428,-6371.37,0.335,8.88,6453.45,11.11,8,72,4,0.6,70.0,30.0,150.0,3.5,1.5
237,-5046.05,0.33,12.24,5082.4,13.89,10,72,3,0.4,75.0,25.0,200.0,3.0,1.5
229,-4871.55,0.327,12.23,4907.89,13.89,10,72,3,0.4,75.0,25.0,150.0,3.0,1.5
322,-5931.41,0.324,12.73,5880.27,6.94,5,72,3,0.6,70.0,30.0,200.0,2.5,1.5
235,-5591.74,0.323,12.77,5604.65,13.89,10,72,3,0.4,75.0,25.0,200.0,2.5,1.8
227,-5363.47,0.322,12.78,5376.38,13.89,10,72,3,0.4,75.0,25.0,150.0,2.5,1.8
441,-6777.07,0.321,8.62,6859.15,9.72,7,72,4,0.6,70.0,30.0,200.0,3.5,1.5
309,-5839.99,0.32,10.36,5807.32,8.33,6,72,3,0.6,70.0,30.0,150.0,3.5,1.5
319,-6019.17,0.317,10.97,5970.83,8.33,6,72,3,0.6,70.0,30.0,150.0,3.0,1.5
322,-6195.03,0.311,10.87,6146.68,6.94,5,72,3,0.6,70.0,30.0,200.0,3.0,1.5
237,-5120.29,0.31,13.5,5132.63,15.28,11,72,3,0.4,75.0,25.0,150.0,2.5,1.5
318,-6114.91,0.31,10.06,6082.24,6.94,5,72,3,0.6,70.0,30.0,200.0,3.5,1.5
318,-6027.69,0.299,12.58,5976.55,6.94,5,72,3,0.6,70.0,30.0,150.0,2.5,1.5
