bb_multiplier,session_mode,exit_mode,sl_atr_mult,tp_rr_mult,total_trades,net_profit,gross_profit,gross_loss,profit_factor,win_rate,max_drawdown,romad,sharpe,avg_holding_bars
2.0,24h,Midline_Touch,1.5,1.5,10316,-56847.87673339443,121465.00270996023,178312.87944336346,0.6811902936520101,49.37960449786739,57670.72629917458,-0.9857319368320158,-5.885637770976093,2.721791392012408
2.0,24h,Midline_Touch,1.5,2.0,10316,-56847.87673339443,121465.00270996023,178312.87944336346,0.6811902936520101,49.37960449786739,57670.72629917458,-0.9857319368320158,-5.885637770976093,2.721791392012408
2.0,24h,Midline_Touch,1.5,3.0,10316,-56847.87673339443,121465.00270996023,178312.87944336346,0.6811902936520101,49.37960449786739,57670.72629917458,-0.9857319368320158,-5.885637770976093,2.721791392012408
2.0,24h,Midline_Touch,2.0,1.5,9815,-54028.48175048439,121275.1225097649,175303.6042602585,0.6918005081613607,53.458991339786046,54668.993148366055,-0.9882838266996543,-5.144533845779717,3.3516046867040243
2.0,24h,Midline_Touch,2.0,2.0,9815,-54028.48175048439,121275.1225097649,175303.6042602585,0.6918005081613607,53.458991339786046,54668.993148366055,-0.9882838266996543,-5.144533845779717,3.3516046867040243
2.0,24h,Midline_Touch,2.0,3.0,9815,-54028.48175048439,121275.1225097649,175303.6042602585,0.6918005081613607,53.458991339786046,54668.993148366055,-0.9882838266996543,-5.144533845779717,3.3516046867040243
2.0,24h,Midline_Touch,2.5,1.5,9370,-47800.93972342036,116888.1622192376,164689.10194266684,0.7097504378882935,55.47491995731056,48722.123308453694,-0.9810931149449001,-4.426936193674715,3.851334044823906
2.0,24h,Midline_Touch,2.5,2.0,9370,-47800.93972342036,116888.1622192376,164689.10194266684,0.7097504378882935,55.47491995731056,48722.123308453694,-0.9810931149449001,-4.426936193674715,3.851334044823906
2.0,24h,Midline_Touch,2.5,3.0,9370,-47800.93972342036,116888.1622192376,164689.10194266684,0.7097504378882935,55.47491995731056,48722.123308453694,-0.9810931149449001,-4.426936193674715,3.851334044823906
2.0,24h,1.5R_Fixed,1.5,1.5,7476,-38807.62828543527,193031.80246407606,231839.43074951286,0.8326098879730003,37.85446762974853,39863.42628784221,-0.9735146197724368,-2.846320195247277,9.657838416265383
2.0,24h,2.0R_Fixed,1.5,2.0,6354,-35510.14836948982,187520.09123535096,223030.23960484192,0.8407832568695315,31.680830972615677,36049.38863874183,-0.9850416251255785,-2.416349105327683,13.249921309411395
2.0,24h,3.0R_Fixed,1.5,3.0,4836,-31822.671384975325,162607.81678641165,194430.48817138773,0.8363287996431669,23.325062034739457,33836.47127162403,-0.9404843409798018,-2.027694150845908,20.04383788254756
2.0,24h,1.5R_Fixed,2.0,1.5,5208,-36536.863337053954,189527.3443080351,226064.20764509006,0.8383783805598448,37.826420890937015,36864.48090122777,-0.9911129207257356,-2.2895145582201994,18.37173579109063
2.0,24h,2.0R_Fixed,2.0,2.0,4161,-34867.62399553596,169450.9620326452,204318.58602818163,0.8293467830149963,30.95409757269887,35560.75611746662,-0.9805085100091501,-2.1065544205384037,25.06368661379476
2.0,24h,3.0R_Fixed,2.0,3.0,2993,-21538.229373605092,144289.57004045768,165827.799414063,0.8701168956609892,23.52155028399599,26958.7337332589,-0.7989332728574506,-1.2151250867568983,37.814567323755426
2.0,24h,1.5R_Fixed,2.5,1.5,3552,-32744.45378417998,168088.59741036527,200833.05119454567,0.8369568475436792,37.55630630630631,33202.66921386728,-0.9861994399686419,-1.9237819688687297,30.88963963963964
2.0,24h,2.0R_Fixed,2.5,2.0,2788,-24687.55180489689,152530.06720842625,177217.61901332336,0.860693581471484,31.025824964131992,28380.69355468743,-0.8698713355022796,-1.3839388124972078,41.37589670014347
2.0,24h,3.0R_Fixed,2.5,3.0,2001,-15040.54681222095,128078.80457763663,143119.35138985777,0.8949090624981201,23.838080959520237,21253.074166434155,-0.7076880593573186,-0.7973505601111173,60.885557221389305
2.0,Quiet_Asian,Midline_Touch,1.5,1.5,3331,-14940.47516566703,31656.234362793,46596.709528459716,0.6793663046842058,48.123686580606424,15697.0922276089,-0.9517989031999767,-3.1389738292119884,2.6514560192134495
2.0,Quiet_Asian,Midline_Touch,1.5,2.0,3331,-14940.47516566703,31656.234362793,46596.709528459716,0.6793663046842058,48.123686580606424,15697.0922276089,-0.9517989031999767,-3.1389738292119884,2.6514560192134495
2.0,Quiet_Asian,Midline_Touch,1.5,3.0,3331,-14940.47516566703,31656.234362793,46596.709528459716,0.6793663046842058,48.123686580606424,15697.0922276089,-0.9517989031999767,-3.1389738292119884,2.6514560192134495
2.0,Quiet_Asian,Midline_Touch,2.0,1.5,3185,-14856.644487653552,31741.696191406285,46598.34067905948,0.6811765339462071,52.087912087912095,15671.123092215435,-0.9480267878843684,-2.8564051257132563,3.25149136577708
2.0,Quiet_Asian,Midline_Touch,2.0,2.0,3185,-14856.644487653552,31741.696191406285,46598.34067905948,0.6811765339462071,52.087912087912095,15671.123092215435,-0.9480267878843684,-2.8564051257132563,3.25149136577708
2.0,Quiet_Asian,Midline_Touch,2.0,3.0,3185,-14856.644487653552,31741.696191406285,46598.34067905948,0.6811765339462071,52.087912087912095,15671.123092215435,-0.9480267878843684,-2.8564051257132563,3.25149136577708
2.0,Quiet_Asian,Midline_Touch,2.5,1.5,3066,-13487.82041538798,30366.781213378945,43854.60162876652,0.6924422999081535,53.78343118069145,14746.456994629001,-0.9146482046704882,-2.5737045906704736,3.73972602739726
2.0,Quiet_Asian,Midline_Touch,2.5,2.0,3066,-13487.82041538798,30366.781213378945,43854.60162876652,0.6924422999081535,53.78343118069145,14746.456994629001,-0.9146482046704882,-2.5737045906704736,3.73972602739726
2.0,Quiet_Asian,Midline_Touch,2.5,3.0,3066,-13487.82041538798,30366.781213378945,43854.60162876652,0.6924422999081535,53.78343118069145,14746.456994629001,-0.9146482046704882,-2.5737045906704736,3.73972602739726
2.0,Quiet_Asian,1.5R_Fixed,1.5,1.5,2965,-11924.998360770245,56066.42445068366,67991.42281145374,0.8246102542398743,38.51602023608769,12697.218185860913,-0.9391819677517569,-1.756134067497643,6.690725126475548
2.0,Quiet_Asian,2.0R_Fixed,1.5,2.0,2828,-9453.061640276652,61795.99138532361,71249.0530256,0.8673236872793259,32.70862800565771,10864.339772252044,-0.8700999635909904,-1.2309027810263475,8.537835926449787
2.0,Quiet_Asian,3.0R_Fixed,1.5,3.0,2607,-9059.499595424248,64757.89512416298,73817.39471958717,0.87727148011876,25.124664365170695,11369.34978724936,-0.7968353305115484,-1.0354768265061713,12.001534330648255
2.0,Quiet_Asian,1.5R_Fixed,2.0,1.5,2563,-8772.875945173144,67778.90583496094,76551.78178013372,0.885399454576125,39.68006242684354,10521.95654994448,-0.8337685014693808,-1.031410205296588,11.291065158017947
2.0,Quiet_Asian,2.0R_Fixed,2.0,2.0,2409,-5334.662869698531,73528.23323800229,78862.89610770071,0.9323552249157444,33.74844333748443,8065.207979910991,-0.6614414511053198,-0.5546450590278426,14.466168534661685
2.0,Quiet_Asian,3.0R_Fixed,2.0,3.0,2184,-3317.7925781247827,76045.07344447543,79362.8660226003,0.9581946476431427,25.457875457875456,7687.458900669747,-0.43158508175383287,-0.29936801967830645,19.943681318681318
2.0,Quiet_Asian,1.5R_Fixed,2.5,1.5,2245,-6291.993743896651,75504.15623692102,81796.14998081753,0.9230771406065923,39.643652561247215,8966.78112880197,-0.7017003820564214,-0.6334934590724813,16.788864142538976
2.0,Quiet_Asian,2.0R_Fixed,2.5,2.0,2081,-3867.6018572125,79204.59182128916,83072.19367850172,0.9534428827992601,33.34935127342624,10812.794648088891,-0.35768753435968376,-0.35461349026952593,21.09802979336857
2.0,Quiet_Asian,3.0R_Fixed,2.5,3.0,1890,995.7607857840843,84216.12659040181,83220.36580461779,1.0119653497813483,25.767195767195766,7590.586539132228,0.13118364182406408,0.07668501336854615,28.28095238095238
2.3,24h,Midline_Touch,1.5,1.5,6763,-38701.37066999089,86492.92353515774,125194.29420514886,0.6908695327075101,48.972349549016705,39819.979553222765,-0.9719083511397397,-4.66369183235774,2.690374094336833
2.3,24h,Midline_Touch,1.5,2.0,6763,-38701.37066999089,86492.92353515774,125194.29420514886,0.6908695327075101,48.972349549016705,39819.979553222765,-0.9719083511397397,-4.66369183235774,2.690374094336833
2.3,24h,Midline_Touch,1.5,3.0,6763,-38701.37066999089,86492.92353515774,125194.29420514886,0.6908695327075101,48.972349549016705,39819.979553222765,-0.9719083511397397,-4.66369183235774,2.690374094336833
2.3,24h,Midline_Touch,2.0,1.5,6546,-36260.61048932716,89402.20961914216,125662.82010846907,0.7114451954999288,53.91078521234341,37462.52568010602,-0.9679168670836009,-4.015879755623975,3.38955087076077
2.3,24h,Midline_Touch,2.0,2.0,6546,-36260.61048932716,89402.20961914216,125662.82010846907,0.7114451954999288,53.91078521234341,37462.52568010602,-0.9679168670836009,-4.015879755623975,3.38955087076077
2.3,24h,Midline_Touch,2.0,3.0,6546,-36260.61048932716,89402.20961914216,125662.82010846907,0.7114451954999288,53.91078521234341,37462.52568010602,-0.9679168670836009,-4.015879755623975,3.38955087076077
2.3,24h,Midline_Touch,2.5,1.5,6348,-32650.48500627759,88624.60213623202,121275.08714250952,0.7307733535749997,56.45872715816005,34298.45128173827,-0.951952166530093,-3.4696971309674334,3.969439193446755
2.3,24h,Midline_Touch,2.5,2.0,6348,-32650.48500627759,88624.60213623202,121275.08714250952,0.7307733535749997,56.45872715816005,34298.45128173827,-0.951952166530093,-3.4696971309674334,3.969439193446755
2.3,24h,Midline_Touch,2.5,3.0,6348,-32650.48500627759,88624.60213623202,121275.08714250952,0.7307733535749997,56.45872715816005,34298.45128173827,-0.951952166530093,-3.4696971309674334,3.969439193446755
2.3,24h,1.5R_Fixed,1.5,1.5,5610,-32562.271689279096,138315.3603158132,170877.63200509246,0.8094409940775112,37.20142602495544,34185.1805751257,-0.9525259525167614,-2.8513559750151423,8.624955436720143
2.3,24h,2.0R_Fixed,1.5,2.0,5069,-27784.653653390487,143632.7558454242,171417.40949881452,0.837912299954676,31.406589070822648,30487.01151820612,-0.9113603554352367,-2.198892521155311,11.615703294535411
2.3,24h,3.0R_Fixed,1.5,3.0,4164,-14642.961723981774,142589.50429164333,157232.466015625,0.9068706222382437,24.159462055715657,19273.963213239833,-0.7597275953044835,-1.0150455727582974,17.55979827089337
2.3,24h,1.5R_Fixed,2.0,1.5,4369,-26703.3255719867,153071.81786411846,179775.14343610496,0.8514626379287118,38.36118104829481,29455.782958984484,-0.9065562986110257,-1.9156159485515563,16.34401464866102
2.3,24h,2.0R_Fixed,2.0,2.0,3737,-14587.859005301234,153846.1107003348,168433.96970563635,0.9133912296266838,32.646507894032645,18215.517187500278,-0.8008479174728901,-0.9561726580263338,21.84961198822585
2.3,24h,3.0R_Fixed,2.0,3.0,2781,-1197.5343261720177,139331.06592494412,140528.6002511159,0.9914783586826322,25.31463502337289,8558.43861607189,-0.1399243927418219,-0.07124995975592428,34.45738942826321
2.3,24h,1.5R_Fixed,2.5,1.5,3308,-19995.48511962904,151016.9513654436,171012.43648507237,0.8830758421398541,37.96856106408706,25461.76390119269,-0.785314214569887,-1.2770355703880334,26.731257557436518
2.3,24h,2.0R_Fixed,2.5,2.0,2707,-1657.915994698567,151670.6051757812,153328.52117047997,0.9891871650359466,32.76690062800148,14786.94946289068,-0.1121202178217537,-0.09617626755456059,35.686368673808644
2.3,24h,3.0R_Fixed,2.5,3.0,1960,1863.204057965885,126237.33130405965,124374.12724609382,1.0149806402603267,24.642857142857146,10359.366303362216,0.17985695296450394,0.10149744913101148,54.74438775510204
2.3,Quiet_Asian,Midline_Touch,1.5,1.5,2117,-9152.391816057645,22461.959387207058,31614.35120326456,0.7104988251312775,47.52007557864903,10957.99514857712,-0.8352250290278757,-2.2522912083237534,2.7231931979215873
2.3,Quiet_Asian,Midline_Touch,1.5,2.0,2117,-9152.391816057645,22461.959387207058,31614.35120326456,0.7104988251312775,47.52007557864903,10957.99514857712,-0.8352250290278757,-2.2522912083237534,2.7231931979215873
2.3,Quiet_Asian,Midline_Touch,1.5,3.0,2117,-9152.391816057645,22461.959387207058,31614.35120326456,0.7104988251312775,47.52007557864903,10957.99514857712,-0.8352250290278757,-2.2522912083237534,2.7231931979215873
2.3,Quiet_Asian,Midline_Touch,2.0,1.5,2054,-9363.002225167482,23009.112670898456,32372.11489606578,0.710769523238495,52.093476144109054,11117.159150041938,-0.8422117646064428,-2.107302444599648,3.4036027263875366
2.3,Quiet_Asian,Midline_Touch,2.0,2.0,2054,-9363.002225167482,23009.112670898456,32372.11489606578,0.710769523238495,52.093476144109054,11117.159150041938,-0.8422117646064428,-2.107302444599648,3.4036027263875366
2.3,Quiet_Asian,Midline_Touch,2.0,3.0,2054,-9363.002225167482,23009.112670898456,32372.11489606578,0.710769523238495,52.093476144109054,11117.159150041938,-0.8422117646064428,-2.107302444599648,3.4036027263875366
2.3,Quiet_Asian,Midline_Touch,2.5,1.5,1997,-8533.024942452683,22710.625292968773,31243.650235421283,0.7268877074811662,54.2313470205308,10450.56911097946,-0.8165129431552021,-1.8510830872198838,3.9659489233850778
2.3,Quiet_Asian,Midline_Touch,2.5,2.0,1997,-8533.024942452683,22710.625292968773,31243.650235421283,0.7268877074811662,54.2313470205308,10450.56911097946,-0.8165129431552021,-1.8510830872198838,3.9659489233850778
2.3,Quiet_Asian,Midline_Touch,2.5,3.0,1997,-8533.024942452683,22710.625292968773,31243.650235421283,0.7268877074811662,54.2313470205308,10450.56911097946,-0.8165129431552021,-1.8510830872198838,3.9659489233850778
2.3,Quiet_Asian,1.5R_Fixed,1.5,1.5,2000,-8240.531180245707,37953.282055664014,46193.81323590972,0.8216096355119746,37.1,10262.4347499304,-0.8029801290869688,-1.4620232873216623,6.3485
2.3,Quiet_Asian,2.0R_Fixed,1.5,2.0,1942,-7226.747851562816,42132.18052804126,49358.92837960394,0.8535878292173598,31.256436663233778,9558.116233607934,-0.7560849517766234,-1.1194823361722337,8.189495365602472
2.3,Quiet_Asian,3.0R_Fixed,1.5,3.0,1847,-5197.799260602956,47054.52215924943,52252.32141985227,0.9005250078970073,23.930698429886302,8919.45051967105,-0.5827488194636737,-0.6681478638422403,11.360043313481322
2.3,Quiet_Asian,1.5R_Fixed,2.0,1.5,1819,-6027.7731166294725,48261.52665318077,54289.2997698102,0.8889694075593618,38.702583837273224,8539.724515206664,-0.7058510032608,-0.8363513584631758,11.014843320505772
2.3,Quiet_Asian,2.0R_Fixed,2.0,2.0,1752,-998.9594866070224,55445.20605468751,56444.16554129455,0.9823018114090782,33.39041095890411,7970.828215680983,-0.12532693712326817,-0.1184080696335337,13.836187214611872
2.3,Quiet_Asian,3.0R_Fixed,2.0,3.0,1637,-1070.530601283328,58132.98699079241,59203.51759207578,0.9819177872392727,25.045815516188146,6466.610867745635,-0.16554739772930427,-0.10984447784360979,18.922419059254736
2.3,Quiet_Asian,1.5R_Fixed,2.5,1.5,1662,-3587.927953229592,56512.966745431084,60100.89469866068,0.9403015883337664,39.59085439229844,7131.247466169299,-0.5031276744006927,-0.4162186131322594,16.30746089049338
2.3,Quiet_Asian,2.0R_Fixed,2.5,2.0,1585,-3024.048880440782,60782.6437430246,63806.69262346537,0.9526060863507497,32.99684542586751,7068.784118652473,-0.4278032586199928,-0.3105620679466735,20.11735015772871
2.3,Quiet_Asian,3.0R_Fixed,2.5,3.0,1475,2372.5421142580067,67155.7308419365,64783.18872767856,1.0366228054045181,25.694915254237287,5343.342674037311,0.44401833440065835,0.20225666230843461,27.488813559322033
2.6,24h,Midline_Touch,1.5,1.5,3949,-23506.174605887336,52383.681420898836,75889.85602678554,0.6902593332422434,47.96150924284629,24006.066887556175,-0.9791764188606854,-3.5140074373714407,2.554317548746518
2.6,24h,Midline_Touch,1.5,2.0,3949,-23506.174605887336,52383.681420898836,75889.85602678554,0.6902593332422434,47.96150924284629,24006.066887556175,-0.9791764188606854,-3.5140074373714407,2.554317548746518
2.6,24h,Midline_Touch,1.5,3.0,3949,-23506.174605887336,52383.681420898836,75889.85602678554,0.6902593332422434,47.96150924284629,24006.066887556175,-0.9791764188606854,-3.5140074373714407,2.554317548746518
2.6,24h,Midline_Touch,2.0,1.5,3879,-22585.723372977092,55384.12918701227,77969.8525599885,0.710327483874627,53.261149780871364,23166.418491908767,-0.9749337551190965,-3.0812481230392907,3.2467130703789637
2.6,24h,Midline_Touch,2.0,2.0,3879,-22585.723372977092,55384.12918701227,77969.8525599885,0.710327483874627,53.261149780871364,23166.418491908767,-0.9749337551190965,-3.0812481230392907,3.2467130703789637
2.6,24h,Midline_Touch,2.0,3.0,3879,-22585.723372977092,55384.12918701227,77969.8525599885,0.710327483874627,53.261149780871364,23166.418491908767,-0.9749337551190965,-3.0812481230392907,3.2467130703789637
2.6,24h,Midline_Touch,2.5,1.5,3816,-20103.083040945836,56459.63558349674,76562.71862444165,0.7374298692349821,56.05345911949685,21107.153894043295,-0.9524298321726445,-2.6162658613002163,3.8582285115303985
2.6,24h,Midline_Touch,2.5,2.0,3816,-20103.083040945836,56459.63558349674,76562.71862444165,0.7374298692349821,56.05345911949685,21107.153894043295,-0.9524298321726445,-2.6162658613002163,3.8582285115303985
2.6,24h,Midline_Touch,2.5,3.0,3816,-20103.083040945836,56459.63558349674,76562.71862444165,0.7374298692349821,56.05345911949685,21107.153894043295,-0.9524298321726445,-2.6162658613002163,3.8582285115303985
2.6,24h,1.5R_Fixed,1.5,1.5,3542,-23645.652423095828,84404.3643406458,108050.01676374198,0.7811601225865716,36.70242800677583,25125.11812918559,-0.9411160696446159,-2.643773255046954,7.86815358554489
2.6,24h,2.0R_Fixed,1.5,2.0,3332,-20992.58418143134,90689.17999441961,111681.76417585136,0.8120321223760636,31.242496998799517,22861.220574079576,-0.918261739936715,-2.1084627887066993,10.807322929171669
2.6,24h,3.0R_Fixed,1.5,3.0,2954,-14666.104398018953,95797.5672101702,110463.67160818948,0.8672314238291896,23.899796885578876,17464.408136858387,-0.8397710522503392,-1.2551341683901256,16.274881516587676
2.6,24h,1.5R_Fixed,2.0,1.5,3059,-23015.696805245396,101038.54368024548,124054.24048549117,0.8144706967277148,37.85550833605754,24662.0675781252,-0.933242792086901,-2.0457596213750775,15.183720169990194
2.6,24h,2.0R_Fixed,2.0,2.0,2763,-13671.509891183043,107528.84328264497,121200.35317382819,0.887199091973146,32.464712269272525,16550.03243582599,-0.8260714862158345,-1.0940184255887049,20.087224031849438
2.6,24h,3.0R_Fixed,2.0,3.0,2220,-6450.6359514508895,104349.69293387266,110800.32888532366,0.9417814367850181,25.045045045045043,12607.168470982511,-0.5116641350750645,-0.450139247582406,32.027027027027025
2.6,24h,1.5R_Fixed,2.5,1.5,2509,-14574.822040666737,109981.58412737152,124556.40616803856,0.8829861707714639,38.142686329214825,18147.79164864683,-0.8031182153093261,-1.1103281360307846,24.735751295336787
2.6,24h,2.0R_Fixed,2.5,2.0,2175,-6673.912309919026,112564.78322753905,119238.69553745828,0.944028972475444,32.36781609195402,14527.062963867094,-0.45941236205273767,-0.45601695108702817,33.070344827586204
2.6,24h,3.0R_Fixed,2.5,3.0,1689,-3821.544487653434,100603.11585170204,104424.66033935561,0.9634038121337004,24.51154529307282,14066.083975655785,-0.2716850328966749,-0.24167894423721797,51.059206631142686
2.6,Quiet_Asian,Midline_Touch,1.5,1.5,1188,-5356.843491908522,13534.404187011698,18891.247678920252,0.7164378137985045,46.043771043771045,6463.751018415384,-0.8287515216237049,-1.5602745300248362,2.612794612794613
2.6,Quiet_Asian,Midline_Touch,1.5,2.0,1188,-5356.843491908522,13534.404187011698,18891.247678920252,0.7164378137985045,46.043771043771045,6463.751018415384,-0.8287515216237049,-1.5602745300248362,2.612794612794613
2.6,Quiet_Asian,Midline_Touch,1.5,3.0,1188,-5356.843491908522,13534.404187011698,18891.247678920252,0.7164378137985045,46.043771043771045,6463.751018415384,-0.8287515216237049,-1.5602745300248362,2.612794612794613
2.6,Quiet_Asian,Midline_Touch,2.0,1.5,1168,-5649.481413922939,14002.943701171838,19652.425115094837,0.7125300627868218,51.02739726027398,6740.5206211636605,-0.838137249544922,-1.520272799317107,3.327054794520548
2.6,Quiet_Asian,Midline_Touch,2.0,2.0,1168,-5649.481413922939,14002.943701171838,19652.425115094837,0.7125300627868218,51.02739726027398,6740.5206211636605,-0.838137249544922,-1.520272799317107,3.327054794520548
2.6,Quiet_Asian,Midline_Touch,2.0,3.0,1168,-5649.481413922939,14002.943701171838,19652.425115094837,0.7125300627868218,51.02739726027398,6740.5206211636605,-0.838137249544922,-1.520272799317107,3.327054794520548
2.6,Quiet_Asian,Midline_Touch,2.5,1.5,1155,-4744.696515764469,14330.372387695266,19075.068903459814,0.7512618937432011,53.85281385281385,6264.702936663096,-0.7573697530008884,-1.2349766114048575,4.002597402597402
2.6,Quiet_Asian,Midline_Touch,2.5,2.0,1155,-4744.696515764469,14330.372387695266,19075.068903459814,0.7512618937432011,53.85281385281385,6264.702936663096,-0.7573697530008884,-1.2349766114048575,4.002597402597402
2.6,Quiet_Asian,Midline_Touch,2.5,3.0,1155,-4744.696515764469,14330.372387695266,19075.068903459814,0.7512618937432011,53.85281385281385,6264.702936663096,-0.7573697530008884,-1.2349766114048575,4.002597402597402
2.6,Quiet_Asian,1.5R_Fixed,1.5,1.5,1148,-4542.774979945643,22296.34657941546,26839.12155936109,0.8307405490191546,36.58536585365854,6716.316782924365,-0.6763789033142753,-1.0279621201313922,5.879790940766551
2.6,Quiet_Asian,2.0R_Fixed,1.5,2.0,1136,-4520.578445870616,24783.475666155136,29304.05411202574,0.8457353911308996,30.897887323943664,6470.00523681667,-0.698697803233124,-0.9015957386567398,7.517605633802817
2.6,Quiet_Asian,3.0R_Fixed,1.5,3.0,1105,-4284.101030622246,27578.339590890042,31862.44062151236,0.8655438520384453,23.076923076923077,7052.119881766442,-0.6074912370249084,-0.6973830905915577,10.292307692307693
2.6,Quiet_Asian,1.5R_Fixed,2.0,1.5,1097,-3923.8258719307196,28997.87375837051,32921.69963030133,0.8808133870366976,38.55970829535096,6673.959605189893,-0.587930719400732,-0.7003603660391265,10.363719234275296
2.6,Quiet_Asian,2.0R_Fixed,2.0,2.0,1079,-1407.4310407364983,33656.436132812465,35063.86717354914,0.9598609293786515,32.53012048192771,5604.180573381791,-0.2511394881566418,-0.21295399203983942,13.177942539388322
2.6,Quiet_Asian,3.0R_Fixed,2.0,3.0,1024,-1060.7239397320595,36166.39552873882,37227.119468471035,0.9715066877352524,25.09765625,7002.576841517904,-0.1514762299276866,-0.13462524639948228,18.4697265625
2.6,Quiet_Asian,1.5R_Fixed,2.5,1.5,1047,-2639.9105974469417,35571.45052315845,38211.36112060547,0.9309129400254876,38.96848137535817,6175.42288992754,-0.4274866101482351,-0.38306482285526183,15.630372492836676
2.6,Quiet_Asian,2.0R_Fixed,2.5,2.0,1012,-2187.3305716377718,38607.026123046875,40794.35669468469,0.9463815402701812,33.10276679841897,7158.099712262864,-0.30557419700239113,-0.2792454998419691,19.492094861660078
2.6,Quiet_Asian,3.0R_Fixed,2.5,3.0,963,2103.546827915883,44182.430902971566,42078.884075055794,1.0499905564074297,26.687435098650052,4224.405899483734,0.49795092563736787,0.22448383902305888,27.96157840083074
3.0,24h,Midline_Touch,1.5,1.5,1737,-9271.125694057147,23600.2659545898,32871.39164864674,0.7179576151459162,46.86240644789868,9709.25502406538,-0.9548750826997248,-2.0716565191156513,2.194012665515256
3.0,24h,Midline_Touch,1.5,2.0,1737,-9271.125694057147,23600.2659545898,32871.39164864674,0.7179576151459162,46.86240644789868,9709.25502406538,-0.9548750826997248,-2.0716565191156513,2.194012665515256
3.0,24h,Midline_Touch,1.5,3.0,1737,-9271.125694057147,23600.2659545898,32871.39164864674,0.7179576151459162,46.86240644789868,9709.25502406538,-0.9548750826997248,-2.0716565191156513,2.194012665515256
3.0,24h,Midline_Touch,2.0,1.5,1719,-8868.2315604076,25202.017382812457,34070.24894321981,0.7397074622147077,52.239674229203025,9292.943123953768,-0.9542974106393248,-1.7733390506805071,2.7934845840605003
3.0,24h,Midline_Touch,2.0,2.0,1719,-8868.2315604076,25202.017382812457,34070.24894321981,0.7397074622147077,52.239674229203025,9292.943123953768,-0.9542974106393248,-1.7733390506805071,2.7934845840605003
3.0,24h,Midline_Touch,2.0,3.0,1719,-8868.2315604076,25202.017382812457,34070.24894321981,0.7397074622147077,52.239674229203025,9292.943123953768,-0.9542974106393248,-1.7733390506805071,2.7934845840605003
3.0,24h,Midline_Touch,2.5,1.5,1700,-8386.82032993884,25683.01772460934,34069.83805454789,0.7538344527346817,55.23529411764706,8848.294107491714,-0.9478460173286791,-1.5634683073662121,3.3717647058823528
3.0,24h,Midline_Touch,2.5,2.0,1700,-8386.82032993884,25683.01772460934,34069.83805454789,0.7538344527346817,55.23529411764706,8848.294107491714,-0.9478460173286791,-1.5634683073662121,3.3717647058823528
3.0,24h,Midline_Touch,2.5,3.0,1700,-8386.82032993884,25683.01772460934,34069.83805454789,0.7538344527346817,55.23529411764706,8848.294107491714,-0.9478460173286791,-1.5634683073662121,3.3717647058823528
3.0,24h,1.5R_Fixed,1.5,1.5,1646,-10211.538467843346,39687.06057826446,49898.59904610775,0.795354205066809,37.241798298906446,11251.242019217449,-0.9075921085335948,-1.7001811981570538,7.278250303766707
3.0,24h,2.0R_Fixed,1.5,2.0,1602,-9864.06799839581,43663.31470772875,53527.38270612448,0.8157192169743972,31.273408239700373,10839.34955357146,-0.9100239778821135,-1.4470939376105958,10.542446941323346
3.0,24h,3.0R_Fixed,1.5,3.0,1523,-5897.652800641926,50123.68187953406,56021.3346801758,0.8947248787571508,24.097176625082074,7246.108654785406,-0.8139062056083101,-0.7026780469952166,15.744583059750493
3.0,24h,1.5R_Fixed,2.0,1.5,1532,-12734.58460867755,49323.774250139504,62058.3588588169,0.7947966262264743,37.27154046997389,13934.471826171914,-0.9138907285139635,-1.6426200396410937,14.655352480417754
3.0,24h,2.0R_Fixed,2.0,2.0,1471,-7410.538232422021,56290.782373046895,63701.32060546872,0.8836674316641148,32.56288239292998,8762.68049665207,-0.8456930770502635,-0.8373987034955673,18.52345343303875
3.0,24h,3.0R_Fixed,2.0,3.0,1306,-8109.906326730063,56254.17229352679,64364.07862025669,0.8739994962939228,23.736600306278714,9148.808251953275,-0.8864440158092278,-0.7851691361106914,30.394333843797856
3.0,24h,1.5R_Fixed,2.5,1.5,1378,-9543.650128173911,58480.791541399354,68024.4416695731,0.8597026319667308,38.02612481857765,10209.425800432502,-0.9347881374258691,-1.0221984119133205,23.070391872278666
3.0,24h,2.0R_Fixed,2.5,2.0,1280,-9168.886230468861,61341.91451241633,70510.80074288503,0.8699647978200858,31.484374999999996,10026.377917480442,-0.9144764246800839,-0.871844979679135,31.47734375
3.0,24h,3.0R_Fixed,2.5,3.0,1112,-4756.6018118723,62295.31846923833,67051.92028111052,0.9290609159002386,24.100719424460433,9252.343057687045,-0.5140970003182505,-0.39540906576553964,47.035071942446045
3.0,Quiet_Asian,Midline_Touch,1.5,1.5,535,-1383.2017211913799,6367.907824707047,7751.109545898463,0.8215479070446962,47.28971962616823,2165.7117483956827,-0.6386822818022893,-0.5908606065584011,2.377570093457944
3.0,Quiet_Asian,Midline_Touch,1.5,2.0,535,-1383.2017211913799,6367.907824707047,7751.109545898463,0.8215479070446962,47.28971962616823,2165.7117483956827,-0.6386822818022893,-0.5908606065584011,2.377570093457944
3.0,Quiet_Asian,Midline_Touch,1.5,3.0,535,-1383.2017211913799,6367.907824707047,7751.109545898463,0.8215479070446962,47.28971962616823,2165.7117483956827,-0.6386822818022893,-0.5908606065584011,2.377570093457944
3.0,Quiet_Asian,Midline_Touch,2.0,1.5,532,-788.6552437918316,7005.7190429687535,7794.3742867606,0.8988173758692287,53.19548872180451,1697.9408761161012,-0.4644774472924022,-0.3032380085172091,2.9642857142857144
3.0,Quiet_Asian,Midline_Touch,2.0,2.0,532,-788.6552437918316,7005.7190429687535,7794.3742867606,0.8988173758692287,53.19548872180451,1697.9408761161012,-0.4644774472924022,-0.3032380085172091,2.9642857142857144
3.0,Quiet_Asian,Midline_Touch,2.0,3.0,532,-788.6552437918316,7005.7190429687535,7794.3742867606,0.8988173758692287,53.19548872180451,1697.9408761161012,-0.4644774472924022,-0.3032380085172091,2.9642857142857144
3.0,Quiet_Asian,Midline_Touch,2.5,1.5,528,-266.49809395924854,7225.656481933598,7492.154575892862,0.964429712273054,56.439393939393945,1591.4347935268215,-0.16745775261621304,-0.09960482181052334,3.5568181818181817
3.0,Quiet_Asian,Midline_Touch,2.5,2.0,528,-266.49809395924854,7225.656481933598,7492.154575892862,0.964429712273054,56.439393939393945,1591.4347935268215,-0.16745775261621304,-0.09960482181052334,3.5568181818181817
3.0,Quiet_Asian,Midline_Touch,2.5,3.0,528,-266.49809395924854,7225.656481933598,7492.154575892862,0.964429712273054,56.439393939393945,1591.4347935268215,-0.16745775261621304,-0.09960482181052334,3.5568181818181817
3.0,Quiet_Asian,1.5R_Fixed,1.5,1.5,522,-1365.7718470982095,10565.909791782913,11931.681638881162,0.885534001959315,38.50574712643678,2685.7241856166384,-0.5085301962176844,-0.4680871909812408,5.689655172413793
3.0,Quiet_Asian,2.0R_Fixed,1.5,2.0,519,-1190.2955252511163,11979.481522042399,13169.777047293544,0.9096191590049919,32.5626204238921,2436.515312848771,-0.48852372032065094,-0.3500919467065463,7.433526011560693
3.0,Quiet_Asian,3.0R_Fixed,1.5,3.0,510,-775.1682652064859,13653.0400791713,14428.208344377797,0.9462741147962037,24.11764705882353,2626.246388462643,-0.2951620490034278,-0.17910610113743924,10.380392156862746
3.0,Quiet_Asian,1.5R_Fixed,2.0,1.5,510,-438.8322056361483,14411.250613839284,14850.082819475425,0.9704491745284661,40.588235294117645,2131.6434326171893,-0.20586567102236175,-0.11433857775360302,9.972549019607843
3.0,Quiet_Asian,2.0R_Fixed,2.0,2.0,506,1618.6014508928934,17335.062095424106,15716.46064453122,1.102987656540603,35.177865612648226,2025.8827287946842,0.7989610789840208,0.3521398562454904,12.891304347826088
3.0,Quiet_Asian,3.0R_Fixed,2.0,3.0,493,309.76640625001835,18238.983663504478,17929.217257254433,1.0172771851556826,24.746450304259636,3044.6176478794678,0.10174230135786219,0.05390299998679773,18.831643002028397
3.0,Quiet_Asian,1.5R_Fixed,2.5,1.5,500,1124.528830392043,18550.135498918815,17425.606668526783,1.064533123683039,41.6,1840.638771275153,0.6109448784527095,0.23476790394888014,15.212
3.0,Quiet_Asian,2.0R_Fixed,2.5,2.0,488,-4.298674665174076,19575.584075055798,19579.882749720975,0.9997804545246708,33.19672131147541,3250.121285574787,-0.0013226197693769607,-0.0007717764943294528,19.942622950819672
3.0,Quiet_Asian,3.0R_Fixed,2.5,3.0,481,1843.6418648856343,22683.73944440569,20840.097579520097,1.0884660860080315,26.403326403326403,2818.4772565568983,0.6541269263736618,0.28098217395962233,28.821205821205822
