total_trades,net_profit,pf,win_rate,max_dd,mcr,pos_months,total_months,kama_period,er_threshold,use_kfd,kfd_thresh,profit_lock,trend_tp,trend_sl,def_thresh,def_mult
93,519.08,1.47,13.98,468.18,16.67,12,72,10,0.25,True,1.35,120.0,3.5,2.5,80.0,0.3
94,485.6,1.427,13.83,468.18,16.67,12,72,10,0.25,True,1.35,150.0,3.5,2.5,80.0,0.3
94,485.6,1.427,13.83,468.18,16.67,12,72,10,0.25,True,1.35,180.0,3.5,2.5,80.0,0.3
236,918.72,1.362,9.75,916.88,26.39,19,72,20,0.25,False,1.4,120.0,4.0,2.5,80.0,0.3
93,327.29,1.342,10.75,373.99,13.89,10,72,10,0.25,True,1.35,120.0,4.0,2.0,80.0,0.3
255,990.34,1.338,11.76,1007.6,27.78,20,72,20,0.25,False,1.4,150.0,3.5,2.5,80.0,0.3
47,185.77,1.337,12.77,244.83,8.33,6,72,10,0.45,True,1.4,120.0,3.5,2.0,80.0,0.3
256,964.36,1.326,11.72,1007.6,27.78,20,72,20,0.25,False,1.4,180.0,3.5,2.5,80.0,0.3
529,1262.28,1.307,6.81,893.73,38.89,28,72,10,0.25,False,1.4,120.0,4.5,2.5,80.0,0.3
258,807.07,1.305,10.08,843.96,27.78,20,72,20,0.25,False,1.4,120.0,4.5,2.0,80.0,0.3
94,300.29,1.305,10.64,373.99,13.89,10,72,10,0.25,True,1.35,150.0,4.0,2.0,80.0,0.3
94,300.29,1.305,10.64,373.99,13.89,10,72,10,0.25,True,1.35,180.0,4.0,2.0,80.0,0.3
85,285.2,1.302,14.12,294.97,15.28,11,72,10,0.35,True,1.4,120.0,3.5,2.0,80.0,0.3
247,842.72,1.296,10.12,918.23,26.39,19,72,20,0.25,False,1.4,180.0,4.0,2.5,80.0,0.3
339,941.2,1.29,8.55,675.75,33.33,24,72,10,0.35,False,1.4,120.0,4.5,2.5,80.0,0.3
251,805.39,1.287,11.16,1006.25,26.39,19,72,20,0.25,False,1.4,120.0,3.5,2.5,80.0,0.3
84,327.02,1.286,14.29,454.63,16.67,12,72,10,0.35,True,1.4,120.0,3.5,2.5,80.0,0.3
243,786.07,1.285,9.88,916.88,26.39,19,72,20,0.25,False,1.4,150.0,4.0,2.5,80.0,0.3
239,759.95,1.282,8.37,1203.92,20.83,15,72,20,0.25,False,1.4,180.0,4.5,2.5,80.0,0.3
47,162.39,1.281,10.64,233.3,6.94,5,72,10,0.45,True,1.4,120.0,4.0,2.0,80.0,0.3
48,161.59,1.281,12.5,244.83,8.33,6,72,10,0.45,True,1.4,150.0,3.5,2.0,80.0,0.3
48,161.59,1.281,12.5,244.83,8.33,6,72,10,0.45,True,1.4,180.0,3.5,2.0,80.0,0.3
86,261.02,1.27,13.95,294.97,15.28,11,72,10,0.35,True,1.4,150.0,3.5,2.0,80.0,0.3
86,261.02,1.27,13.95,294.97,15.28,11,72,10,0.35,True,1.4,180.0,3.5,2.0,80.0,0.3
94,254.86,1.266,11.7,382.8,13.89,10,72,10,0.25,True,1.35,120.0,3.5,2.0,80.0,0.3
94,254.86,1.266,11.7,382.8,13.89,10,72,10,0.25,True,1.35,150.0,3.5,2.0,80.0,0.3
94,254.86,1.266,11.7,382.8,13.89,10,72,10,0.25,True,1.35,180.0,3.5,2.0,80.0,0.3
347,863.82,1.25,8.65,675.75,33.33,24,72,10,0.35,False,1.4,150.0,4.5,2.5,80.0,0.3
85,293.54,1.25,14.12,454.63,16.67,12,72,10,0.35,True,1.4,150.0,3.5,2.5,80.0,0.3
236,639.28,1.239,8.05,1202.57,20.83,15,72,20,0.25,False,1.4,150.0,4.5,2.5,80.0,0.3
279,665.06,1.235,12.9,794.29,30.56,22,72,20,0.25,False,1.4,150.0,3.5,2.0,80.0,0.3
61,167.56,1.235,9.84,330.13,8.33,6,72,14,0.45,True,1.4,120.0,3.5,2.5,80.0,0.3
61,167.56,1.235,9.84,330.13,8.33,6,72,14,0.45,True,1.4,150.0,3.5,2.5,80.0,0.3
61,167.56,1.235,9.84,330.13,8.33,6,72,14,0.45,True,1.4,180.0,3.5,2.5,80.0,0.3
264,654.04,1.233,9.85,845.31,27.78,20,72,20,0.25,False,1.4,150.0,4.5,2.0,80.0,0.3
127,373.37,1.232,12.6,712.5,20.83,15,72,10,0.25,True,1.4,120.0,3.5,2.5,80.0,0.3
48,138.21,1.23,10.42,233.3,6.94,5,72,10,0.45,True,1.4,150.0,4.0,2.0,80.0,0.3
48,138.21,1.23,10.42,233.3,6.94,5,72,10,0.45,True,1.4,180.0,4.0,2.0,80.0,0.3
349,794.42,1.225,8.6,675.75,33.33,24,72,10,0.35,False,1.4,180.0,4.5,2.5,80.0,0.3
277,632.83,1.225,12.64,794.29,30.56,22,72,20,0.25,False,1.4,120.0,3.5,2.0,80.0,0.3
265,633.04,1.224,9.81,845.31,27.78,20,72,20,0.25,False,1.4,180.0,4.5,2.0,80.0,0.3
108,293.63,1.223,12.04,378.01,16.67,12,72,14,0.45,False,1.4,120.0,3.5,2.5,80.0,0.3
108,293.63,1.223,12.04,378.01,16.67,12,72,14,0.45,False,1.4,150.0,3.5,2.5,80.0,0.3
233,585.79,1.222,7.73,1202.57,20.83,15,72,20,0.25,False,1.4,120.0,4.5,2.5,80.0,0.3
110,290.93,1.221,11.82,378.01,16.67,12,72,14,0.45,False,1.4,180.0,3.5,2.5,80.0,0.3
86,263.59,1.219,13.95,454.63,16.67,12,72,10,0.35,True,1.4,180.0,3.5,2.5,80.0,0.3
547,966.16,1.213,6.76,990.84,37.5,27,72,10,0.25,False,1.4,150.0,4.5,2.5,80.0,0.3
104,266.35,1.211,10.58,439.61,13.89,10,72,14,0.45,False,1.4,120.0,4.5,2.5,80.0,0.3
128,339.89,1.207,12.5,712.5,20.83,15,72,10,0.25,True,1.4,150.0,3.5,2.5,80.0,0.3
84,196.46,1.201,11.9,344.05,13.89,10,72,10,0.35,True,1.4,120.0,4.0,2.0,80.0,0.3
111,212.81,1.193,11.71,237.92,15.28,11,72,14,0.45,False,1.4,120.0,3.5,2.0,80.0,0.3
111,212.81,1.193,11.71,237.92,15.28,11,72,14,0.45,False,1.4,150.0,3.5,2.0,80.0,0.3
57,151.04,1.189,12.28,467.78,9.72,7,72,10,0.35,True,1.35,120.0,3.5,2.5,80.0,0.3
129,309.94,1.185,12.4,712.5,20.83,15,72,10,0.25,True,1.4,180.0,3.5,2.5,80.0,0.3
395,632.09,1.179,11.9,595.81,38.89,28,72,10,0.35,False,1.4,120.0,3.5,2.0,80.0,0.3
269,487.59,1.176,10.78,885.65,29.17,21,72,20,0.25,False,1.4,120.0,4.0,2.0,80.0,0.3
57,117.44,1.175,10.53,373.21,8.33,6,72,10,0.35,True,1.35,120.0,4.0,2.0,80.0,0.3
54,89.16,1.168,7.41,356.92,5.56,4,72,14,0.45,True,1.35,120.0,3.5,2.5,80.0,0.3
54,89.16,1.168,7.41,356.92,5.56,4,72,14,0.45,True,1.35,150.0,3.5,2.5,80.0,0.3
54,89.16,1.168,7.41,356.92,5.56,4,72,14,0.45,True,1.35,180.0,3.5,2.5,80.0,0.3
92,166.6,1.165,8.7,676.55,9.72,7,72,14,0.25,True,1.35,120.0,3.5,2.5,80.0,0.3
92,166.6,1.165,8.7,676.55,9.72,7,72,14,0.25,True,1.35,150.0,3.5,2.5,80.0,0.3
92,166.6,1.165,8.7,676.55,9.72,7,72,14,0.25,True,1.35,180.0,3.5,2.5,80.0,0.3
112,183.69,1.163,11.61,237.92,15.28,11,72,14,0.45,False,1.4,180.0,3.5,2.0,80.0,0.3
58,107.58,1.16,12.07,383.63,8.33,6,72,10,0.35,True,1.35,120.0,3.5,2.0,80.0,0.3
58,107.58,1.16,12.07,383.63,8.33,6,72,10,0.35,True,1.35,150.0,3.5,2.0,80.0,0.3
58,107.58,1.16,12.07,383.63,8.33,6,72,10,0.35,True,1.35,180.0,3.5,2.0,80.0,0.3
344,516.39,1.156,9.01,769.41,31.94,23,72,10,0.35,False,1.4,120.0,4.0,2.5,80.0,0.3
274,449.76,1.155,10.95,885.65,29.17,21,72,20,0.25,False,1.4,150.0,4.0,2.0,80.0,0.3
274,449.76,1.155,10.95,885.65,29.17,21,72,20,0.25,False,1.4,180.0,4.0,2.0,80.0,0.3
403,608.17,1.152,7.44,1202.86,31.94,23,72,14,0.25,False,1.4,150.0,4.5,2.5,80.0,0.3
92,128.91,1.151,7.61,580.9,9.72,7,72,14,0.25,True,1.35,120.0,4.0,2.0,80.0,0.3
92,128.91,1.151,7.61,580.9,9.72,7,72,14,0.25,True,1.35,150.0,4.0,2.0,80.0,0.3
92,128.91,1.151,7.61,580.9,9.72,7,72,14,0.25,True,1.35,180.0,4.0,2.0,80.0,0.3
92,123.73,1.15,8.7,555.29,9.72,7,72,14,0.25,True,1.35,120.0,3.5,2.0,80.0,0.3
92,123.73,1.15,8.7,555.29,9.72,7,72,14,0.25,True,1.35,150.0,3.5,2.0,80.0,0.3
92,123.73,1.15,8.7,555.29,9.72,7,72,14,0.25,True,1.35,180.0,3.5,2.0,80.0,0.3
554,705.03,1.147,6.68,1091.11,36.11,26,72,10,0.25,False,1.4,180.0,4.5,2.5,80.0,0.3
348,495.59,1.147,10.06,798.14,34.72,25,72,10,0.35,False,1.4,120.0,3.5,2.5,80.0,0.3
106,194.44,1.146,10.38,439.61,13.89,10,72,14,0.45,False,1.4,150.0,4.5,2.5,80.0,0.3
106,194.44,1.146,10.38,439.61,13.89,10,72,14,0.45,False,1.4,180.0,4.5,2.5,80.0,0.3
47,100.86,1.142,10.64,297.61,6.94,5,72,10,0.45,True,1.4,120.0,3.5,2.5,80.0,0.3
47,100.86,1.142,10.64,297.61,6.94,5,72,10,0.45,True,1.4,150.0,3.5,2.5,80.0,0.3
360,518.2,1.141,9.44,769.41,31.94,23,72,10,0.35,False,1.4,180.0,4.0,2.5,80.0,0.3
86,145.27,1.141,11.63,344.05,13.89,10,72,10,0.35,True,1.4,150.0,4.0,2.0,80.0,0.3
86,145.27,1.141,11.63,344.05,13.89,10,72,10,0.35,True,1.4,180.0,4.0,2.0,80.0,0.3
58,117.56,1.141,12.07,467.78,9.72,7,72,10,0.35,True,1.35,150.0,3.5,2.5,80.0,0.3
58,117.56,1.141,12.07,467.78,9.72,7,72,10,0.35,True,1.35,180.0,3.5,2.5,80.0,0.3
131,192.26,1.138,11.45,436.37,18.06,13,72,10,0.25,True,1.4,120.0,3.5,2.0,80.0,0.3
537,581.9,1.135,6.89,1197.84,38.89,28,72,10,0.25,False,1.4,120.0,4.0,2.5,80.0,0.3
70,119.23,1.133,11.43,331.31,6.94,5,72,20,0.45,True,1.4,150.0,4.0,2.5,80.0,0.3
70,119.23,1.133,11.43,331.31,6.94,5,72,20,0.45,True,1.4,180.0,4.0,2.5,80.0,0.3
351,449.63,1.129,9.12,769.41,31.94,23,72,10,0.35,False,1.4,150.0,4.0,2.5,80.0,0.3
58,90.44,1.129,10.34,373.21,8.33,6,72,10,0.35,True,1.35,150.0,4.0,2.0,80.0,0.3
58,90.44,1.129,10.34,373.21,8.33,6,72,10,0.35,True,1.35,180.0,4.0,2.0,80.0,0.3
215,289.02,1.128,13.02,496.73,31.94,23,72,10,0.45,False,1.4,150.0,3.5,2.0,80.0,0.3
215,289.02,1.128,13.02,496.73,31.94,23,72,10,0.45,False,1.4,180.0,3.5,2.0,80.0,0.3
106,165.05,1.127,11.32,439.61,15.28,11,72,14,0.45,False,1.4,120.0,4.0,2.5,80.0,0.3
362,429.83,1.119,10.22,798.14,34.72,25,72,10,0.35,False,1.4,150.0,3.5,2.5,80.0,0.3
132,168.08,1.119,11.36,436.37,18.06,13,72,10,0.25,True,1.4,150.0,3.5,2.0,80.0,0.3
132,168.08,1.119,11.36,436.37,18.06,13,72,10,0.25,True,1.4,180.0,3.5,2.0,80.0,0.3
212,245.76,1.112,12.74,496.73,31.94,23,72,10,0.45,False,1.4,120.0,3.5,2.0,80.0,0.3
558,509.56,1.109,6.99,1194.11,38.89,28,72,10,0.25,False,1.4,150.0,4.0,2.5,80.0,0.3
130,154.68,1.109,10.0,563.28,16.67,12,72,10,0.25,True,1.4,120.0,4.0,2.0,80.0,0.3
413,434.24,1.104,7.26,1202.86,31.94,23,72,14,0.25,False,1.4,180.0,4.5,2.5,80.0,0.3
361,325.44,1.097,9.97,747.76,36.11,26,72,10,0.35,False,1.4,120.0,4.0,2.0,80.0,0.3
107,128.93,1.097,11.21,439.61,15.28,11,72,14,0.45,False,1.4,150.0,4.0,2.5,80.0,0.3
111,102.37,1.097,9.01,655.0,12.5,9,72,14,0.25,True,1.4,120.0,3.5,2.0,80.0,0.3
111,102.37,1.097,9.01,655.0,12.5,9,72,14,0.25,True,1.4,150.0,3.5,2.0,80.0,0.3
48,70.91,1.096,10.42,297.61,6.94,5,72,10,0.45,True,1.4,180.0,3.5,2.5,80.0,0.3
109,126.23,1.094,11.01,439.61,15.28,11,72,14,0.45,False,1.4,180.0,4.0,2.5,80.0,0.3
409,371.7,1.093,11.98,758.41,37.5,27,72,10,0.35,False,1.4,150.0,3.5,2.0,80.0,0.3
374,356.11,1.092,10.43,802.19,34.72,25,72,10,0.35,False,1.4,180.0,3.5,2.5,80.0,0.3
388,320.5,1.086,10.31,755.86,36.11,26,72,10,0.35,False,1.4,150.0,4.0,2.0,80.0,0.3
82,75.07,1.072,10.98,434.61,8.33,6,72,20,0.45,False,1.4,150.0,4.0,2.5,80.0,0.3
82,75.07,1.072,10.98,434.61,8.33,6,72,20,0.45,False,1.4,180.0,4.0,2.5,80.0,0.3
93,74.54,1.072,9.68,365.18,12.5,9,72,10,0.25,True,1.35,120.0,4.5,2.0,80.0,0.3
132,103.49,1.07,9.85,563.28,16.67,12,72,10,0.25,True,1.4,150.0,4.0,2.0,80.0,0.3
132,103.49,1.07,9.85,563.28,16.67,12,72,10,0.25,True,1.4,180.0,4.0,2.0,80.0,0.3
112,73.26,1.068,8.93,655.0,12.5,9,72,14,0.25,True,1.4,180.0,3.5,2.0,80.0,0.3
414,271.9,1.066,11.84,758.41,37.5,27,72,10,0.35,False,1.4,180.0,3.5,2.0,80.0,0.3
290,209.67,1.064,12.41,794.29,29.17,21,72,20,0.25,False,1.4,180.0,3.5,2.0,80.0,0.3
396,228.14,1.06,7.07,1116.81,30.56,22,72,14,0.25,False,1.4,120.0,4.5,2.5,80.0,0.3
588,269.01,1.058,6.97,1193.29,33.33,24,72,10,0.25,False,1.4,150.0,4.5,2.0,80.0,0.3
112,67.03,1.056,9.82,381.57,13.89,10,72,14,0.45,False,1.4,120.0,4.0,2.0,80.0,0.3
112,67.03,1.056,9.82,381.57,13.89,10,72,14,0.45,False,1.4,150.0,4.0,2.0,80.0,0.3
112,67.03,1.056,9.82,381.57,13.89,10,72,14,0.45,False,1.4,180.0,4.0,2.0,80.0,0.3
418,222.44,1.052,7.89,1227.35,33.33,24,72,14,0.25,False,1.4,150.0,4.0,2.5,80.0,0.3
418,222.44,1.052,7.89,1227.35,33.33,24,72,14,0.25,False,1.4,180.0,4.0,2.5,80.0,0.3
61,29.94,1.049,8.2,272.73,6.94,5,72,14,0.45,True,1.4,120.0,3.5,2.0,80.0,0.3
61,29.94,1.049,8.2,272.73,6.94,5,72,14,0.45,True,1.4,150.0,3.5,2.0,80.0,0.3
61,29.94,1.049,8.2,272.73,6.94,5,72,14,0.45,True,1.4,180.0,3.5,2.0,80.0,0.3
69,42.71,1.048,10.14,331.31,6.94,5,72,20,0.45,True,1.4,120.0,4.0,2.5,80.0,0.3
94,47.54,1.045,9.57,365.18,12.5,9,72,10,0.25,True,1.35,150.0,4.5,2.0,80.0,0.3
94,47.54,1.045,9.57,365.18,12.5,9,72,10,0.25,True,1.35,180.0,4.5,2.0,80.0,0.3
72,33.43,1.044,12.5,282.56,8.33,6,72,20,0.45,True,1.4,120.0,3.5,2.0,80.0,0.3
582,202.48,1.038,7.04,1245.33,37.5,27,72,10,0.25,False,1.4,180.0,4.0,2.5,80.0,0.3
95,31.79,1.029,12.63,434.21,11.11,8,72,20,0.25,True,1.35,120.0,3.5,2.0,80.0,0.3
393,107.5,1.028,9.16,935.38,33.33,24,72,10,0.35,False,1.4,180.0,4.5,2.0,80.0,0.3
363,87.81,1.025,8.82,923.23,33.33,24,72,10,0.35,False,1.4,120.0,4.5,2.0,80.0,0.3
433,91.98,1.021,8.55,1138.29,31.94,23,72,14,0.25,False,1.4,180.0,3.5,2.5,80.0,0.3
428,86.76,1.02,8.41,1138.29,31.94,23,72,14,0.25,False,1.4,150.0,3.5,2.5,80.0,0.3
111,18.53,1.014,8.11,797.23,11.11,8,72,14,0.25,True,1.4,120.0,3.5,2.5,80.0,0.3
111,18.53,1.014,8.11,797.23,11.11,8,72,14,0.25,True,1.4,150.0,3.5,2.5,80.0,0.3
111,18.53,1.014,8.11,797.23,11.11,8,72,14,0.25,True,1.4,180.0,3.5,2.5,80.0,0.3
84,9.11,1.01,8.33,539.15,8.33,6,72,14,0.35,True,1.4,120.0,3.5,2.5,80.0,0.3
84,9.11,1.01,8.33,539.15,8.33,6,72,14,0.35,True,1.4,150.0,3.5,2.5,80.0,0.3
84,9.11,1.01,8.33,539.15,8.33,6,72,14,0.35,True,1.4,180.0,3.5,2.5,80.0,0.3
402,27.21,1.007,10.2,719.53,36.11,26,72,10,0.35,False,1.4,180.0,4.0,2.0,80.0,0.3
84,-0.9,0.999,8.33,444.24,8.33,6,72,14,0.35,True,1.4,120.0,3.5,2.0,80.0,0.3
84,-0.9,0.999,8.33,444.24,8.33,6,72,14,0.35,True,1.4,150.0,3.5,2.0,80.0,0.3
81,-1.45,0.999,9.88,434.61,8.33,6,72,20,0.45,False,1.4,120.0,4.0,2.5,80.0,0.3
92,-2.5,0.998,10.87,535.05,9.72,7,72,20,0.25,True,1.35,150.0,4.0,2.5,80.0,0.3
369,-9.8,0.997,8.67,923.23,33.33,24,72,10,0.35,False,1.4,150.0,4.5,2.0,80.0,0.3
427,-14.01,0.997,8.2,1221.44,31.94,23,72,14,0.25,False,1.4,120.0,3.5,2.5,80.0,0.3
112,-5.3,0.995,7.14,713.75,11.11,8,72,14,0.25,True,1.4,120.0,4.0,2.0,80.0,0.3
112,-5.3,0.995,7.14,713.75,11.11,8,72,14,0.25,True,1.4,150.0,4.0,2.0,80.0,0.3
112,-5.3,0.995,7.14,713.75,11.11,8,72,14,0.25,True,1.4,180.0,4.0,2.0,80.0,0.3
94,-6.33,0.994,9.57,424.62,11.11,8,72,20,0.25,True,1.35,120.0,4.5,2.0,80.0,0.3
557,-33.82,0.993,7.18,1340.34,37.5,27,72,10,0.25,False,1.4,120.0,3.5,2.5,80.0,0.3
576,-37.19,0.993,7.47,1340.34,37.5,27,72,10,0.25,False,1.4,150.0,3.5,2.5,80.0,0.3
70,-8.49,0.991,11.43,341.86,6.94,5,72,20,0.45,True,1.4,120.0,3.5,2.5,80.0,0.3
70,-8.49,0.991,11.43,341.86,6.94,5,72,20,0.45,True,1.4,150.0,3.5,2.5,80.0,0.3
97,-12.99,0.989,12.37,434.21,11.11,8,72,20,0.25,True,1.35,150.0,3.5,2.0,80.0,0.3
69,-12.07,0.987,8.7,413.11,6.94,5,72,20,0.45,True,1.4,150.0,4.5,2.5,80.0,0.3
69,-12.07,0.987,8.7,413.11,6.94,5,72,20,0.45,True,1.4,180.0,4.5,2.5,80.0,0.3
98,-14.34,0.987,12.24,434.21,11.11,8,72,20,0.25,True,1.35,180.0,3.5,2.0,80.0,0.3
61,-10.18,0.984,6.56,305.03,5.56,4,72,14,0.45,True,1.4,120.0,4.0,2.0,80.0,0.3
61,-10.18,0.984,6.56,305.03,5.56,4,72,14,0.45,True,1.4,150.0,4.0,2.0,80.0,0.3
61,-10.18,0.984,6.56,305.03,5.56,4,72,14,0.45,True,1.4,180.0,4.0,2.0,80.0,0.3
71,-11.88,0.983,7.04,505.81,5.56,4,72,14,0.35,True,1.35,120.0,3.5,2.5,80.0,0.3
71,-11.88,0.983,7.04,505.81,5.56,4,72,14,0.35,True,1.35,150.0,3.5,2.5,80.0,0.3
71,-11.88,0.983,7.04,505.81,5.56,4,72,14,0.35,True,1.35,180.0,3.5,2.5,80.0,0.3
84,-15.3,0.983,11.9,369.19,9.72,7,72,20,0.45,False,1.4,120.0,3.5,2.0,80.0,0.3
80,-17.74,0.983,8.75,518.89,8.33,6,72,20,0.45,False,1.4,150.0,4.5,2.5,80.0,0.3
80,-17.74,0.983,8.75,518.89,8.33,6,72,20,0.45,False,1.4,180.0,4.5,2.5,80.0,0.3
405,-66.11,0.983,7.41,1227.35,31.94,23,72,14,0.25,False,1.4,120.0,4.0,2.5,80.0,0.3
74,-16.69,0.979,12.16,282.56,8.33,6,72,20,0.45,True,1.4,150.0,3.5,2.0,80.0,0.3
74,-16.69,0.979,12.16,282.56,8.33,6,72,20,0.45,True,1.4,180.0,3.5,2.0,80.0,0.3
581,-100.55,0.978,6.54,1193.29,33.33,24,72,10,0.25,False,1.4,120.0,4.5,2.0,80.0,0.3
93,-34.71,0.976,10.75,665.88,9.72,7,72,20,0.35,True,1.4,150.0,4.0,2.5,80.0,0.3
93,-34.71,0.976,10.75,665.88,9.72,7,72,20,0.35,True,1.4,180.0,4.0,2.5,80.0,0.3
440,-99.24,0.975,9.55,809.92,34.72,25,72,14,0.25,False,1.4,120.0,3.5,2.0,80.0,0.3
93,-39.22,0.973,10.75,535.05,9.72,7,72,20,0.25,True,1.35,180.0,4.0,2.5,80.0,0.3
95,-35.93,0.969,9.47,424.62,11.11,8,72,20,0.25,True,1.35,150.0,4.5,2.0,80.0,0.3
95,-35.93,0.969,9.47,424.62,11.11,8,72,20,0.25,True,1.35,180.0,4.5,2.0,80.0,0.3
72,-26.21,0.968,9.72,272.97,8.33,6,72,20,0.45,True,1.4,120.0,4.5,2.0,80.0,0.3
72,-26.21,0.968,9.72,272.97,8.33,6,72,20,0.45,True,1.4,150.0,4.5,2.0,80.0,0.3
624,-186.09,0.965,7.05,1223.45,31.94,23,72,10,0.25,False,1.4,180.0,4.5,2.0,80.0,0.3
85,-30.02,0.963,8.24,444.24,8.33,6,72,14,0.35,True,1.4,180.0,3.5,2.0,80.0,0.3
71,-34.47,0.963,11.27,341.86,6.94,5,72,20,0.45,True,1.4,180.0,3.5,2.5,80.0,0.3
94,-51.47,0.96,10.64,457.16,13.89,10,72,10,0.25,True,1.35,120.0,4.0,2.5,80.0,0.3
94,-51.47,0.96,10.64,457.16,13.89,10,72,10,0.25,True,1.35,150.0,4.0,2.5,80.0,0.3
94,-51.47,0.96,10.64,457.16,13.89,10,72,10,0.25,True,1.35,180.0,4.0,2.5,80.0,0.3
130,-60.89,0.959,9.23,542.99,15.28,11,72,10,0.25,True,1.4,120.0,4.5,2.0,80.0,0.3
96,-51.32,0.957,9.38,544.81,11.11,8,72,20,0.35,True,1.4,120.0,4.5,2.0,80.0,0.3
96,-51.32,0.957,9.38,544.81,11.11,8,72,20,0.35,True,1.4,150.0,4.5,2.0,80.0,0.3
442,-184.23,0.955,7.69,1236.55,30.56,22,72,14,0.25,False,1.4,120.0,4.5,2.0,80.0,0.3
448,-190.59,0.955,7.81,1132.88,30.56,22,72,14,0.25,False,1.4,150.0,4.5,2.0,80.0,0.3
191,-113.3,0.954,8.38,606.26,19.44,14,72,10,0.45,False,1.4,150.0,4.5,2.5,80.0,0.3
226,-148.32,0.949,9.29,796.91,25.0,18,72,14,0.35,False,1.4,120.0,4.0,2.5,80.0,0.3
453,-205.09,0.949,9.27,883.84,34.72,25,72,14,0.25,False,1.4,150.0,3.5,2.0,80.0,0.3
458,-208.26,0.949,9.39,883.84,34.72,25,72,14,0.25,False,1.4,180.0,3.5,2.0,80.0,0.3
231,-162.69,0.946,9.52,838.95,25.0,18,72,14,0.35,False,1.4,150.0,4.0,2.5,80.0,0.3
73,-47.21,0.944,9.59,272.97,8.33,6,72,20,0.45,True,1.4,180.0,4.5,2.0,80.0,0.3
595,-309.73,0.944,7.56,1385.16,36.11,26,72,10,0.25,False,1.4,180.0,3.5,2.5,80.0,0.3
91,-79.02,0.943,9.89,535.05,9.72,7,72,20,0.25,True,1.35,120.0,4.0,2.5,80.0,0.3
192,-143.26,0.943,8.33,606.26,19.44,14,72,10,0.45,False,1.4,180.0,4.5,2.5,80.0,0.3
84,-54.11,0.942,9.52,348.34,9.72,7,72,20,0.45,False,1.4,120.0,4.5,2.0,80.0,0.3
84,-54.11,0.942,9.52,348.34,9.72,7,72,20,0.45,False,1.4,150.0,4.5,2.0,80.0,0.3
131,-87.9,0.942,9.16,542.99,15.28,11,72,10,0.25,True,1.4,150.0,4.5,2.0,80.0,0.3
452,-245.3,0.942,7.74,1132.88,30.56,22,72,14,0.25,False,1.4,180.0,4.5,2.0,80.0,0.3
97,-72.32,0.94,9.28,544.81,11.11,8,72,20,0.35,True,1.4,180.0,4.5,2.0,80.0,0.3
91,-86.24,0.938,8.79,612.03,9.72,7,72,20,0.25,True,1.35,150.0,4.5,2.5,80.0,0.3
91,-86.24,0.938,8.79,612.03,9.72,7,72,20,0.25,True,1.35,180.0,4.5,2.5,80.0,0.3
663,-360.83,0.938,9.5,1133.5,34.72,25,72,10,0.25,False,1.4,180.0,3.5,2.0,80.0,0.3
82,-65.65,0.937,10.98,447.64,8.33,6,72,20,0.45,False,1.4,120.0,3.5,2.5,80.0,0.3
82,-65.65,0.937,10.98,447.64,8.33,6,72,20,0.45,False,1.4,150.0,3.5,2.5,80.0,0.3
114,-110.62,0.934,9.65,757.63,11.11,8,72,20,0.25,True,1.4,150.0,4.0,2.5,80.0,0.3
84,-70.28,0.933,10.71,332.58,12.5,9,72,10,0.35,True,1.4,120.0,4.5,2.0,80.0,0.3
54,-31.23,0.932,5.56,294.8,4.17,3,72,14,0.45,True,1.35,120.0,3.5,2.0,80.0,0.3
54,-31.23,0.932,5.56,294.8,4.17,3,72,14,0.45,True,1.35,150.0,3.5,2.0,80.0,0.3
54,-31.23,0.932,5.56,294.8,4.17,3,72,14,0.45,True,1.35,180.0,3.5,2.0,80.0,0.3
86,-65.42,0.93,11.63,369.19,9.72,7,72,20,0.45,False,1.4,150.0,3.5,2.0,80.0,0.3
86,-65.42,0.93,11.63,369.19,9.72,7,72,20,0.45,False,1.4,180.0,3.5,2.0,80.0,0.3
132,-112.08,0.928,9.09,542.99,15.28,11,72,10,0.25,True,1.4,180.0,4.5,2.0,80.0,0.3
78,-72.59,0.927,7.69,514.07,8.33,6,72,20,0.45,False,1.4,120.0,4.5,2.5,80.0,0.3
67,-66.92,0.923,7.46,408.29,6.94,5,72,20,0.45,True,1.4,120.0,4.5,2.5,80.0,0.3
85,-75.12,0.922,9.41,348.34,9.72,7,72,20,0.45,False,1.4,180.0,4.5,2.0,80.0,0.3
92,-111.23,0.922,9.78,665.88,9.72,7,72,20,0.35,True,1.4,120.0,4.0,2.5,80.0,0.3
97,-93.7,0.919,11.34,554.4,11.11,8,72,20,0.35,True,1.4,120.0,3.5,2.0,80.0,0.3
92,-118.23,0.918,8.7,749.03,9.72,7,72,20,0.35,True,1.4,150.0,4.5,2.5,80.0,0.3
92,-118.23,0.918,8.7,749.03,9.72,7,72,20,0.35,True,1.4,180.0,4.5,2.5,80.0,0.3
129,-157.96,0.918,10.08,1056.52,12.5,9,72,20,0.35,False,1.4,150.0,4.0,2.5,80.0,0.3
639,-444.05,0.915,8.92,929.51,34.72,25,72,10,0.25,False,1.4,120.0,3.5,2.0,80.0,0.3
83,-91.63,0.914,10.84,447.64,8.33,6,72,20,0.45,False,1.4,180.0,3.5,2.5,80.0,0.3
115,-147.34,0.913,9.57,757.63,11.11,8,72,20,0.25,True,1.4,180.0,4.0,2.5,80.0,0.3
127,-169.04,0.911,8.66,1142.16,12.5,9,72,20,0.35,False,1.4,150.0,4.5,2.5,80.0,0.3
127,-169.04,0.911,8.66,1142.16,12.5,9,72,20,0.35,False,1.4,180.0,4.5,2.5,80.0,0.3
189,-217.14,0.911,7.94,710.1,19.44,14,72,10,0.45,False,1.4,120.0,4.5,2.5,80.0,0.3
85,-97.28,0.91,10.59,332.58,12.5,9,72,10,0.35,True,1.4,150.0,4.5,2.0,80.0,0.3
118,-127.75,0.909,8.47,646.33,12.5,9,72,20,0.25,True,1.4,120.0,4.5,2.0,80.0,0.3
236,-299.3,0.904,9.32,838.95,25.0,18,72,14,0.35,False,1.4,180.0,4.0,2.5,80.0,0.3
597,-450.45,0.904,7.37,1153.09,33.33,24,72,10,0.25,False,1.4,120.0,4.0,2.0,80.0,0.3
90,-104.55,0.903,7.78,676.55,8.33,6,72,14,0.25,True,1.35,150.0,4.0,2.5,80.0,0.3
90,-104.55,0.903,7.78,676.55,8.33,6,72,14,0.25,True,1.35,180.0,4.0,2.5,80.0,0.3
108,-120.16,0.9,9.26,434.27,12.5,9,72,14,0.45,False,1.4,120.0,4.5,2.0,80.0,0.3
108,-120.16,0.9,9.26,434.27,12.5,9,72,14,0.45,False,1.4,150.0,4.5,2.0,80.0,0.3
110,-122.86,0.898,9.09,434.27,12.5,9,72,14,0.45,False,1.4,180.0,4.5,2.0,80.0,0.3
89,-141.09,0.897,7.87,612.03,9.72,7,72,20,0.25,True,1.35,120.0,4.5,2.5,80.0,0.3
204,-234.38,0.897,10.29,714.7,25.0,18,72,10,0.45,False,1.4,120.0,4.0,2.0,80.0,0.3
113,-173.86,0.896,7.96,834.61,11.11,8,72,20,0.25,True,1.4,150.0,4.5,2.5,80.0,0.3
113,-173.86,0.896,7.96,834.61,11.11,8,72,20,0.25,True,1.4,180.0,4.5,2.5,80.0,0.3
130,-205.47,0.896,10.0,1056.52,12.5,9,72,20,0.35,False,1.4,180.0,4.0,2.5,80.0,0.3
216,-262.5,0.895,10.65,640.43,25.0,18,72,10,0.45,False,1.4,180.0,4.0,2.0,80.0,0.3
655,-614.15,0.893,9.16,1133.5,33.33,24,72,10,0.25,False,1.4,150.0,3.5,2.0,80.0,0.3
119,-157.34,0.891,8.4,646.33,12.5,9,72,20,0.25,True,1.4,150.0,4.5,2.0,80.0,0.3
86,-121.46,0.89,10.47,332.58,12.5,9,72,10,0.35,True,1.4,180.0,4.5,2.0,80.0,0.3
113,-187.14,0.888,8.85,757.63,11.11,8,72,20,0.25,True,1.4,120.0,4.0,2.5,80.0,0.3
121,-159.77,0.887,10.74,655.92,13.89,10,72,20,0.25,True,1.4,120.0,3.5,2.0,80.0,0.3
217,-311.66,0.887,7.83,913.68,20.83,15,72,14,0.35,False,1.4,120.0,4.5,2.5,80.0,0.3
92,-151.43,0.884,8.7,446.15,11.11,8,72,10,0.25,True,1.35,120.0,4.5,2.5,80.0,0.3
92,-151.43,0.884,8.7,446.15,11.11,8,72,10,0.25,True,1.35,150.0,4.5,2.5,80.0,0.3
92,-151.43,0.884,8.7,446.15,11.11,8,72,10,0.25,True,1.35,180.0,4.5,2.5,80.0,0.3
94,-133.38,0.883,9.57,424.62,9.72,7,72,20,0.25,True,1.35,120.0,4.0,2.0,80.0,0.3
125,-223.89,0.881,8.0,1135.99,12.5,9,72,20,0.35,False,1.4,120.0,4.5,2.5,80.0,0.3
99,-143.82,0.88,11.11,554.4,11.11,8,72,20,0.35,True,1.4,150.0,3.5,2.0,80.0,0.3
100,-145.17,0.879,11.0,554.4,11.11,8,72,20,0.35,True,1.4,180.0,3.5,2.0,80.0,0.3
120,-178.35,0.878,8.33,646.33,12.5,9,72,20,0.25,True,1.4,180.0,4.5,2.0,80.0,0.3
128,-234.48,0.878,9.38,1056.52,12.5,9,72,20,0.35,False,1.4,120.0,4.0,2.5,80.0,0.3
212,-300.11,0.878,10.38,700.95,25.0,18,72,10,0.45,False,1.4,150.0,4.0,2.0,80.0,0.3
90,-173.07,0.877,7.78,742.86,9.72,7,72,20,0.35,True,1.4,120.0,4.5,2.5,80.0,0.3
626,-657.51,0.876,7.67,1245.68,31.94,23,72,10,0.25,False,1.4,150.0,4.0,2.0,80.0,0.3
92,-177.78,0.872,10.87,545.6,9.72,7,72,20,0.25,True,1.35,120.0,3.5,2.5,80.0,0.3
80,-128.61,0.87,11.25,471.56,8.33,6,72,20,0.35,True,1.35,120.0,3.5,2.0,80.0,0.3
225,-389.51,0.869,8.0,955.72,20.83,15,72,14,0.35,False,1.4,150.0,4.5,2.5,80.0,0.3
199,-352.06,0.867,9.05,712.59,18.06,13,72,10,0.45,False,1.4,180.0,4.0,2.5,80.0,0.3
643,-778.87,0.862,7.78,1263.28,31.94,23,72,10,0.25,False,1.4,180.0,4.0,2.0,80.0,0.3
95,-162.98,0.861,9.47,424.62,9.72,7,72,20,0.25,True,1.35,150.0,4.0,2.0,80.0,0.3
95,-162.98,0.861,9.47,424.62,9.72,7,72,20,0.25,True,1.35,180.0,4.0,2.0,80.0,0.3
111,-228.71,0.861,7.21,834.61,11.11,8,72,20,0.25,True,1.4,120.0,4.5,2.5,80.0,0.3
72,-115.2,0.859,9.72,279.3,6.94,5,72,20,0.45,True,1.4,120.0,4.0,2.0,80.0,0.3
79,-181.41,0.859,10.13,522.82,6.94,5,72,20,0.35,True,1.35,150.0,4.0,2.5,80.0,0.3
79,-181.41,0.859,10.13,522.82,6.94,5,72,20,0.35,True,1.35,180.0,4.0,2.5,80.0,0.3
199,-320.43,0.859,9.05,778.38,20.83,15,72,10,0.45,False,1.4,120.0,4.5,2.0,80.0,0.3
199,-320.43,0.859,9.05,778.38,20.83,15,72,10,0.45,False,1.4,150.0,4.5,2.0,80.0,0.3
123,-209.89,0.856,10.57,655.92,13.89,10,72,20,0.25,True,1.4,150.0,3.5,2.0,80.0,0.3
124,-211.24,0.855,10.48,655.92,13.89,10,72,20,0.25,True,1.4,180.0,3.5,2.0,80.0,0.3
93,-210.21,0.853,10.75,676.42,9.72,7,72,20,0.35,True,1.4,120.0,3.5,2.5,80.0,0.3
93,-210.21,0.853,10.75,676.42,9.72,7,72,20,0.35,True,1.4,150.0,3.5,2.5,80.0,0.3
96,-178.55,0.85,9.38,544.81,9.72,7,72,20,0.35,True,1.4,120.0,4.0,2.0,80.0,0.3
93,-214.5,0.85,10.75,545.6,9.72,7,72,20,0.25,True,1.35,150.0,3.5,2.5,80.0,0.3
93,-214.5,0.85,10.75,545.6,9.72,7,72,20,0.25,True,1.35,180.0,3.5,2.5,80.0,0.3
81,-152.39,0.849,11.11,495.33,8.33,6,72,20,0.35,True,1.35,150.0,3.5,2.0,80.0,0.3
193,-380.13,0.849,8.81,777.58,18.06,13,72,10,0.45,False,1.4,120.0,4.0,2.5,80.0,0.3
193,-380.13,0.849,8.81,777.58,18.06,13,72,10,0.45,False,1.4,150.0,4.0,2.5,80.0,0.3
82,-153.74,0.848,10.98,495.33,8.33,6,72,20,0.35,True,1.35,180.0,3.5,2.0,80.0,0.3
455,-673.88,0.842,8.13,1308.77,30.56,22,72,14,0.25,False,1.4,120.0,4.0,2.0,80.0,0.3
73,-136.21,0.838,9.59,300.3,6.94,5,72,20,0.45,True,1.4,150.0,4.0,2.0,80.0,0.3
73,-136.21,0.838,9.59,300.3,6.94,5,72,20,0.45,True,1.4,180.0,4.0,2.0,80.0,0.3
94,-236.19,0.838,10.64,676.42,9.72,7,72,20,0.35,True,1.4,180.0,3.5,2.5,80.0,0.3
63,-140.87,0.837,9.52,277.27,4.17,3,72,20,0.45,True,1.35,150.0,4.0,2.5,80.0,0.3
63,-140.87,0.837,9.52,277.27,4.17,3,72,20,0.45,True,1.35,180.0,4.0,2.5,80.0,0.3
84,-153.52,0.837,9.52,358.77,8.33,6,72,20,0.45,False,1.4,120.0,4.0,2.0,80.0,0.3
457,-699.97,0.836,8.1,1308.77,30.56,22,72,14,0.25,False,1.4,150.0,4.0,2.0,80.0,0.3
457,-699.97,0.836,8.1,1308.77,30.56,22,72,14,0.25,False,1.4,180.0,4.0,2.0,80.0,0.3
97,-199.55,0.835,9.28,553.64,9.72,7,72,20,0.35,True,1.4,150.0,4.0,2.0,80.0,0.3
97,-199.55,0.835,9.28,553.64,9.72,7,72,20,0.35,True,1.4,180.0,4.0,2.0,80.0,0.3
64,-120.85,0.831,10.94,297.69,5.56,4,72,20,0.45,True,1.35,120.0,3.5,2.0,80.0,0.3
237,-538.42,0.827,9.7,896.54,25.0,18,72,14,0.35,False,1.4,120.0,3.5,2.5,80.0,0.3
230,-545.48,0.826,7.83,955.72,20.83,15,72,14,0.35,False,1.4,180.0,4.5,2.5,80.0,0.3
81,-187.51,0.824,8.64,500.44,8.33,6,72,20,0.35,True,1.35,120.0,4.5,2.0,80.0,0.3
81,-187.51,0.824,8.64,500.44,8.33,6,72,20,0.35,True,1.35,150.0,4.5,2.0,80.0,0.3
81,-187.51,0.824,8.64,500.44,8.33,6,72,20,0.35,True,1.35,180.0,4.5,2.0,80.0,0.3
89,-189.79,0.823,6.74,676.55,8.33,6,72,14,0.25,True,1.35,120.0,4.0,2.5,80.0,0.3
85,-174.52,0.818,9.41,358.77,8.33,6,72,20,0.45,False,1.4,150.0,4.0,2.0,80.0,0.3
85,-174.52,0.818,9.41,358.77,8.33,6,72,20,0.45,False,1.4,180.0,4.0,2.0,80.0,0.3
88,-197.56,0.816,5.68,676.55,6.94,5,72,14,0.25,True,1.35,120.0,4.5,2.5,80.0,0.3
88,-197.56,0.816,5.68,676.55,6.94,5,72,14,0.25,True,1.35,150.0,4.5,2.5,80.0,0.3
88,-197.56,0.816,5.68,676.55,6.94,5,72,14,0.25,True,1.35,180.0,4.5,2.5,80.0,0.3
114,-306.39,0.816,9.65,768.18,11.11,8,72,20,0.25,True,1.4,120.0,3.5,2.5,80.0,0.3
212,-472.12,0.814,8.96,803.3,20.83,15,72,10,0.45,False,1.4,180.0,4.5,2.0,80.0,0.3
85,-163.23,0.809,5.88,456.74,6.94,5,72,14,0.35,True,1.4,120.0,4.0,2.0,80.0,0.3
85,-163.23,0.809,5.88,456.74,6.94,5,72,14,0.35,True,1.4,150.0,4.0,2.0,80.0,0.3
85,-163.23,0.809,5.88,456.74,6.94,5,72,14,0.35,True,1.4,180.0,4.0,2.0,80.0,0.3
71,-116.36,0.807,5.63,417.5,4.17,3,72,14,0.35,True,1.35,120.0,3.5,2.0,80.0,0.3
71,-116.36,0.807,5.63,417.5,4.17,3,72,14,0.35,True,1.35,150.0,3.5,2.0,80.0,0.3
71,-116.36,0.807,5.63,417.5,4.17,3,72,14,0.35,True,1.35,180.0,3.5,2.0,80.0,0.3
118,-271.19,0.807,8.47,646.33,11.11,8,72,20,0.25,True,1.4,120.0,4.0,2.0,80.0,0.3
65,-144.63,0.804,10.77,321.47,5.56,4,72,20,0.45,True,1.35,150.0,3.5,2.0,80.0,0.3
65,-144.63,0.804,10.77,321.47,5.56,4,72,20,0.45,True,1.35,180.0,3.5,2.0,80.0,0.3
130,-381.77,0.802,10.0,1069.55,12.5,9,72,20,0.35,False,1.4,120.0,3.5,2.5,80.0,0.3
78,-257.93,0.8,8.97,599.34,6.94,5,72,20,0.35,True,1.35,120.0,4.0,2.5,80.0,0.3
115,-343.12,0.798,9.57,768.18,11.11,8,72,20,0.25,True,1.4,150.0,3.5,2.5,80.0,0.3
126,-371.31,0.794,8.73,687.14,15.28,11,72,10,0.25,True,1.4,120.0,4.0,2.5,80.0,0.3
126,-371.31,0.794,8.73,687.14,15.28,11,72,10,0.25,True,1.4,150.0,4.0,2.5,80.0,0.3
126,-371.31,0.794,8.73,687.14,15.28,11,72,10,0.25,True,1.4,180.0,4.0,2.5,80.0,0.3
54,-101.42,0.791,3.7,396.28,2.78,2,72,14,0.45,True,1.35,120.0,4.0,2.0,80.0,0.3
54,-101.42,0.791,3.7,396.28,2.78,2,72,14,0.45,True,1.35,150.0,4.0,2.0,80.0,0.3
54,-101.42,0.791,3.7,396.28,2.78,2,72,14,0.45,True,1.35,180.0,4.0,2.0,80.0,0.3
240,-691.69,0.788,9.58,940.87,25.0,18,72,14,0.35,False,1.4,150.0,3.5,2.5,80.0,0.3
116,-369.1,0.786,9.48,768.18,11.11,8,72,20,0.25,True,1.4,180.0,3.5,2.5,80.0,0.3
135,-362.65,0.784,8.15,853.81,12.5,9,72,20,0.35,False,1.4,120.0,4.5,2.0,80.0,0.3
135,-362.65,0.784,8.15,853.81,12.5,9,72,20,0.35,False,1.4,150.0,4.5,2.0,80.0,0.3
131,-429.28,0.782,9.92,1069.55,12.5,9,72,20,0.35,False,1.4,150.0,3.5,2.5,80.0,0.3
120,-321.79,0.779,8.33,646.33,11.11,8,72,20,0.25,True,1.4,150.0,4.0,2.0,80.0,0.3
120,-321.79,0.779,8.33,646.33,11.11,8,72,20,0.25,True,1.4,180.0,4.0,2.0,80.0,0.3
244,-731.25,0.779,9.43,980.43,25.0,18,72,14,0.35,False,1.4,180.0,3.5,2.5,80.0,0.3
137,-370.99,0.775,10.22,874.66,13.89,10,72,20,0.35,False,1.4,120.0,3.5,2.0,80.0,0.3
136,-383.66,0.774,8.09,853.81,12.5,9,72,20,0.35,False,1.4,180.0,4.5,2.0,80.0,0.3
132,-455.26,0.772,9.85,1069.55,12.5,9,72,20,0.35,False,1.4,180.0,3.5,2.5,80.0,0.3
78,-301.18,0.767,7.69,694.46,6.94,5,72,20,0.35,True,1.35,150.0,4.5,2.5,80.0,0.3
78,-301.18,0.767,7.69,694.46,6.94,5,72,20,0.35,True,1.35,180.0,4.5,2.5,80.0,0.3
237,-647.17,0.765,8.02,1047.86,20.83,15,72,14,0.35,False,1.4,120.0,4.5,2.0,80.0,0.3
47,-159.17,0.757,8.51,225.02,5.56,4,72,10,0.45,True,1.4,120.0,4.5,2.0,80.0,0.3
47,-159.17,0.757,8.51,225.02,5.56,4,72,10,0.45,True,1.4,150.0,4.5,2.0,80.0,0.3
139,-421.11,0.752,10.07,874.66,13.89,10,72,20,0.35,False,1.4,150.0,3.5,2.0,80.0,0.3
79,-320.67,0.751,10.13,610.2,6.94,5,72,20,0.35,True,1.35,120.0,3.5,2.5,80.0,0.3
79,-320.67,0.751,10.13,610.2,6.94,5,72,20,0.35,True,1.35,150.0,3.5,2.5,80.0,0.3
79,-320.67,0.751,10.13,610.2,6.94,5,72,20,0.35,True,1.35,180.0,3.5,2.5,80.0,0.3
199,-661.79,0.75,9.05,835.98,18.06,13,72,10,0.45,False,1.4,150.0,3.5,2.5,80.0,0.3
62,-217.39,0.749,8.06,321.03,4.17,3,72,20,0.45,True,1.35,120.0,4.0,2.5,80.0,0.3
248,-751.17,0.744,9.27,935.0,23.61,17,72,14,0.35,False,1.4,180.0,3.5,2.0,80.0,0.3
193,-646.68,0.743,8.81,917.39,18.06,13,72,10,0.45,False,1.4,120.0,3.5,2.5,80.0,0.3
141,-449.77,0.74,9.93,874.66,13.89,10,72,20,0.35,False,1.4,180.0,3.5,2.0,80.0,0.3
57,-197.88,0.735,8.77,362.78,6.94,5,72,10,0.35,True,1.35,120.0,4.5,2.0,80.0,0.3
125,-490.55,0.735,7.2,751.39,12.5,9,72,10,0.25,True,1.4,120.0,4.5,2.5,80.0,0.3
125,-490.55,0.735,7.2,751.39,12.5,9,72,10,0.25,True,1.4,150.0,4.5,2.5,80.0,0.3
125,-490.55,0.735,7.2,751.39,12.5,9,72,10,0.25,True,1.4,180.0,4.5,2.5,80.0,0.3
109,-374.27,0.734,6.42,926.97,8.33,6,72,14,0.25,True,1.4,150.0,4.0,2.5,80.0,0.3
109,-374.27,0.734,6.42,926.97,8.33,6,72,14,0.25,True,1.4,180.0,4.0,2.5,80.0,0.3
63,-232.34,0.732,9.52,313.97,4.17,3,72,20,0.45,True,1.35,120.0,3.5,2.5,80.0,0.3
63,-232.34,0.732,9.52,313.97,4.17,3,72,20,0.45,True,1.35,150.0,3.5,2.5,80.0,0.3
63,-232.34,0.732,9.52,313.97,4.17,3,72,20,0.45,True,1.35,180.0,3.5,2.5,80.0,0.3
81,-285.74,0.731,8.64,557.17,6.94,5,72,20,0.35,True,1.35,120.0,4.0,2.0,80.0,0.3
81,-285.74,0.731,8.64,557.17,6.94,5,72,20,0.35,True,1.35,150.0,4.0,2.0,80.0,0.3
81,-285.74,0.731,8.64,557.17,6.94,5,72,20,0.35,True,1.35,180.0,4.0,2.0,80.0,0.3
48,-183.35,0.73,8.33,225.02,5.56,4,72,10,0.45,True,1.4,180.0,4.5,2.0,80.0,0.3
248,-806.14,0.729,8.06,1046.91,20.83,15,72,14,0.35,False,1.4,120.0,4.0,2.0,80.0,0.3
242,-800.97,0.724,7.85,1122.45,20.83,15,72,14,0.35,False,1.4,150.0,4.5,2.0,80.0,0.3
247,-810.51,0.724,8.91,935.56,23.61,17,72,14,0.35,False,1.4,120.0,3.5,2.0,80.0,0.3
247,-810.51,0.724,8.91,935.56,23.61,17,72,14,0.35,False,1.4,150.0,3.5,2.0,80.0,0.3
71,-177.9,0.718,4.23,472.76,4.17,3,72,14,0.35,True,1.35,120.0,4.0,2.0,80.0,0.3
71,-177.9,0.718,4.23,472.76,4.17,3,72,14,0.35,True,1.35,150.0,4.0,2.0,80.0,0.3
71,-177.9,0.718,4.23,472.76,4.17,3,72,14,0.35,True,1.35,180.0,4.0,2.0,80.0,0.3
76,-356.02,0.718,6.58,749.3,6.94,5,72,20,0.35,True,1.35,120.0,4.5,2.5,80.0,0.3
245,-832.29,0.716,7.76,1153.77,20.83,15,72,14,0.35,False,1.4,180.0,4.5,2.0,80.0,0.3
58,-224.89,0.71,8.62,362.78,6.94,5,72,10,0.35,True,1.35,150.0,4.5,2.0,80.0,0.3
58,-224.89,0.71,8.62,362.78,6.94,5,72,10,0.35,True,1.35,180.0,4.5,2.0,80.0,0.3
250,-885.34,0.71,8.0,1050.17,20.83,15,72,14,0.35,False,1.4,150.0,4.0,2.0,80.0,0.3
250,-885.34,0.71,8.0,1050.17,20.83,15,72,14,0.35,False,1.4,180.0,4.0,2.0,80.0,0.3
84,-384.06,0.707,9.52,556.99,11.11,8,72,10,0.35,True,1.4,120.0,4.0,2.5,80.0,0.3
84,-384.06,0.707,9.52,556.99,11.11,8,72,10,0.35,True,1.4,150.0,4.0,2.5,80.0,0.3
84,-384.06,0.707,9.52,556.99,11.11,8,72,10,0.35,True,1.4,180.0,4.0,2.5,80.0,0.3
92,-287.29,0.699,5.43,636.7,6.94,5,72,14,0.25,True,1.35,120.0,4.5,2.0,80.0,0.3
92,-287.29,0.699,5.43,636.7,6.94,5,72,14,0.25,True,1.35,150.0,4.5,2.0,80.0,0.3
92,-287.29,0.699,5.43,636.7,6.94,5,72,14,0.25,True,1.35,180.0,4.5,2.0,80.0,0.3
106,-433.73,0.686,4.72,926.97,6.94,5,72,14,0.25,True,1.4,120.0,4.5,2.5,80.0,0.3
207,-907.52,0.686,8.7,1081.71,18.06,13,72,10,0.45,False,1.4,180.0,3.5,2.5,80.0,0.3
136,-538.46,0.685,8.09,917.05,11.11,8,72,20,0.35,False,1.4,120.0,4.0,2.0,80.0,0.3
65,-256.21,0.676,7.69,355.26,5.56,4,72,20,0.45,True,1.35,120.0,4.5,2.0,80.0,0.3
65,-256.21,0.676,7.69,355.26,5.56,4,72,20,0.45,True,1.35,150.0,4.5,2.0,80.0,0.3
65,-256.21,0.676,7.69,355.26,5.56,4,72,20,0.45,True,1.35,180.0,4.5,2.0,80.0,0.3
137,-559.47,0.676,8.03,938.05,11.11,8,72,20,0.35,False,1.4,150.0,4.0,2.0,80.0,0.3
137,-559.47,0.676,8.03,938.05,11.11,8,72,20,0.35,False,1.4,180.0,4.0,2.0,80.0,0.3
108,-459.51,0.674,5.56,926.97,8.33,6,72,14,0.25,True,1.4,120.0,4.0,2.5,80.0,0.3
112,-403.51,0.672,5.36,751.57,8.33,6,72,14,0.25,True,1.4,120.0,4.5,2.0,80.0,0.3
112,-403.51,0.672,5.36,751.57,8.33,6,72,14,0.25,True,1.4,150.0,4.5,2.0,80.0,0.3
112,-403.51,0.672,5.36,751.57,8.33,6,72,14,0.25,True,1.4,180.0,4.5,2.0,80.0,0.3
107,-469.85,0.669,4.67,926.97,6.94,5,72,14,0.25,True,1.4,150.0,4.5,2.5,80.0,0.3
107,-469.85,0.669,4.67,926.97,6.94,5,72,14,0.25,True,1.4,180.0,4.5,2.5,80.0,0.3
62,-308.43,0.647,6.45,434.08,4.17,3,72,20,0.45,True,1.35,150.0,4.5,2.5,80.0,0.3
62,-308.43,0.647,6.45,434.08,4.17,3,72,20,0.45,True,1.35,180.0,4.5,2.5,80.0,0.3
60,-284.91,0.645,6.67,459.86,5.56,4,72,14,0.45,True,1.4,120.0,4.0,2.5,80.0,0.3
84,-507.58,0.625,7.14,672.96,8.33,6,72,10,0.35,True,1.4,120.0,4.5,2.5,80.0,0.3
84,-507.58,0.625,7.14,672.96,8.33,6,72,10,0.35,True,1.4,150.0,4.5,2.5,80.0,0.3
84,-507.58,0.625,7.14,672.96,8.33,6,72,10,0.35,True,1.4,180.0,4.5,2.5,80.0,0.3
61,-321.03,0.617,6.56,459.86,5.56,4,72,14,0.45,True,1.4,150.0,4.0,2.5,80.0,0.3
61,-321.03,0.617,6.56,459.86,5.56,4,72,14,0.45,True,1.4,180.0,4.0,2.5,80.0,0.3
47,-311.36,0.612,6.38,427.34,4.17,3,72,10,0.45,True,1.4,120.0,4.5,2.5,80.0,0.3
47,-311.36,0.612,6.38,427.34,4.17,3,72,10,0.45,True,1.4,150.0,4.5,2.5,80.0,0.3
47,-311.36,0.612,6.38,427.34,4.17,3,72,10,0.45,True,1.4,180.0,4.5,2.5,80.0,0.3
65,-316.21,0.6,7.69,397.65,4.17,3,72,20,0.45,True,1.35,120.0,4.0,2.0,80.0,0.3
65,-316.21,0.6,7.69,397.65,4.17,3,72,20,0.45,True,1.35,150.0,4.0,2.0,80.0,0.3
65,-316.21,0.6,7.69,397.65,4.17,3,72,20,0.45,True,1.35,180.0,4.0,2.0,80.0,0.3
59,-338.69,0.578,5.08,459.86,4.17,3,72,14,0.45,True,1.4,120.0,4.5,2.5,80.0,0.3
58,-406.69,0.578,8.62,454.74,6.94,5,72,10,0.35,True,1.35,120.0,4.0,2.5,80.0,0.3
58,-406.69,0.578,8.62,454.74,6.94,5,72,10,0.35,True,1.35,150.0,4.0,2.5,80.0,0.3
58,-406.69,0.578,8.62,454.74,6.94,5,72,10,0.35,True,1.35,180.0,4.0,2.5,80.0,0.3
60,-363.27,0.569,5.0,488.93,4.17,3,72,20,0.45,True,1.35,120.0,4.5,2.5,80.0,0.3
84,-468.68,0.563,5.95,668.89,5.56,4,72,14,0.35,True,1.4,150.0,4.0,2.5,80.0,0.3
84,-468.68,0.563,5.95,668.89,5.56,4,72,14,0.35,True,1.4,180.0,4.0,2.5,80.0,0.3
60,-374.81,0.553,5.0,459.86,4.17,3,72,14,0.45,True,1.4,150.0,4.5,2.5,80.0,0.3
60,-374.81,0.553,5.0,459.86,4.17,3,72,14,0.45,True,1.4,180.0,4.5,2.5,80.0,0.3
47,-366.31,0.544,6.38,427.34,4.17,3,72,10,0.45,True,1.4,120.0,4.0,2.5,80.0,0.3
47,-366.31,0.544,6.38,427.34,4.17,3,72,10,0.45,True,1.4,150.0,4.0,2.5,80.0,0.3
47,-366.31,0.544,6.38,427.34,4.17,3,72,10,0.45,True,1.4,180.0,4.0,2.5,80.0,0.3
54,-292.85,0.533,5.56,397.26,4.17,3,72,14,0.45,True,1.35,120.0,4.0,2.5,80.0,0.3
54,-292.85,0.533,5.56,397.26,4.17,3,72,14,0.45,True,1.35,150.0,4.0,2.5,80.0,0.3
54,-292.85,0.533,5.56,397.26,4.17,3,72,14,0.45,True,1.35,180.0,4.0,2.5,80.0,0.3
71,-383.1,0.523,5.63,505.81,4.17,3,72,14,0.35,True,1.35,150.0,4.0,2.5,80.0,0.3
71,-383.1,0.523,5.63,505.81,4.17,3,72,14,0.35,True,1.35,180.0,4.0,2.5,80.0,0.3
58,-479.58,0.517,6.9,585.06,5.56,4,72,10,0.35,True,1.35,120.0,4.5,2.5,80.0,0.3
58,-479.58,0.517,6.9,585.06,5.56,4,72,10,0.35,True,1.35,150.0,4.5,2.5,80.0,0.3
58,-479.58,0.517,6.9,585.06,5.56,4,72,10,0.35,True,1.35,180.0,4.5,2.5,80.0,0.3
61,-346.48,0.512,4.92,440.2,4.17,3,72,14,0.45,True,1.4,120.0,4.5,2.0,80.0,0.3
61,-346.48,0.512,4.92,440.2,4.17,3,72,14,0.45,True,1.4,150.0,4.5,2.0,80.0,0.3
61,-346.48,0.512,4.92,440.2,4.17,3,72,14,0.45,True,1.4,180.0,4.5,2.0,80.0,0.3
83,-553.93,0.483,4.82,668.89,5.56,4,72,14,0.35,True,1.4,120.0,4.0,2.5,80.0,0.3
85,-490.9,0.473,4.71,584.62,5.56,4,72,14,0.35,True,1.4,120.0,4.5,2.0,80.0,0.3
85,-490.9,0.473,4.71,584.62,5.56,4,72,14,0.35,True,1.4,150.0,4.5,2.0,80.0,0.3
85,-490.9,0.473,4.71,584.62,5.56,4,72,14,0.35,True,1.4,180.0,4.5,2.0,80.0,0.3
82,-607.71,0.433,3.66,668.89,4.17,3,72,14,0.35,True,1.4,120.0,4.5,2.5,80.0,0.3
83,-643.83,0.419,3.61,668.89,4.17,3,72,14,0.35,True,1.4,150.0,4.5,2.5,80.0,0.3
83,-643.83,0.419,3.61,668.89,4.17,3,72,14,0.35,True,1.4,180.0,4.5,2.5,80.0,0.3
70,-468.34,0.416,4.29,572.75,4.17,3,72,14,0.35,True,1.35,120.0,4.0,2.5,80.0,0.3
53,-369.8,0.41,3.77,368.45,2.78,2,72,14,0.45,True,1.35,120.0,4.5,2.5,80.0,0.3
53,-369.8,0.41,3.77,368.45,2.78,2,72,14,0.45,True,1.35,150.0,4.5,2.5,80.0,0.3
53,-369.8,0.41,3.77,368.45,2.78,2,72,14,0.45,True,1.35,180.0,4.5,2.5,80.0,0.3
69,-545.28,0.32,2.9,543.93,2.78,2,72,14,0.35,True,1.35,120.0,4.5,2.5,80.0,0.3
69,-545.28,0.32,2.9,543.93,2.78,2,72,14,0.35,True,1.35,150.0,4.5,2.5,80.0,0.3
69,-545.28,0.32,2.9,543.93,2.78,2,72,14,0.35,True,1.35,180.0,4.5,2.5,80.0,0.3
71,-535.63,0.243,2.82,629.35,2.78,2,72,14,0.35,True,1.35,120.0,4.5,2.0,80.0,0.3
71,-535.63,0.243,2.82,629.35,2.78,2,72,14,0.35,True,1.35,150.0,4.5,2.0,80.0,0.3
71,-535.63,0.243,2.82,629.35,2.78,2,72,14,0.35,True,1.35,180.0,4.5,2.0,80.0,0.3
54,-467.78,0.169,1.85,561.5,1.39,1,72,14,0.45,True,1.35,120.0,4.5,2.0,80.0,0.3
54,-467.78,0.169,1.85,561.5,1.39,1,72,14,0.45,True,1.35,150.0,4.5,2.0,80.0,0.3
54,-467.78,0.169,1.85,561.5,1.39,1,72,14,0.45,True,1.35,180.0,4.5,2.0,80.0,0.3
