efi_period,tp_mult,sl_mult,kfd_thresh,monthly_profit_lock,monthly_loss_breaker,use_kfd,total_trades,trades_per_year,net_profit,pf,win_rate,max_dd,romad,mcr,pos_months,total_months
8,3.0,1.5,1.35,0.0,0.0,True,519,86.5,4679.52,1.155,37.19,1885.61,2.48,58.33,42,72
8,3.0,1.5,1.35,200.0,250.0,True,322,53.7,494.42,1.03,36.34,2210.61,0.22,54.17,39,72
8,3.0,1.5,1.35,250.0,250.0,True,342,57.0,949.88,1.053,35.96,2169.94,0.44,52.78,38,72
8,3.0,1.5,1.35,350.0,350.0,True,407,67.8,2390.33,1.114,36.86,2392.9,1.0,55.56,40,72
8,3.0,1.5,1.4,0.0,0.0,True,573,95.5,3514.72,1.102,36.13,2237.14,1.57,54.17,39,72
8,3.0,1.5,1.4,200.0,250.0,True,332,55.3,700.71,1.041,36.75,2361.46,0.3,54.17,39,72
8,3.0,1.5,1.4,250.0,250.0,True,361,60.2,408.21,1.022,35.46,2320.79,0.18,51.39,37,72
8,3.0,1.5,1.4,350.0,350.0,True,450,75.0,688.21,1.029,35.33,2081.08,0.33,51.39,37,72
8,3.0,1.5,1.45,0.0,0.0,True,618,103.0,3641.42,1.099,35.92,2484.03,1.47,54.17,39,72
8,3.0,1.5,1.45,200.0,250.0,True,341,56.8,1478.15,1.088,37.24,2695.29,0.55,58.33,42,72
8,3.0,1.5,1.45,250.0,250.0,True,367,61.2,1383.97,1.074,36.24,2386.64,0.58,54.17,39,72
8,3.0,1.5,1.45,350.0,350.0,True,478,79.7,1379.43,1.055,35.77,2661.51,0.52,54.17,39,72
8,3.0,1.5,,0.0,0.0,False,1554,259.0,-149.15,0.998,34.23,7781.3,-0.02,40.28,29,72
8,3.0,1.5,,200.0,250.0,False,466,77.7,-3796.17,0.85,31.97,3925.9,-0.97,43.06,31,72
8,3.0,1.5,,250.0,250.0,False,517,86.2,-4554.57,0.84,32.11,4684.3,-0.97,37.5,27,72
8,3.0,1.5,,350.0,350.0,False,734,122.3,-6265.17,0.845,32.43,6394.9,-0.98,38.89,28,72
8,3.0,2.0,1.35,0.0,0.0,True,471,78.5,5698.11,1.176,45.01,1560.28,3.65,61.11,44,72
8,3.0,2.0,1.35,200.0,250.0,True,258,43.0,3476.38,1.236,46.9,970.62,3.58,59.72,43,72
8,3.0,2.0,1.35,250.0,250.0,True,269,44.8,3166.75,1.204,46.1,1330.35,2.38,56.94,41,72
8,3.0,2.0,1.35,350.0,350.0,True,354,59.0,4115.74,1.196,46.05,1197.49,3.44,58.33,42,72
8,3.0,2.0,1.4,0.0,0.0,True,523,87.2,4005.56,1.107,43.79,2213.29,1.81,56.94,41,72
8,3.0,2.0,1.4,200.0,250.0,True,265,44.2,2539.09,1.163,45.66,1033.94,2.46,56.94,41,72
8,3.0,2.0,1.4,250.0,250.0,True,294,49.0,2264.37,1.129,44.9,1314.34,1.72,54.17,39,72
8,3.0,2.0,1.4,350.0,350.0,True,383,63.8,3003.26,1.126,45.17,1385.49,2.17,55.56,40,72
8,3.0,2.0,1.45,0.0,0.0,True,565,94.2,5022.95,1.126,44.42,2371.13,2.12,61.11,44,72
8,3.0,2.0,1.45,200.0,250.0,True,275,45.8,4684.33,1.304,48.36,1368.72,3.42,63.89,46,72
8,3.0,2.0,1.45,250.0,250.0,True,307,51.2,4818.5,1.278,48.21,1368.72,3.52,61.11,44,72
8,3.0,2.0,1.45,350.0,350.0,True,415,69.2,4017.06,1.158,46.02,1366.0,2.94,62.5,45,72
8,3.0,2.0,,0.0,0.0,False,1305,217.5,900.76,1.009,41.38,5633.65,0.16,44.44,32,72
8,3.0,2.0,,200.0,250.0,False,364,60.7,-3061.39,0.868,38.19,4437.25,-0.69,45.83,33,72
8,3.0,2.0,,250.0,250.0,False,395,65.8,-4215.37,0.837,37.97,5162.71,-0.82,40.28,29,72
8,3.0,2.0,,350.0,350.0,False,578,96.3,-5254.52,0.858,38.93,5960.17,-0.88,41.67,30,72
8,3.0,2.5,1.35,0.0,0.0,True,447,74.5,7767.13,1.23,51.23,2068.97,3.75,61.11,44,72
8,3.0,2.5,1.35,200.0,250.0,True,235,39.2,2507.5,1.168,52.77,1345.2,1.86,59.72,43,72
8,3.0,2.5,1.35,250.0,250.0,True,254,42.3,2031.19,1.123,51.57,1354.14,1.5,56.94,41,72
8,3.0,2.5,1.35,350.0,350.0,True,318,53.0,4987.44,1.238,51.89,1683.13,2.96,59.72,43,72
8,3.0,2.5,1.4,0.0,0.0,True,496,82.7,6197.92,1.157,50.2,2908.98,2.13,61.11,44,72
8,3.0,2.5,1.4,200.0,250.0,True,257,42.8,2585.06,1.155,52.53,1334.83,1.94,62.5,45,72
8,3.0,2.5,1.4,250.0,250.0,True,286,47.7,2305.7,1.122,51.4,1455.82,1.58,61.11,44,72
8,3.0,2.5,1.4,350.0,350.0,True,343,57.2,3068.94,1.125,50.73,1784.81,1.72,59.72,43,72
8,3.0,2.5,1.45,0.0,0.0,True,538,89.7,7578.41,1.181,50.93,3105.5,2.44,65.28,47,72
8,3.0,2.5,1.45,200.0,250.0,True,266,44.3,5058.95,1.316,54.89,986.54,5.13,66.67,48,72
8,3.0,2.5,1.45,250.0,250.0,True,288,48.0,4638.32,1.259,53.82,986.54,4.7,63.89,46,72
8,3.0,2.5,1.45,350.0,350.0,True,359,59.8,5707.94,1.234,53.2,1302.43,4.38,62.5,45,72
8,3.0,2.5,,0.0,0.0,False,1129,188.2,2021.56,1.021,46.86,6587.11,0.31,47.22,34,72
8,3.0,2.5,,200.0,250.0,False,335,55.8,12.72,1.001,46.87,1532.09,0.01,52.78,38,72
8,3.0,2.5,,250.0,250.0,False,383,63.8,-570.05,0.978,47.0,2058.83,-0.28,48.61,35,72
8,3.0,2.5,,350.0,350.0,False,488,81.3,-1737.51,0.949,46.52,3828.92,-0.45,48.61,35,72
8,3.5,1.5,1.35,0.0,0.0,True,510,85.0,5426.0,1.174,34.31,1614.04,3.36,59.72,43,72
8,3.5,1.5,1.35,200.0,250.0,True,304,50.7,1136.63,1.071,33.55,1785.19,0.64,56.94,41,72
8,3.5,1.5,1.35,250.0,250.0,True,329,54.8,1045.09,1.059,33.13,2015.86,0.52,54.17,39,72
8,3.5,1.5,1.35,350.0,350.0,True,398,66.3,2838.56,1.132,33.67,2265.49,1.25,55.56,40,72
8,3.5,1.5,1.4,0.0,0.0,True,563,93.8,4538.5,1.128,33.39,2209.76,2.05,58.33,42,72
8,3.5,1.5,1.4,200.0,250.0,True,316,52.7,1672.92,1.1,34.49,1743.67,0.96,58.33,42,72
8,3.5,1.5,1.4,250.0,250.0,True,345,57.5,976.01,1.052,33.33,2010.42,0.49,54.17,39,72
8,3.5,1.5,1.4,350.0,350.0,True,433,72.2,1334.55,1.056,32.56,1914.6,0.7,55.56,40,72
8,3.5,1.5,1.45,0.0,0.0,True,604,100.7,4132.47,1.109,32.95,2328.91,1.77,48.61,35,72
8,3.5,1.5,1.45,200.0,250.0,True,307,51.2,2787.13,1.177,35.5,2149.87,1.3,58.33,42,72
8,3.5,1.5,1.45,250.0,250.0,True,338,56.3,2527.93,1.146,34.62,2307.96,1.1,55.56,40,72
8,3.5,1.5,1.45,350.0,350.0,True,456,76.0,2323.86,1.093,32.89,2315.32,1.0,50.0,36,72
8,3.5,1.5,,0.0,0.0,False,1434,239.0,2234.59,1.023,31.31,6269.92,0.36,47.22,34,72
8,3.5,1.5,,200.0,250.0,False,384,64.0,-1898.26,0.912,30.21,2666.33,-0.71,48.61,35,72
8,3.5,1.5,,250.0,250.0,False,451,75.2,-3449.48,0.867,29.49,3601.35,-0.96,41.67,30,72
8,3.5,1.5,,350.0,350.0,False,638,106.3,-2369.36,0.933,30.25,3220.61,-0.74,43.06,31,72
8,3.5,2.0,1.35,0.0,0.0,True,458,76.3,6696.32,1.201,41.92,1735.51,3.86,61.11,44,72
8,3.5,2.0,1.35,200.0,250.0,True,240,40.0,2605.51,1.178,42.5,1318.92,1.98,56.94,41,72
8,3.5,2.0,1.35,250.0,250.0,True,267,44.5,5132.0,1.325,44.19,1318.92,3.89,56.94,41,72
8,3.5,2.0,1.35,350.0,350.0,True,338,56.3,3823.56,1.177,42.01,1618.55,2.36,56.94,41,72
8,3.5,2.0,1.4,0.0,0.0,True,508,84.7,5223.57,1.135,40.75,2257.3,2.31,58.33,42,72
8,3.5,2.0,1.4,200.0,250.0,True,255,42.5,3443.02,1.225,43.14,1150.09,2.99,55.56,40,72
8,3.5,2.0,1.4,250.0,250.0,True,284,47.3,4422.53,1.256,43.31,1150.09,3.85,55.56,40,72
8,3.5,2.0,1.4,350.0,350.0,True,374,62.3,2736.39,1.111,41.18,1714.47,1.6,54.17,39,72
8,3.5,2.0,1.45,0.0,0.0,True,546,91.0,5532.83,1.135,40.84,2367.99,2.34,61.11,44,72
8,3.5,2.0,1.45,200.0,250.0,True,262,43.7,4815.55,1.313,44.66,1285.44,3.75,63.89,46,72
8,3.5,2.0,1.45,250.0,250.0,True,290,48.3,5729.83,1.33,44.48,1087.16,5.27,62.5,45,72
8,3.5,2.0,1.45,350.0,350.0,True,389,64.8,5087.44,1.204,42.67,1458.66,3.49,59.72,43,72
8,3.5,2.0,,0.0,0.0,False,1207,201.2,4500.15,1.047,38.53,5565.54,0.81,51.39,37,72
8,3.5,2.0,,200.0,250.0,False,319,53.2,-545.65,0.974,36.99,2261.41,-0.24,50.0,36,72
8,3.5,2.0,,250.0,250.0,False,366,61.0,-1587.88,0.935,36.34,2683.74,-0.59,44.44,32,72
8,3.5,2.0,,350.0,350.0,False,497,82.8,-4142.84,0.879,36.22,5046.82,-0.82,43.06,31,72
8,3.5,2.5,1.35,0.0,0.0,True,430,71.7,8594.27,1.245,48.14,2259.95,3.8,62.5,45,72
8,3.5,2.5,1.35,200.0,250.0,True,217,36.2,2541.13,1.171,49.31,1311.69,1.94,61.11,44,72
8,3.5,2.5,1.35,250.0,250.0,True,243,40.5,3968.68,1.246,50.21,1311.69,3.03,61.11,44,72
8,3.5,2.5,1.35,350.0,350.0,True,307,51.2,4474.63,1.204,48.21,1619.5,2.76,59.72,43,72
8,3.5,2.5,1.4,0.0,0.0,True,478,79.7,7767.63,1.192,47.49,2979.59,2.61,59.72,43,72
8,3.5,2.5,1.4,200.0,250.0,True,230,38.3,3729.23,1.243,50.43,1413.37,2.64,61.11,44,72
8,3.5,2.5,1.4,250.0,250.0,True,260,43.3,4140.32,1.238,50.0,1413.37,2.93,59.72,43,72
8,3.5,2.5,1.4,350.0,350.0,True,335,55.8,3488.37,1.139,47.76,1721.18,2.03,55.56,40,72
8,3.5,2.5,1.45,0.0,0.0,True,516,86.0,8342.09,1.193,47.67,3176.11,2.63,62.5,45,72
8,3.5,2.5,1.45,200.0,250.0,True,246,41.0,5382.05,1.333,51.63,1060.71,5.07,66.67,48,72
8,3.5,2.5,1.45,250.0,250.0,True,265,44.2,5981.02,1.346,51.7,1060.71,5.64,65.28,47,72
8,3.5,2.5,1.45,350.0,350.0,True,351,58.5,6365.45,1.251,50.14,1151.08,5.53,62.5,45,72
8,3.5,2.5,,0.0,0.0,False,1024,170.7,5856.39,1.063,43.85,6609.16,0.89,50.0,36,72
8,3.5,2.5,,200.0,250.0,False,267,44.5,84.43,1.004,43.45,1802.79,0.05,54.17,39,72
8,3.5,2.5,,250.0,250.0,False,321,53.5,524.59,1.023,43.93,1716.86,0.31,50.0,36,72
8,3.5,2.5,,350.0,350.0,False,417,69.5,732.19,1.024,43.88,2387.06,0.31,50.0,36,72
8,4.0,1.5,1.35,0.0,0.0,True,496,82.7,7013.79,1.225,31.45,1514.12,4.63,56.94,41,72
8,4.0,1.5,1.35,200.0,250.0,True,279,46.5,2235.56,1.145,31.9,1513.62,1.48,55.56,40,72
8,4.0,1.5,1.35,250.0,250.0,True,313,52.2,663.83,1.037,30.03,1662.42,0.4,51.39,37,72
8,4.0,1.5,1.35,350.0,350.0,True,382,63.7,2153.16,1.098,30.1,2254.11,0.96,52.78,38,72
8,4.0,1.5,1.4,0.0,0.0,True,543,90.5,6053.2,1.173,30.39,1977.33,3.06,58.33,42,72
8,4.0,1.5,1.4,200.0,250.0,True,307,51.2,1542.59,1.089,30.94,1678.19,0.92,55.56,40,72
8,4.0,1.5,1.4,250.0,250.0,True,340,56.7,753.22,1.039,30.29,1867.02,0.4,52.78,38,72
8,4.0,1.5,1.4,350.0,350.0,True,399,66.5,1594.85,1.069,29.82,1895.15,0.84,55.56,40,72
8,4.0,1.5,1.45,0.0,0.0,True,584,97.3,6470.38,1.173,30.48,2063.79,3.14,59.72,43,72
8,4.0,1.5,1.45,200.0,250.0,True,297,49.5,3631.44,1.229,33.33,1637.02,2.22,59.72,43,72
8,4.0,1.5,1.45,250.0,250.0,True,325,54.2,3291.09,1.187,32.92,1921.07,1.71,58.33,42,72
8,4.0,1.5,1.45,350.0,350.0,True,416,69.3,2985.53,1.125,31.01,2503.4,1.19,58.33,42,72
8,4.0,1.5,,0.0,0.0,False,1320,220.0,3548.37,1.039,28.94,6054.78,0.59,45.83,33,72
8,4.0,1.5,,200.0,250.0,False,388,64.7,-1736.23,0.923,27.84,2745.7,-0.63,47.22,34,72
8,4.0,1.5,,250.0,250.0,False,417,69.5,-1323.77,0.945,29.02,3181.3,-0.42,45.83,33,72
8,4.0,1.5,,350.0,350.0,False,596,99.3,-3448.29,0.903,26.51,4110.04,-0.84,40.28,29,72
8,4.0,2.0,1.35,0.0,0.0,True,443,73.8,8240.44,1.247,38.6,1680.22,4.9,56.94,41,72
8,4.0,2.0,1.35,200.0,250.0,True,236,39.3,2657.39,1.173,38.98,1174.82,2.26,54.17,39,72
8,4.0,2.0,1.35,250.0,250.0,True,256,42.7,2368.32,1.14,38.28,1174.82,2.02,50.0,36,72
8,4.0,2.0,1.35,350.0,350.0,True,319,53.2,3264.74,1.149,38.24,1283.83,2.54,54.17,39,72
8,4.0,2.0,1.4,0.0,0.0,True,488,81.3,6891.67,1.18,37.3,2202.01,3.13,56.94,41,72
8,4.0,2.0,1.4,200.0,250.0,True,246,41.0,2619.57,1.164,38.62,1314.9,1.99,55.56,40,72
8,4.0,2.0,1.4,250.0,250.0,True,272,45.3,1877.41,1.103,37.5,1314.9,1.43,50.0,36,72
8,4.0,2.0,1.4,350.0,350.0,True,341,56.8,3111.71,1.131,37.83,1659.3,1.88,54.17,39,72
8,4.0,2.0,1.45,0.0,0.0,True,526,87.7,7878.39,1.194,37.83,2202.01,3.58,56.94,41,72
8,4.0,2.0,1.45,200.0,250.0,True,251,41.8,4039.62,1.253,40.24,1510.96,2.67,59.72,43,72
8,4.0,2.0,1.45,250.0,250.0,True,277,46.2,4292.01,1.246,40.07,1274.27,3.37,58.33,42,72
8,4.0,2.0,1.45,350.0,350.0,True,362,60.3,3973.99,1.157,38.95,1783.39,2.23,55.56,40,72
8,4.0,2.0,,0.0,0.0,False,1094,182.3,5663.06,1.062,36.01,5362.88,1.06,51.39,37,72
8,4.0,2.0,,200.0,250.0,False,307,51.2,-1177.86,0.945,34.85,2225.94,-0.53,50.0,36,72
8,4.0,2.0,,250.0,250.0,False,357,59.5,-2170.87,0.913,34.17,2844.16,-0.76,44.44,32,72
8,4.0,2.0,,350.0,350.0,False,480,80.0,-4281.36,0.877,33.54,4496.46,-0.95,41.67,30,72
8,4.0,2.5,1.35,0.0,0.0,True,415,69.2,7383.59,1.204,43.86,2204.66,3.35,55.56,40,72
8,4.0,2.5,1.35,200.0,250.0,True,204,34.0,1207.7,1.077,43.63,2036.66,0.59,55.56,40,72
8,4.0,2.5,1.35,250.0,250.0,True,230,38.3,758.34,1.042,42.61,1709.95,0.44,51.39,37,72
8,4.0,2.5,1.35,350.0,350.0,True,287,47.8,3150.78,1.142,43.9,1555.87,2.03,52.78,38,72
8,4.0,2.5,1.4,0.0,0.0,True,456,76.0,6475.16,1.157,42.98,2855.35,2.27,54.17,39,72
8,4.0,2.5,1.4,200.0,250.0,True,215,35.8,1782.19,1.109,44.19,1848.5,0.96,55.56,40,72
8,4.0,2.5,1.4,250.0,250.0,True,249,41.5,1088.04,1.057,42.97,1680.45,0.65,50.0,36,72
8,4.0,2.5,1.4,350.0,350.0,True,304,50.7,1709.43,1.07,42.76,1718.06,0.99,50.0,36,72
8,4.0,2.5,1.45,0.0,0.0,True,490,81.7,7604.08,1.174,43.67,2990.97,2.54,58.33,42,72
8,4.0,2.5,1.45,200.0,250.0,True,215,35.8,3053.36,1.19,46.05,2487.54,1.23,61.11,44,72
8,4.0,2.5,1.45,250.0,250.0,True,250,41.7,3076.91,1.164,45.2,2250.85,1.37,56.94,41,72
8,4.0,2.5,1.45,350.0,350.0,True,315,52.5,4946.64,1.206,46.03,1426.94,3.47,58.33,42,72
8,4.0,2.5,,0.0,0.0,False,932,155.3,7039.73,1.079,41.52,6349.98,1.11,52.78,38,72
8,4.0,2.5,,200.0,250.0,False,280,46.7,163.31,1.008,41.79,2519.0,0.06,52.78,38,72
8,4.0,2.5,,250.0,250.0,False,293,48.8,-18.91,0.999,41.3,2304.74,-0.01,50.0,36,72
8,4.0,2.5,,350.0,350.0,False,384,64.0,-1554.72,0.951,39.58,3066.88,-0.51,45.83,33,72
8,4.5,1.5,1.35,0.0,0.0,True,481,80.2,5954.02,1.189,29.31,1528.98,3.89,59.72,43,72
8,4.5,1.5,1.35,200.0,250.0,True,261,43.5,3548.71,1.24,31.42,1515.28,2.34,56.94,41,72
8,4.5,1.5,1.35,250.0,250.0,True,290,48.3,2649.7,1.159,29.66,1411.1,1.88,52.78,38,72
8,4.5,1.5,1.35,350.0,350.0,True,365,60.8,3066.57,1.144,29.32,1615.16,1.9,55.56,40,72
8,4.5,1.5,1.4,0.0,0.0,True,529,88.2,4997.96,1.14,28.17,1811.88,2.76,55.56,40,72
8,4.5,1.5,1.4,200.0,250.0,True,290,48.3,2815.43,1.169,30.0,1573.66,1.79,55.56,40,72
8,4.5,1.5,1.4,250.0,250.0,True,318,53.0,2157.11,1.117,28.93,1573.66,1.37,52.78,38,72
8,4.5,1.5,1.4,350.0,350.0,True,380,63.3,2697.57,1.119,28.95,1279.96,2.11,51.39,37,72
8,4.5,1.5,1.45,0.0,0.0,True,568,94.7,5322.76,1.14,28.35,1988.65,2.68,55.56,40,72
8,4.5,1.5,1.45,200.0,250.0,True,275,45.8,4014.58,1.258,32.0,1574.84,2.55,58.33,42,72
8,4.5,1.5,1.45,250.0,250.0,True,293,48.8,4323.92,1.264,31.4,1295.48,3.34,56.94,41,72
8,4.5,1.5,1.45,350.0,350.0,True,401,66.8,3602.62,1.151,29.43,1685.12,2.14,54.17,39,72
8,4.5,1.5,,0.0,0.0,False,1250,208.3,3956.75,1.045,27.04,5780.49,0.68,47.22,34,72
8,4.5,1.5,,200.0,250.0,False,330,55.0,-1249.48,0.938,25.76,2475.49,-0.5,47.22,34,72
8,4.5,1.5,,250.0,250.0,False,351,58.5,-346.7,0.983,26.78,2475.49,-0.14,45.83,33,72
8,4.5,1.5,,350.0,350.0,False,576,96.0,-1087.26,0.969,26.39,3023.12,-0.36,44.44,32,72
8,4.5,2.0,1.35,0.0,0.0,True,428,71.3,6424.09,1.187,35.98,2327.08,2.76,58.33,42,72
8,4.5,2.0,1.35,200.0,250.0,True,211,35.2,4956.94,1.364,39.34,1319.9,3.76,61.11,44,72
8,4.5,2.0,1.35,250.0,250.0,True,242,40.3,3210.87,1.196,36.36,1319.9,2.43,54.17,39,72
8,4.5,2.0,1.35,350.0,350.0,True,303,50.5,3512.83,1.164,36.3,1485.25,2.37,56.94,41,72
8,4.5,2.0,1.4,0.0,0.0,True,474,79.0,4765.31,1.121,34.39,2548.41,1.87,55.56,40,72
8,4.5,2.0,1.4,200.0,250.0,True,230,38.3,3770.09,1.249,36.96,1650.3,2.28,61.11,44,72
8,4.5,2.0,1.4,250.0,250.0,True,259,43.2,2844.66,1.161,35.52,1650.3,1.72,55.56,40,72
8,4.5,2.0,1.4,350.0,350.0,True,327,54.5,2743.89,1.115,34.86,1906.2,1.44,55.56,40,72
8,4.5,2.0,1.45,0.0,0.0,True,511,85.2,5677.07,1.135,35.03,2146.72,2.64,56.94,41,72
8,4.5,2.0,1.45,200.0,250.0,True,234,39.0,5363.63,1.349,39.32,1103.31,4.86,63.89,46,72
8,4.5,2.0,1.45,250.0,250.0,True,264,44.0,4828.88,1.274,37.88,1295.46,3.73,59.72,43,72
8,4.5,2.0,1.45,350.0,350.0,True,349,58.2,3381.94,1.131,35.82,1839.26,1.84,56.94,41,72
8,4.5,2.0,,0.0,0.0,False,1026,171.0,3818.44,1.043,33.33,5064.66,0.75,47.22,34,72
8,4.5,2.0,,200.0,250.0,False,265,44.2,227.27,1.012,32.45,1977.9,0.11,48.61,35,72
8,4.5,2.0,,250.0,250.0,False,290,48.3,-353.66,0.983,32.76,1977.9,-0.18,45.83,33,72
8,4.5,2.0,,350.0,350.0,False,495,82.5,-997.79,0.973,32.73,3228.76,-0.31,44.44,32,72
8,4.5,2.5,1.35,0.0,0.0,True,398,66.3,5065.41,1.136,40.95,2414.43,2.1,51.39,37,72
8,4.5,2.5,1.35,200.0,250.0,True,188,31.3,1782.9,1.117,41.49,1588.37,1.12,54.17,39,72
8,4.5,2.5,1.35,250.0,250.0,True,210,35.0,919.84,1.053,40.0,1506.59,0.61,50.0,36,72
8,4.5,2.5,1.35,350.0,350.0,True,270,45.0,2073.68,1.091,41.48,1750.36,1.18,48.61,35,72
8,4.5,2.5,1.4,0.0,0.0,True,440,73.3,3099.57,1.072,39.55,3298.62,0.94,51.39,37,72
8,4.5,2.5,1.4,200.0,250.0,True,207,34.5,1622.24,1.097,40.58,1558.87,1.04,52.78,38,72
8,4.5,2.5,1.4,250.0,250.0,True,227,37.8,1323.91,1.072,40.09,1508.55,0.88,48.61,35,72
8,4.5,2.5,1.4,350.0,350.0,True,280,46.7,3133.68,1.136,41.07,1711.93,1.83,51.39,37,72
8,4.5,2.5,1.45,0.0,0.0,True,473,78.8,4697.03,1.104,40.59,3540.19,1.33,55.56,40,72
8,4.5,2.5,1.45,200.0,250.0,True,204,34.0,4056.48,1.256,44.12,1627.53,2.49,61.11,44,72
8,4.5,2.5,1.45,250.0,250.0,True,224,37.3,5137.77,1.306,44.64,1545.75,3.32,59.72,43,72
8,4.5,2.5,1.45,350.0,350.0,True,296,49.3,5864.56,1.245,43.58,1409.12,4.16,58.33,42,72
8,4.5,2.5,,0.0,0.0,False,868,144.7,5947.97,1.069,38.94,5414.16,1.1,54.17,39,72
8,4.5,2.5,,200.0,250.0,False,223,37.2,-205.17,0.989,37.22,2336.56,-0.09,50.0,36,72
8,4.5,2.5,,250.0,250.0,False,259,43.2,365.68,1.017,38.22,2336.56,0.16,48.61,35,72
8,4.5,2.5,,350.0,350.0,False,343,57.2,151.23,1.005,37.9,2965.2,0.05,47.22,34,72
13,3.0,1.5,1.35,0.0,0.0,True,416,69.3,2178.28,1.088,36.78,2649.48,0.82,56.94,41,72
13,3.0,1.5,1.35,200.0,250.0,True,302,50.3,481.57,1.03,36.42,2236.54,0.22,54.17,39,72
13,3.0,1.5,1.35,250.0,250.0,True,317,52.8,-340.16,0.98,35.33,2619.65,-0.13,51.39,37,72
13,3.0,1.5,1.35,350.0,350.0,True,362,60.3,453.87,1.023,36.19,2229.43,0.2,55.56,40,72
13,3.0,1.5,1.4,0.0,0.0,True,433,72.2,1652.65,1.063,36.03,2919.39,0.57,56.94,41,72
13,3.0,1.5,1.4,200.0,250.0,True,307,51.2,109.62,1.007,36.16,2114.21,0.05,55.56,40,72
13,3.0,1.5,1.4,250.0,250.0,True,327,54.5,-852.1,0.952,34.86,2637.31,-0.32,52.78,38,72
13,3.0,1.5,1.4,350.0,350.0,True,370,61.7,-441.41,0.978,35.41,2603.0,-0.17,55.56,40,72
13,3.0,1.5,1.45,0.0,0.0,True,457,76.2,1226.61,1.044,35.89,3031.35,0.4,50.0,36,72
13,3.0,1.5,1.45,200.0,250.0,True,322,53.7,11.31,1.001,36.02,1961.22,0.01,52.78,38,72
13,3.0,1.5,1.45,250.0,250.0,True,342,57.0,-353.18,0.981,35.38,2413.89,-0.15,51.39,37,72
13,3.0,1.5,1.45,350.0,350.0,True,384,64.0,-1243.09,0.942,34.64,3089.81,-0.4,50.0,36,72
13,3.0,1.5,,0.0,0.0,False,1296,216.0,325.99,1.004,34.57,6405.43,0.05,43.06,31,72
13,3.0,1.5,,200.0,250.0,False,441,73.5,-2994.53,0.872,32.88,3311.38,-0.9,44.44,32,72
13,3.0,1.5,,250.0,250.0,False,494,82.3,-2978.28,0.888,33.2,3115.09,-0.96,40.28,29,72
13,3.0,1.5,,350.0,350.0,False,749,124.8,-912.21,0.977,34.58,4348.06,-0.21,44.44,32,72
13,3.0,2.0,1.35,0.0,0.0,True,381,63.5,4640.86,1.176,45.67,2638.92,1.76,59.72,43,72
13,3.0,2.0,1.35,200.0,250.0,True,236,39.3,3377.1,1.25,48.31,1011.78,3.34,61.11,44,72
13,3.0,2.0,1.35,250.0,250.0,True,259,43.2,2866.41,1.186,47.49,1685.61,1.7,59.72,43,72
13,3.0,2.0,1.35,350.0,350.0,True,316,52.7,2708.99,1.138,46.84,2307.74,1.17,59.72,43,72
13,3.0,2.0,1.4,0.0,0.0,True,398,66.3,4194.04,1.15,44.97,2904.43,1.44,55.56,40,72
13,3.0,2.0,1.4,200.0,250.0,True,237,39.5,2631.7,1.189,47.26,972.9,2.71,59.72,43,72
13,3.0,2.0,1.4,250.0,250.0,True,265,44.2,2369.74,1.148,46.79,1617.51,1.47,58.33,42,72
13,3.0,2.0,1.4,350.0,350.0,True,325,54.2,2534.94,1.125,46.46,1691.99,1.5,58.33,42,72
13,3.0,2.0,1.45,0.0,0.0,True,422,70.3,4486.22,1.152,45.26,3183.26,1.41,55.56,40,72
13,3.0,2.0,1.45,200.0,250.0,True,247,41.2,3921.69,1.283,48.99,972.9,4.03,61.11,44,72
13,3.0,2.0,1.45,250.0,250.0,True,272,45.3,3269.35,1.205,47.79,1617.51,2.02,58.33,42,72
13,3.0,2.0,1.45,350.0,350.0,True,337,56.2,3869.27,1.189,47.48,1664.71,2.32,59.72,43,72
13,3.0,2.0,,0.0,0.0,False,1107,184.5,-354.27,0.996,41.37,7724.96,-0.05,51.39,37,72
13,3.0,2.0,,200.0,250.0,False,379,63.2,-201.93,0.991,41.95,3477.58,-0.06,52.78,38,72
13,3.0,2.0,,250.0,250.0,False,420,70.0,-1226.39,0.952,41.67,3982.65,-0.31,47.22,34,72
13,3.0,2.0,,350.0,350.0,False,600,100.0,-1346.93,0.963,41.17,4117.35,-0.33,47.22,34,72
13,3.0,2.5,1.35,0.0,0.0,True,367,61.2,4817.24,1.168,51.5,3198.93,1.51,61.11,44,72
13,3.0,2.5,1.35,200.0,250.0,True,229,38.2,3828.01,1.267,54.59,1252.29,3.06,62.5,45,72
13,3.0,2.5,1.35,250.0,250.0,True,249,41.5,3387.46,1.21,53.82,1817.56,1.86,61.11,44,72
13,3.0,2.5,1.35,350.0,350.0,True,297,49.5,4282.69,1.216,53.2,2102.56,2.04,62.5,45,72
13,3.0,2.5,1.4,0.0,0.0,True,381,63.5,4677.05,1.156,50.92,3056.86,1.53,61.11,44,72
13,3.0,2.5,1.4,200.0,250.0,True,229,38.2,2965.18,1.199,53.28,1232.64,2.41,62.5,45,72
13,3.0,2.5,1.4,250.0,250.0,True,252,42.0,2627.19,1.157,52.78,1797.91,1.46,61.11,44,72
13,3.0,2.5,1.4,350.0,350.0,True,308,51.3,4059.59,1.194,52.27,2066.18,1.96,62.5,45,72
13,3.0,2.5,1.45,0.0,0.0,True,405,67.5,4565.15,1.142,50.86,3496.68,1.31,62.5,45,72
13,3.0,2.5,1.45,200.0,250.0,True,236,39.3,4381.66,1.301,55.08,1252.99,3.5,66.67,48,72
13,3.0,2.5,1.45,250.0,250.0,True,256,42.7,3439.92,1.208,53.52,1818.26,1.89,63.89,46,72
13,3.0,2.5,1.45,350.0,350.0,True,316,52.7,5248.2,1.248,53.16,2129.97,2.46,65.28,47,72
13,3.0,2.5,,0.0,0.0,False,988,164.7,-1645.42,0.981,46.56,8458.32,-0.19,51.39,37,72
13,3.0,2.5,,200.0,250.0,False,324,54.0,96.25,1.004,47.53,2692.41,0.04,54.17,39,72
13,3.0,2.5,,250.0,250.0,False,367,61.2,-368.41,0.985,47.14,2850.72,-0.13,50.0,36,72
13,3.0,2.5,,350.0,350.0,False,524,87.3,1776.95,1.051,47.9,3752.96,0.47,54.17,39,72
13,3.5,1.5,1.35,0.0,0.0,True,409,68.2,2955.61,1.116,33.99,2179.66,1.36,52.78,38,72
13,3.5,1.5,1.35,200.0,250.0,True,278,46.3,1173.77,1.08,34.53,1660.69,0.71,54.17,39,72
13,3.5,1.5,1.35,250.0,250.0,True,303,50.5,1211.82,1.073,33.66,1861.06,0.65,51.39,37,72
13,3.5,1.5,1.35,350.0,350.0,True,354,59.0,581.17,1.029,33.05,2021.2,0.29,51.39,37,72
13,3.5,1.5,1.4,0.0,0.0,True,426,71.0,2573.97,1.096,33.33,2280.24,1.13,54.17,39,72
13,3.5,1.5,1.4,200.0,250.0,True,277,46.2,1630.96,1.112,35.02,1125.17,1.45,56.94,41,72
13,3.5,1.5,1.4,250.0,250.0,True,309,51.5,782.2,1.046,33.33,1762.69,0.44,52.78,38,72
13,3.5,1.5,1.4,350.0,350.0,True,363,60.5,-85.85,0.996,32.51,2145.53,-0.04,51.39,37,72
13,3.5,1.5,1.45,0.0,0.0,True,450,75.0,2356.31,1.083,33.33,2485.16,0.95,51.39,37,72
13,3.5,1.5,1.45,200.0,250.0,True,296,49.3,1781.5,1.116,34.8,1097.42,1.62,55.56,40,72
13,3.5,1.5,1.45,250.0,250.0,True,327,54.5,861.41,1.048,33.33,1507.8,0.57,51.39,37,72
13,3.5,1.5,1.45,350.0,350.0,True,372,62.0,-232.4,0.989,32.53,2316.44,-0.1,50.0,36,72
13,3.5,1.5,,0.0,0.0,False,1202,200.3,4481.89,1.057,32.28,4833.53,0.93,54.17,39,72
13,3.5,1.5,,200.0,250.0,False,435,72.5,-879.71,0.962,31.72,3025.64,-0.29,52.78,38,72
13,3.5,1.5,,250.0,250.0,False,512,85.3,-1108.49,0.96,31.64,3062.07,-0.36,45.83,33,72
13,3.5,1.5,,350.0,350.0,False,682,113.7,1682.95,1.046,32.4,2376.02,0.71,52.78,38,72
13,3.5,2.0,1.35,0.0,0.0,True,372,62.0,6435.07,1.239,43.01,2135.99,3.01,56.94,41,72
13,3.5,2.0,1.35,200.0,250.0,True,224,37.3,5158.63,1.399,46.43,1011.78,5.1,61.11,44,72
13,3.5,2.0,1.35,250.0,250.0,True,245,40.8,4916.63,1.332,45.71,1011.78,4.86,58.33,42,72
13,3.5,2.0,1.35,350.0,350.0,True,313,52.2,2898.99,1.142,42.81,2246.23,1.29,54.17,39,72
13,3.5,2.0,1.4,0.0,0.0,True,389,64.8,6184.68,1.217,42.42,2328.06,2.66,56.94,41,72
13,3.5,2.0,1.4,200.0,250.0,True,226,37.7,4669.53,1.35,45.58,864.49,5.4,61.11,44,72
13,3.5,2.0,1.4,250.0,250.0,True,249,41.5,4510.85,1.295,44.98,915.62,4.93,58.33,42,72
13,3.5,2.0,1.4,350.0,350.0,True,322,53.7,3081.57,1.147,42.86,1524.24,2.02,55.56,40,72
13,3.5,2.0,1.45,0.0,0.0,True,413,68.8,6807.31,1.225,42.86,2448.96,2.78,58.33,42,72
13,3.5,2.0,1.45,200.0,250.0,True,231,38.5,6027.87,1.456,47.62,855.07,7.05,63.89,46,72
13,3.5,2.0,1.45,250.0,250.0,True,257,42.8,5703.2,1.374,46.3,855.07,6.67,59.72,43,72
13,3.5,2.0,1.45,350.0,350.0,True,327,54.5,5146.11,1.251,44.65,1496.96,3.44,58.33,42,72
13,3.5,2.0,,0.0,0.0,False,1028,171.3,6893.0,1.086,39.69,5224.36,1.32,58.33,42,72
13,3.5,2.0,,200.0,250.0,False,333,55.5,-564.77,0.973,37.54,3512.59,-0.16,50.0,36,72
13,3.5,2.0,,250.0,250.0,False,400,66.7,-1188.42,0.954,37.75,3433.71,-0.35,43.06,31,72
13,3.5,2.0,,350.0,350.0,False,564,94.0,916.89,1.025,39.54,4037.84,0.23,52.78,38,72
13,3.5,2.5,1.35,0.0,0.0,True,353,58.8,5767.53,1.195,48.44,2656.29,2.17,61.11,44,72
13,3.5,2.5,1.35,200.0,250.0,True,210,35.0,3617.83,1.255,50.95,1209.32,2.99,63.89,46,72
13,3.5,2.5,1.35,250.0,250.0,True,235,39.2,4656.7,1.293,51.49,1209.32,3.85,63.89,46,72
13,3.5,2.5,1.35,350.0,350.0,True,276,46.0,4324.37,1.216,50.0,2026.33,2.13,63.89,46,72
13,3.5,2.5,1.4,0.0,0.0,True,366,61.0,5961.79,1.193,48.09,2426.03,2.46,62.5,45,72
13,3.5,2.5,1.4,200.0,250.0,True,211,35.2,3510.71,1.242,50.71,1209.32,2.9,65.28,47,72
13,3.5,2.5,1.4,250.0,250.0,True,239,39.8,3778.52,1.223,50.63,1209.32,3.12,63.89,46,72
13,3.5,2.5,1.4,350.0,350.0,True,282,47.0,4380.93,1.218,49.65,1421.5,3.08,66.67,48,72
13,3.5,2.5,1.45,0.0,0.0,True,390,65.0,6180.34,1.188,48.21,2667.29,2.32,62.5,45,72
13,3.5,2.5,1.45,200.0,250.0,True,216,36.0,4897.53,1.342,52.78,1138.53,4.3,66.67,48,72
13,3.5,2.5,1.45,250.0,250.0,True,247,41.2,5039.05,1.299,51.82,1138.53,4.43,63.89,46,72
13,3.5,2.5,1.45,350.0,350.0,True,291,48.5,5672.83,1.282,50.52,1200.56,4.73,66.67,48,72
13,3.5,2.5,,0.0,0.0,False,908,151.3,5725.98,1.07,44.71,6556.88,0.87,52.78,38,72
13,3.5,2.5,,200.0,250.0,False,279,46.5,1141.29,1.059,44.8,3217.91,0.35,55.56,40,72
13,3.5,2.5,,250.0,250.0,False,326,54.3,-860.52,0.965,43.56,4111.23,-0.21,47.22,34,72
13,3.5,2.5,,350.0,350.0,False,474,79.0,2283.14,1.067,45.36,3808.66,0.6,52.78,38,72
13,4.0,1.5,1.35,0.0,0.0,True,398,66.3,5031.91,1.2,31.41,1761.51,2.86,50.0,36,72
13,4.0,1.5,1.35,200.0,250.0,True,266,44.3,1246.09,1.085,30.45,2242.96,0.56,51.39,37,72
13,4.0,1.5,1.35,250.0,250.0,True,274,45.7,1220.69,1.08,30.66,2582.43,0.47,50.0,36,72
13,4.0,1.5,1.35,350.0,350.0,True,344,57.3,567.08,1.028,29.36,2516.88,0.23,47.22,34,72
13,4.0,1.5,1.4,0.0,0.0,True,417,69.5,4771.59,1.179,30.7,1966.41,2.43,52.78,38,72
13,4.0,1.5,1.4,200.0,250.0,True,275,45.8,1263.35,1.083,30.18,2132.24,0.59,54.17,39,72
13,4.0,1.5,1.4,250.0,250.0,True,285,47.5,1119.37,1.07,30.18,2391.78,0.47,52.78,38,72
13,4.0,1.5,1.4,350.0,350.0,True,353,58.8,-315.1,0.985,28.61,2965.81,-0.11,48.61,35,72
13,4.0,1.5,1.45,0.0,0.0,True,442,73.7,4862.12,1.171,31.0,1827.73,2.66,54.17,39,72
13,4.0,1.5,1.45,200.0,250.0,True,287,47.8,2361.59,1.151,31.71,1376.99,1.72,58.33,42,72
13,4.0,1.5,1.45,250.0,250.0,True,301,50.2,1658.25,1.1,30.9,1766.63,0.94,55.56,40,72
13,4.0,1.5,1.45,350.0,350.0,True,361,60.2,-127.65,0.994,29.09,2772.54,-0.05,50.0,36,72
13,4.0,1.5,,0.0,0.0,False,1145,190.8,3817.02,1.049,29.43,4559.97,0.84,51.39,37,72
13,4.0,1.5,,200.0,250.0,False,385,64.2,-1374.9,0.936,28.57,2854.05,-0.48,50.0,36,72
13,4.0,1.5,,250.0,250.0,False,437,72.8,-2134.76,0.913,27.69,3609.32,-0.59,44.44,32,72
13,4.0,1.5,,350.0,350.0,False,627,104.5,1583.15,1.045,30.14,2648.4,0.6,51.39,37,72
13,4.0,2.0,1.35,0.0,0.0,True,359,59.8,6339.09,1.231,39.55,1666.38,3.8,55.56,40,72
13,4.0,2.0,1.35,200.0,250.0,True,213,35.5,4018.74,1.306,41.78,1011.78,3.97,56.94,41,72
13,4.0,2.0,1.35,250.0,250.0,True,228,38.0,4785.87,1.333,41.67,1011.78,4.73,56.94,41,72
13,4.0,2.0,1.35,350.0,350.0,True,295,49.2,2209.5,1.107,38.31,2184.71,1.01,51.39,37,72
13,4.0,2.0,1.4,0.0,0.0,True,377,62.8,6320.92,1.217,38.99,1791.58,3.53,54.17,39,72
13,4.0,2.0,1.4,200.0,250.0,True,219,36.5,4307.01,1.317,41.55,984.68,4.37,56.94,41,72
13,4.0,2.0,1.4,250.0,250.0,True,233,38.8,4784.07,1.325,41.2,940.48,5.09,55.56,40,72
13,4.0,2.0,1.4,350.0,350.0,True,306,51.0,2585.87,1.12,38.56,1550.51,1.67,51.39,37,72
13,4.0,2.0,1.45,0.0,0.0,True,400,66.7,7012.92,1.227,39.5,1831.17,3.83,56.94,41,72
13,4.0,2.0,1.45,200.0,250.0,True,224,37.3,5702.06,1.422,43.75,886.37,6.43,61.11,44,72
13,4.0,2.0,1.45,250.0,250.0,True,239,39.8,6391.29,1.436,43.51,886.37,7.21,59.72,43,72
13,4.0,2.0,1.45,350.0,350.0,True,308,51.3,4734.57,1.227,40.58,1545.95,3.06,54.17,39,72
13,4.0,2.0,,0.0,0.0,False,960,160.0,4309.11,1.054,36.25,5030.12,0.86,55.56,40,72
13,4.0,2.0,,200.0,250.0,False,307,51.2,-1327.87,0.936,34.2,3112.53,-0.43,48.61,35,72
13,4.0,2.0,,250.0,250.0,False,329,54.8,-804.04,0.963,34.65,3622.22,-0.22,47.22,34,72
13,4.0,2.0,,350.0,350.0,False,523,87.2,1177.12,1.033,36.9,2895.31,0.41,52.78,38,72
13,4.0,2.5,1.35,0.0,0.0,True,340,56.7,5096.97,1.167,44.41,2180.28,2.34,56.94,41,72
13,4.0,2.5,1.35,200.0,250.0,True,196,32.7,2824.53,1.193,45.92,1412.13,2.0,56.94,41,72
13,4.0,2.5,1.35,250.0,250.0,True,209,34.8,3445.06,1.224,46.41,1365.97,2.52,56.94,41,72
13,4.0,2.5,1.35,350.0,350.0,True,262,43.7,2410.3,1.113,43.89,1979.21,1.22,54.17,39,72
13,4.0,2.5,1.4,0.0,0.0,True,354,59.0,5519.3,1.174,44.07,2180.28,2.53,58.33,42,72
13,4.0,2.5,1.4,200.0,250.0,True,200,33.3,3011.42,1.202,46.0,1412.13,2.13,58.33,42,72
13,4.0,2.5,1.4,250.0,250.0,True,213,35.5,3631.95,1.232,46.48,1365.97,2.66,58.33,42,72
13,4.0,2.5,1.4,350.0,350.0,True,264,44.0,3231.06,1.157,44.32,1696.03,1.91,58.33,42,72
13,4.0,2.5,1.45,0.0,0.0,True,377,62.8,5795.77,1.171,44.3,2295.36,2.52,59.72,43,72
13,4.0,2.5,1.45,200.0,250.0,True,203,33.8,4734.98,1.327,48.77,1091.41,4.34,59.72,43,72
13,4.0,2.5,1.45,250.0,250.0,True,218,36.3,5126.84,1.33,48.62,1091.41,4.7,59.72,43,72
13,4.0,2.5,1.45,350.0,350.0,True,269,44.8,4826.61,1.237,45.72,1497.09,3.22,58.33,42,72
13,4.0,2.5,,0.0,0.0,False,853,142.2,3712.69,1.045,41.27,5749.22,0.65,52.78,38,72
13,4.0,2.5,,200.0,250.0,False,227,37.8,1349.8,1.08,42.29,2562.72,0.53,56.94,41,72
13,4.0,2.5,,250.0,250.0,False,281,46.8,1362.8,1.066,41.99,3058.18,0.45,52.78,38,72
13,4.0,2.5,,350.0,350.0,False,400,66.7,2228.67,1.072,43.25,3916.4,0.57,54.17,39,72
13,4.5,1.5,1.35,0.0,0.0,True,391,65.2,4670.36,1.181,29.16,1752.21,2.67,50.0,36,72
13,4.5,1.5,1.35,200.0,250.0,True,246,41.0,2453.18,1.179,29.27,1418.31,1.73,51.39,37,72
13,4.5,1.5,1.35,250.0,250.0,True,268,44.7,1487.34,1.097,28.36,1759.79,0.85,48.61,35,72
13,4.5,1.5,1.35,350.0,350.0,True,318,53.0,2584.65,1.135,28.3,1418.84,1.82,48.61,35,72
13,4.5,1.5,1.4,0.0,0.0,True,410,68.3,4565.13,1.167,28.54,1752.21,2.61,51.39,37,72
13,4.5,1.5,1.4,200.0,250.0,True,253,42.2,2772.2,1.196,29.25,1447.55,1.92,52.78,38,72
13,4.5,1.5,1.4,250.0,250.0,True,277,46.2,1684.12,1.106,28.16,1741.94,0.97,50.0,36,72
13,4.5,1.5,1.4,350.0,350.0,True,330,55.0,1784.07,1.091,27.58,1512.67,1.18,48.61,35,72
13,4.5,1.5,1.45,0.0,0.0,True,434,72.3,4961.81,1.171,29.03,1731.74,2.87,55.56,40,72
13,4.5,1.5,1.45,200.0,250.0,True,256,42.7,4401.91,1.319,31.64,1075.86,4.09,59.72,43,72
13,4.5,1.5,1.45,250.0,250.0,True,288,48.0,3093.58,1.192,29.86,1128.09,2.74,56.94,41,72
13,4.5,1.5,1.45,350.0,350.0,True,339,56.5,2208.18,1.11,28.32,1397.38,1.58,54.17,39,72
13,4.5,1.5,,0.0,0.0,False,1106,184.3,4243.63,1.055,27.4,5658.0,0.75,51.39,37,72
13,4.5,1.5,,200.0,250.0,False,329,54.8,-766.77,0.961,26.75,3199.38,-0.24,50.0,36,72
13,4.5,1.5,,250.0,250.0,False,389,64.8,-895.77,0.961,26.74,3199.38,-0.28,47.22,34,72
13,4.5,1.5,,350.0,350.0,False,578,96.3,-428.31,0.988,27.34,3193.76,-0.13,47.22,34,72
13,4.5,2.0,1.35,0.0,0.0,True,351,58.5,5418.11,1.19,36.75,1716.7,3.16,55.56,40,72
13,4.5,2.0,1.35,200.0,250.0,True,203,33.8,4866.79,1.38,39.9,1011.78,4.81,56.94,41,72
13,4.5,2.0,1.35,250.0,250.0,True,224,37.3,4489.21,1.308,39.29,1011.78,4.44,54.17,39,72
13,4.5,2.0,1.35,350.0,350.0,True,273,45.5,2475.8,1.124,37.0,1506.32,1.64,51.39,37,72
13,4.5,2.0,1.4,0.0,0.0,True,369,61.5,5280.51,1.174,36.04,1716.7,3.08,52.78,38,72
13,4.5,2.0,1.4,200.0,250.0,True,211,35.2,4647.08,1.342,38.86,1027.08,4.52,56.94,41,72
13,4.5,2.0,1.4,250.0,250.0,True,233,38.8,4216.66,1.273,38.2,1027.08,4.11,52.78,38,72
13,4.5,2.0,1.4,350.0,350.0,True,282,47.0,4172.98,1.208,37.23,1303.39,3.2,51.39,37,72
13,4.5,2.0,1.45,0.0,0.0,True,390,65.0,5487.09,1.171,36.41,1626.35,3.37,56.94,41,72
13,4.5,2.0,1.45,200.0,250.0,True,218,36.3,6504.05,1.476,41.28,1045.32,6.22,62.5,45,72
13,4.5,2.0,1.45,250.0,250.0,True,243,40.5,6423.27,1.412,40.74,1045.32,6.14,58.33,42,72
13,4.5,2.0,1.45,350.0,350.0,True,286,47.7,5463.93,1.274,38.81,1136.51,4.81,55.56,40,72
13,4.5,2.0,,0.0,0.0,False,912,152.0,3099.21,1.039,33.33,6838.38,0.45,54.17,39,72
13,4.5,2.0,,200.0,250.0,False,266,44.3,-1518.86,0.922,30.45,3363.48,-0.45,47.22,34,72
13,4.5,2.0,,250.0,250.0,False,305,50.8,-1651.17,0.925,30.82,3363.48,-0.49,44.44,32,72
13,4.5,2.0,,350.0,350.0,False,479,79.8,-982.66,0.972,32.78,4480.26,-0.22,48.61,35,72
13,4.5,2.5,1.35,0.0,0.0,True,331,55.2,3661.57,1.115,41.39,2433.05,1.5,55.56,40,72
13,4.5,2.5,1.35,200.0,250.0,True,183,30.5,3543.1,1.251,43.72,1320.14,2.68,59.72,43,72
13,4.5,2.5,1.35,250.0,250.0,True,206,34.3,3370.99,1.208,43.2,1315.95,2.56,55.56,40,72
13,4.5,2.5,1.35,350.0,350.0,True,249,41.5,4427.97,1.217,43.78,1474.51,3.0,55.56,40,72
13,4.5,2.5,1.4,0.0,0.0,True,345,57.5,3196.03,1.095,40.58,2433.05,1.31,55.56,40,72
13,4.5,2.5,1.4,200.0,250.0,True,189,31.5,3560.08,1.243,43.39,1320.14,2.7,59.72,43,72
13,4.5,2.5,1.4,250.0,250.0,True,212,35.3,3321.32,1.198,42.92,1315.95,2.52,55.56,40,72
13,4.5,2.5,1.4,350.0,350.0,True,259,43.2,5634.97,1.27,43.24,1474.51,3.82,58.33,42,72
13,4.5,2.5,1.45,0.0,0.0,True,366,61.0,2963.63,1.083,40.71,2859.86,1.04,55.56,40,72
13,4.5,2.5,1.45,200.0,250.0,True,193,32.2,5597.96,1.392,46.63,1044.29,5.36,63.89,46,72
13,4.5,2.5,1.45,250.0,250.0,True,217,36.2,6311.82,1.392,47.0,1044.29,6.04,61.11,44,72
13,4.5,2.5,1.45,350.0,350.0,True,261,43.5,6532.72,1.315,44.44,1182.8,5.52,59.72,43,72
13,4.5,2.5,,0.0,0.0,False,802,133.7,1454.61,1.018,37.91,7180.63,0.2,52.78,38,72
13,4.5,2.5,,200.0,250.0,False,217,36.2,932.08,1.054,38.25,3106.64,0.3,54.17,39,72
13,4.5,2.5,,250.0,250.0,False,259,43.2,-71.0,0.997,37.07,3605.6,-0.02,48.61,35,72
13,4.5,2.5,,350.0,350.0,False,361,60.2,867.3,1.029,38.5,4627.38,0.19,50.0,36,72
21,3.0,1.5,1.35,0.0,0.0,True,360,60.0,-2166.33,0.903,34.17,3491.44,-0.62,47.22,34,72
21,3.0,1.5,1.35,200.0,250.0,True,248,41.3,-608.08,0.954,35.48,1419.67,-0.43,44.44,32,72
21,3.0,1.5,1.35,250.0,250.0,True,263,43.8,-1124.06,0.922,34.6,1756.97,-0.64,43.06,31,72
21,3.0,1.5,1.35,350.0,350.0,True,310,51.7,-1269.42,0.926,34.52,2173.25,-0.58,45.83,33,72
21,3.0,1.5,1.4,0.0,0.0,True,365,60.8,-2130.02,0.905,34.25,3491.44,-0.61,47.22,34,72
21,3.0,1.5,1.4,200.0,250.0,True,246,41.0,-391.05,0.97,35.77,1419.67,-0.28,44.44,32,72
21,3.0,1.5,1.4,250.0,250.0,True,261,43.5,-907.03,0.936,34.87,1574.09,-0.58,43.06,31,72
21,3.0,1.5,1.4,350.0,350.0,True,315,52.5,-1233.11,0.929,34.6,2136.94,-0.58,45.83,33,72
21,3.0,1.5,1.45,0.0,0.0,True,373,62.2,-1803.31,0.921,34.85,3461.19,-0.52,47.22,34,72
21,3.0,1.5,1.45,200.0,250.0,True,254,42.3,-130.49,0.99,36.61,1612.99,-0.08,44.44,32,72
21,3.0,1.5,1.45,250.0,250.0,True,270,45.0,-438.73,0.97,35.93,1524.62,-0.29,43.06,31,72
21,3.0,1.5,1.45,350.0,350.0,True,322,53.7,-744.18,0.958,35.4,1833.2,-0.41,45.83,33,72
21,3.0,1.5,,0.0,0.0,False,1054,175.7,-789.84,0.988,35.29,5022.92,-0.16,52.78,38,72
21,3.0,1.5,,200.0,250.0,False,438,73.0,933.26,1.043,36.3,2451.45,0.38,55.56,40,72
21,3.0,1.5,,250.0,250.0,False,475,79.2,2558.29,1.112,37.05,2061.98,1.24,55.56,40,72
21,3.0,1.5,,350.0,350.0,False,621,103.5,3146.94,1.102,36.55,2222.33,1.42,55.56,40,72
21,3.0,2.0,1.35,0.0,0.0,True,334,55.7,-518.18,0.978,43.11,3235.0,-0.16,45.83,33,72
21,3.0,2.0,1.35,200.0,250.0,True,226,37.7,1106.58,1.084,44.69,1015.36,1.09,50.0,36,72
21,3.0,2.0,1.35,250.0,250.0,True,242,40.3,404.6,1.027,43.8,1536.3,0.26,47.22,34,72
21,3.0,2.0,1.35,350.0,350.0,True,279,46.5,441.28,1.025,43.01,2112.26,0.21,47.22,34,72
21,3.0,2.0,1.4,0.0,0.0,True,339,56.5,-563.77,0.977,43.07,3235.0,-0.17,47.22,34,72
21,3.0,2.0,1.4,200.0,250.0,True,224,37.3,1168.03,1.089,44.64,1015.36,1.15,51.39,37,72
21,3.0,2.0,1.4,250.0,250.0,True,240,40.0,466.05,1.032,43.75,1536.3,0.3,48.61,35,72
21,3.0,2.0,1.4,350.0,350.0,True,284,47.3,395.69,1.022,42.96,2112.26,0.19,48.61,35,72
21,3.0,2.0,1.45,0.0,0.0,True,347,57.8,-299.06,0.988,43.52,3450.26,-0.09,47.22,34,72
21,3.0,2.0,1.45,200.0,250.0,True,234,39.0,1431.47,1.106,45.3,1015.36,1.41,52.78,38,72
21,3.0,2.0,1.45,250.0,250.0,True,251,41.8,937.23,1.062,44.62,1536.3,0.61,50.0,36,72
21,3.0,2.0,1.45,350.0,350.0,True,291,48.5,875.66,1.048,43.64,2112.26,0.41,50.0,36,72
21,3.0,2.0,,0.0,0.0,False,905,150.8,-54.73,0.999,42.43,5307.9,-0.01,54.17,39,72
21,3.0,2.0,,200.0,250.0,False,362,60.3,927.93,1.044,42.82,2117.04,0.44,52.78,38,72
21,3.0,2.0,,250.0,250.0,False,384,64.0,2141.38,1.098,43.75,1730.47,1.24,52.78,38,72
21,3.0,2.0,,350.0,350.0,False,505,84.2,6035.09,1.211,44.75,2417.84,2.5,59.72,43,72
21,3.0,2.5,1.35,0.0,0.0,True,326,54.3,-2288.56,0.917,47.24,4279.5,-0.53,50.0,36,72
21,3.0,2.5,1.35,200.0,250.0,True,209,34.8,-1111.11,0.927,47.37,1991.85,-0.56,45.83,33,72
21,3.0,2.5,1.35,250.0,250.0,True,222,37.0,-1444.51,0.912,46.85,2398.93,-0.6,44.44,32,72
21,3.0,2.5,1.35,350.0,350.0,True,256,42.7,-854.02,0.955,47.66,2338.11,-0.37,48.61,35,72
21,3.0,2.5,1.4,0.0,0.0,True,331,55.2,-2197.54,0.921,47.43,4279.5,-0.51,51.39,37,72
21,3.0,2.5,1.4,200.0,250.0,True,209,34.8,-805.9,0.947,47.85,1686.64,-0.48,48.61,35,72
21,3.0,2.5,1.4,250.0,250.0,True,222,37.0,-1139.3,0.93,47.3,2093.72,-0.54,47.22,34,72
21,3.0,2.5,1.4,350.0,350.0,True,261,43.5,-980.92,0.949,47.51,2338.11,-0.42,50.0,36,72
21,3.0,2.5,1.45,0.0,0.0,True,339,56.5,-1707.65,0.939,48.08,4547.8,-0.38,51.39,37,72
21,3.0,2.5,1.45,200.0,250.0,True,215,35.8,-46.54,0.997,49.3,1404.43,-0.03,50.0,36,72
21,3.0,2.5,1.45,250.0,250.0,True,228,38.0,-346.16,0.979,48.68,1899.93,-0.18,48.61,35,72
21,3.0,2.5,1.45,350.0,350.0,True,269,44.8,204.57,1.011,49.07,2338.11,0.09,51.39,37,72
21,3.0,2.5,,0.0,0.0,False,809,134.8,-547.39,0.992,47.34,5057.23,-0.11,55.56,40,72
21,3.0,2.5,,200.0,250.0,False,290,48.3,-536.99,0.973,47.24,2738.59,-0.2,51.39,37,72
21,3.0,2.5,,250.0,250.0,False,309,51.5,-479.76,0.978,47.25,2796.32,-0.17,50.0,36,72
21,3.0,2.5,,350.0,350.0,False,433,72.2,1826.82,1.062,48.04,3625.15,0.5,54.17,39,72
21,3.5,1.5,1.35,0.0,0.0,True,355,59.2,-1688.87,0.926,31.27,3068.64,-0.55,43.06,31,72
21,3.5,1.5,1.35,200.0,250.0,True,242,40.3,-482.08,0.964,31.82,1303.27,-0.37,43.06,31,72
21,3.5,1.5,1.35,250.0,250.0,True,257,42.8,-932.47,0.936,31.52,1517.56,-0.61,41.67,30,72
21,3.5,1.5,1.35,350.0,350.0,True,299,49.8,-1206.94,0.93,31.44,1971.06,-0.61,41.67,30,72
21,3.5,1.5,1.4,0.0,0.0,True,360,60.0,-1602.96,0.931,31.39,2995.85,-0.54,44.44,32,72
21,3.5,1.5,1.4,200.0,250.0,True,239,39.8,-376.0,0.971,31.8,1381.61,-0.27,44.44,32,72
21,3.5,1.5,1.4,250.0,250.0,True,255,42.5,-707.33,0.951,31.76,1517.56,-0.47,43.06,31,72
21,3.5,1.5,1.4,350.0,350.0,True,304,50.7,-1121.03,0.936,31.58,1885.15,-0.59,43.06,31,72
21,3.5,1.5,1.45,0.0,0.0,True,368,61.3,-1169.05,0.95,32.07,3007.8,-0.39,48.61,35,72
21,3.5,1.5,1.45,200.0,250.0,True,248,41.3,226.02,1.017,33.06,1139.49,0.2,48.61,35,72
21,3.5,1.5,1.45,250.0,250.0,True,264,44.0,-122.08,0.992,32.95,1674.53,-0.07,47.22,34,72
21,3.5,1.5,1.45,350.0,350.0,True,311,51.8,-524.9,0.97,32.48,1744.65,-0.3,47.22,34,72
21,3.5,1.5,,0.0,0.0,False,1003,167.2,642.15,1.01,32.4,4660.13,0.14,51.39,37,72
21,3.5,1.5,,200.0,250.0,False,401,66.8,2239.86,1.11,34.16,2164.15,1.03,58.33,42,72
21,3.5,1.5,,250.0,250.0,False,470,78.3,3125.88,1.13,34.68,1741.53,1.79,56.94,41,72
21,3.5,1.5,,350.0,350.0,False,582,97.0,5486.49,1.187,35.05,2080.83,2.64,58.33,42,72
21,3.5,2.0,1.35,0.0,0.0,True,327,54.5,1024.69,1.042,40.67,2806.08,0.37,54.17,39,72
21,3.5,2.0,1.35,200.0,250.0,True,206,34.3,2347.71,1.188,43.2,1015.36,2.31,56.94,41,72
21,3.5,2.0,1.35,250.0,250.0,True,231,38.5,1726.17,1.122,41.56,1015.36,1.7,54.17,39,72
21,3.5,2.0,1.35,350.0,350.0,True,270,45.0,1152.75,1.064,40.37,2065.82,0.56,52.78,38,72
21,3.5,2.0,1.4,0.0,0.0,True,332,55.3,1028.7,1.042,40.66,2806.08,0.37,52.78,38,72
21,3.5,2.0,1.4,200.0,250.0,True,205,34.2,2544.79,1.205,43.41,1015.36,2.51,55.56,40,72
21,3.5,2.0,1.4,250.0,250.0,True,230,38.3,1923.25,1.137,41.74,1015.36,1.89,52.78,38,72
21,3.5,2.0,1.4,350.0,350.0,True,275,45.8,1156.76,1.063,40.36,2065.82,0.56,51.39,37,72
21,3.5,2.0,1.45,0.0,0.0,True,340,56.7,1404.4,1.056,41.18,3021.34,0.46,52.78,38,72
21,3.5,2.0,1.45,200.0,250.0,True,212,35.3,3074.08,1.244,44.34,1015.36,3.03,55.56,40,72
21,3.5,2.0,1.45,250.0,250.0,True,241,40.2,2544.74,1.176,42.74,1015.36,2.51,52.78,38,72
21,3.5,2.0,1.45,350.0,350.0,True,282,47.0,1747.72,1.095,41.13,2065.82,0.85,51.39,37,72
21,3.5,2.0,,0.0,0.0,False,852,142.0,2478.83,1.036,39.91,5076.13,0.49,58.33,42,72
21,3.5,2.0,,200.0,250.0,False,338,56.3,2463.06,1.119,41.12,1602.72,1.54,56.94,41,72
21,3.5,2.0,,250.0,250.0,False,361,60.2,2687.01,1.122,40.72,1964.68,1.37,54.17,39,72
21,3.5,2.0,,350.0,350.0,False,474,79.0,7619.71,1.27,42.41,1766.41,4.31,61.11,44,72
21,3.5,2.5,1.35,0.0,0.0,True,317,52.8,-950.41,0.966,44.48,3781.61,-0.25,45.83,33,72
21,3.5,2.5,1.35,200.0,250.0,True,189,31.5,303.75,1.021,45.5,1191.6,0.25,48.61,35,72
21,3.5,2.5,1.35,250.0,250.0,True,211,35.2,182.23,1.012,45.02,1191.6,0.15,48.61,35,72
21,3.5,2.5,1.35,350.0,350.0,True,251,41.8,-927.45,0.953,44.22,2278.64,-0.41,47.22,34,72
21,3.5,2.5,1.4,0.0,0.0,True,322,53.7,-789.93,0.972,44.72,3781.61,-0.21,50.0,36,72
21,3.5,2.5,1.4,200.0,250.0,True,194,32.3,917.6,1.065,46.39,1191.6,0.77,52.78,38,72
21,3.5,2.5,1.4,250.0,250.0,True,219,36.5,452.07,1.028,45.21,1191.6,0.38,51.39,37,72
21,3.5,2.5,1.4,350.0,350.0,True,257,42.8,-514.25,0.974,44.75,2278.64,-0.23,51.39,37,72
21,3.5,2.5,1.45,0.0,0.0,True,330,55.0,-160.03,0.994,45.45,4049.91,-0.04,48.61,35,72
21,3.5,2.5,1.45,200.0,250.0,True,197,32.8,1615.09,1.115,47.72,1191.6,1.36,52.78,38,72
21,3.5,2.5,1.45,250.0,250.0,True,225,37.5,1327.92,1.083,46.67,1191.6,1.11,51.39,37,72
21,3.5,2.5,1.45,350.0,350.0,True,263,43.8,416.24,1.021,46.01,2278.64,0.18,50.0,36,72
21,3.5,2.5,,0.0,0.0,False,756,126.0,3178.94,1.047,44.84,4554.43,0.7,56.94,41,72
21,3.5,2.5,,200.0,250.0,False,271,45.2,217.22,1.011,44.65,2623.6,0.08,50.0,36,72
21,3.5,2.5,,250.0,250.0,False,287,47.8,732.04,1.034,44.95,2356.65,0.31,47.22,34,72
21,3.5,2.5,,350.0,350.0,False,428,71.3,5446.38,1.182,46.26,2123.43,2.56,54.17,39,72
21,4.0,1.5,1.35,0.0,0.0,True,350,58.3,-1153.11,0.951,28.57,2709.56,-0.43,43.06,31,72
21,4.0,1.5,1.35,200.0,250.0,True,246,41.0,-2150.59,0.854,26.83,2933.26,-0.73,38.89,28,72
21,4.0,1.5,1.35,250.0,250.0,True,256,42.7,-1756.78,0.885,27.34,2634.96,-0.67,38.89,28,72
21,4.0,1.5,1.35,350.0,350.0,True,297,49.5,-1709.1,0.905,27.95,2579.98,-0.66,40.28,29,72
21,4.0,1.5,1.4,0.0,0.0,True,355,59.2,-1017.61,0.957,28.73,2574.06,-0.4,43.06,31,72
21,4.0,1.5,1.4,200.0,250.0,True,246,41.0,-2125.12,0.856,26.83,2907.79,-0.73,38.89,28,72
21,4.0,1.5,1.4,250.0,250.0,True,256,42.7,-1731.31,0.887,27.34,2609.49,-0.66,38.89,28,72
21,4.0,1.5,1.4,350.0,350.0,True,302,50.3,-1573.6,0.914,28.15,2444.48,-0.64,40.28,29,72
21,4.0,1.5,1.45,0.0,0.0,True,362,60.3,-749.11,0.969,29.28,2566.46,-0.29,45.83,33,72
21,4.0,1.5,1.45,200.0,250.0,True,252,42.0,-1193.46,0.919,28.57,1976.13,-0.6,41.67,30,72
21,4.0,1.5,1.45,250.0,250.0,True,266,44.3,-1129.83,0.927,28.57,1912.5,-0.59,41.67,30,72
21,4.0,1.5,1.45,350.0,350.0,True,308,51.3,-1142.88,0.938,28.9,2104.49,-0.54,43.06,31,72
21,4.0,1.5,,0.0,0.0,False,971,161.8,1809.92,1.027,29.76,4245.18,0.43,50.0,36,72
21,4.0,1.5,,200.0,250.0,False,359,59.8,1991.17,1.103,31.2,1919.55,1.04,54.17,39,72
21,4.0,1.5,,250.0,250.0,False,413,68.8,2442.15,1.11,30.99,1818.07,1.34,51.39,37,72
21,4.0,1.5,,350.0,350.0,False,557,92.8,3727.37,1.123,31.6,2321.27,1.61,50.0,36,72
21,4.0,2.0,1.35,0.0,0.0,True,317,52.8,784.86,1.031,36.59,2577.93,0.3,48.61,35,72
21,4.0,2.0,1.35,200.0,250.0,True,203,33.8,613.86,1.045,36.45,1032.79,0.59,50.0,36,72
21,4.0,2.0,1.35,250.0,250.0,True,218,36.3,584.71,1.04,36.24,1019.28,0.57,50.0,36,72
21,4.0,2.0,1.35,350.0,350.0,True,262,43.7,-582.29,0.97,34.73,2389.99,-0.24,47.22,34,72
21,4.0,2.0,1.4,0.0,0.0,True,322,53.7,838.46,1.033,36.65,2577.93,0.33,47.22,34,72
21,4.0,2.0,1.4,200.0,250.0,True,204,34.0,780.01,1.056,36.76,1032.79,0.76,48.61,35,72
21,4.0,2.0,1.4,250.0,250.0,True,219,36.5,750.86,1.051,36.53,1015.36,0.74,48.61,35,72
21,4.0,2.0,1.4,350.0,350.0,True,267,44.5,-528.69,0.973,34.83,2336.39,-0.23,45.83,33,72
21,4.0,2.0,1.45,0.0,0.0,True,328,54.7,805.09,1.031,36.89,2772.18,0.29,47.22,34,72
21,4.0,2.0,1.45,200.0,250.0,True,211,35.2,1073.74,1.076,37.44,1015.36,1.06,48.61,35,72
21,4.0,2.0,1.45,250.0,250.0,True,227,37.8,925.38,1.061,37.0,1015.36,0.91,48.61,35,72
21,4.0,2.0,1.45,350.0,350.0,True,273,45.5,-452.23,0.977,35.16,2126.18,-0.21,45.83,33,72
21,4.0,2.0,,0.0,0.0,False,817,136.2,1564.95,1.023,36.35,4758.16,0.33,54.17,39,72
21,4.0,2.0,,200.0,250.0,False,291,48.5,3194.66,1.174,39.52,1563.43,2.04,59.72,43,72
21,4.0,2.0,,250.0,250.0,False,327,54.5,4341.22,1.21,40.06,1563.43,2.78,58.33,42,72
21,4.0,2.0,,350.0,350.0,False,466,77.7,5702.98,1.186,39.48,2442.12,2.34,59.72,43,72
21,4.0,2.5,1.35,0.0,0.0,True,302,50.3,-1263.06,0.956,40.4,3390.81,-0.37,47.22,34,72
21,4.0,2.5,1.35,200.0,250.0,True,179,29.8,-425.98,0.971,40.22,2156.67,-0.2,45.83,33,72
21,4.0,2.5,1.35,250.0,250.0,True,200,33.3,-538.91,0.967,40.0,2393.54,-0.23,45.83,33,72
21,4.0,2.5,1.35,350.0,350.0,True,242,40.3,-2530.65,0.88,38.84,3181.87,-0.8,45.83,33,72
21,4.0,2.5,1.4,0.0,0.0,True,307,51.2,-1033.12,0.964,40.72,3390.81,-0.3,47.22,34,72
21,4.0,2.5,1.4,200.0,250.0,True,184,30.7,187.23,1.013,41.3,1543.46,0.12,47.22,34,72
21,4.0,2.5,1.4,250.0,250.0,True,206,34.3,-34.5,0.998,40.78,1889.13,-0.02,47.22,34,72
21,4.0,2.5,1.4,350.0,350.0,True,252,42.0,-2235.27,0.897,39.29,2886.49,-0.77,47.22,34,72
21,4.0,2.5,1.45,0.0,0.0,True,313,52.2,-798.6,0.973,41.21,3659.11,-0.22,47.22,34,72
21,4.0,2.5,1.45,200.0,250.0,True,189,31.5,99.99,1.007,41.27,1801.02,0.06,47.22,34,72
21,4.0,2.5,1.45,250.0,250.0,True,211,35.2,98.36,1.006,41.23,1957.16,0.05,47.22,34,72
21,4.0,2.5,1.45,350.0,350.0,True,257,42.8,-1850.28,0.916,40.08,2586.8,-0.72,47.22,34,72
21,4.0,2.5,,0.0,0.0,False,718,119.7,2437.13,1.036,41.09,4423.21,0.55,55.56,40,72
21,4.0,2.5,,200.0,250.0,False,254,42.3,-20.34,0.999,41.73,2371.19,-0.01,50.0,36,72
21,4.0,2.5,,250.0,250.0,False,274,45.7,1058.85,1.049,43.07,2427.33,0.44,48.61,35,72
21,4.0,2.5,,350.0,350.0,False,391,65.2,3748.96,1.122,43.22,2956.61,1.27,55.56,40,72
21,4.5,1.5,1.35,0.0,0.0,True,345,57.5,-84.36,0.996,26.96,2126.86,-0.04,50.0,36,72
21,4.5,1.5,1.35,200.0,250.0,True,218,36.3,1078.74,1.086,28.44,1029.53,1.05,50.0,36,72
21,4.5,1.5,1.35,250.0,250.0,True,240,40.0,-212.6,0.985,26.25,1885.9,-0.11,45.83,33,72
21,4.5,1.5,1.35,350.0,350.0,True,282,47.0,178.33,1.011,27.3,1637.71,0.11,47.22,34,72
21,4.5,1.5,1.4,0.0,0.0,True,350,58.3,100.73,1.004,27.14,2023.82,0.05,48.61,35,72
21,4.5,1.5,1.4,200.0,250.0,True,218,36.3,1112.32,1.088,28.44,1029.53,1.08,48.61,35,72
21,4.5,1.5,1.4,250.0,250.0,True,240,40.0,-179.02,0.987,26.25,1852.32,-0.1,44.44,32,72
21,4.5,1.5,1.4,350.0,350.0,True,287,47.8,363.42,1.021,27.53,1494.21,0.24,45.83,33,72
21,4.5,1.5,1.45,0.0,0.0,True,357,59.5,444.95,1.019,27.73,2186.04,0.2,50.0,36,72
21,4.5,1.5,1.45,200.0,250.0,True,223,37.2,2216.63,1.177,30.49,1029.53,2.15,51.39,37,72
21,4.5,1.5,1.45,250.0,250.0,True,247,41.2,779.66,1.055,27.94,1083.41,0.72,47.22,34,72
21,4.5,1.5,1.45,350.0,350.0,True,294,49.0,790.01,1.046,28.23,1483.18,0.53,48.61,35,72
21,4.5,1.5,,0.0,0.0,False,935,155.8,1242.95,1.019,27.59,4574.49,0.27,54.17,39,72
21,4.5,1.5,,200.0,250.0,False,320,53.3,3257.1,1.188,30.31,1827.13,1.78,55.56,40,72
21,4.5,1.5,,250.0,250.0,False,375,62.5,3181.1,1.152,29.6,1868.64,1.7,51.39,37,72
21,4.5,1.5,,350.0,350.0,False,541,90.2,4451.66,1.148,29.02,2166.31,2.05,55.56,40,72
21,4.5,2.0,1.35,0.0,0.0,True,313,52.2,1154.3,1.045,34.19,2367.73,0.49,47.22,34,72
21,4.5,2.0,1.35,200.0,250.0,True,188,31.3,2330.23,1.186,36.17,1015.36,2.29,52.78,38,72
21,4.5,2.0,1.35,250.0,250.0,True,207,34.5,1491.0,1.105,34.78,1015.36,1.47,48.61,35,72
21,4.5,2.0,1.35,350.0,350.0,True,249,41.5,598.85,1.033,32.93,2185.85,0.27,45.83,33,72
21,4.5,2.0,1.4,0.0,0.0,True,318,53.0,1257.49,1.048,34.28,2367.73,0.53,45.83,33,72
21,4.5,2.0,1.4,200.0,250.0,True,189,31.5,2524.1,1.2,36.51,1015.36,2.49,51.39,37,72
21,4.5,2.0,1.4,250.0,250.0,True,208,34.7,1684.87,1.118,35.1,1015.36,1.66,47.22,34,72
21,4.5,2.0,1.4,350.0,350.0,True,254,42.3,702.04,1.038,33.07,2166.25,0.32,44.44,32,72
21,4.5,2.0,1.45,0.0,0.0,True,324,54.0,1276.99,1.048,34.57,2367.73,0.54,45.83,33,72
21,4.5,2.0,1.45,200.0,250.0,True,196,32.7,2885.52,1.224,37.24,1015.36,2.84,51.39,37,72
21,4.5,2.0,1.45,250.0,250.0,True,216,36.0,1934.13,1.131,35.65,1015.36,1.9,47.22,34,72
21,4.5,2.0,1.45,350.0,350.0,True,259,43.2,936.8,1.05,33.59,1889.83,0.5,44.44,32,72
21,4.5,2.0,,0.0,0.0,False,785,130.8,1573.34,1.023,33.76,5555.92,0.28,58.33,42,72
21,4.5,2.0,,200.0,250.0,False,268,44.7,4138.21,1.242,37.69,1989.7,2.08,59.72,43,72
21,4.5,2.0,,250.0,250.0,False,304,50.7,4553.28,1.23,37.5,1655.51,2.75,56.94,41,72
21,4.5,2.0,,350.0,350.0,False,413,68.8,8389.21,1.308,37.77,1803.43,4.65,61.11,44,72
21,4.5,2.5,1.35,0.0,0.0,True,296,49.3,-1329.54,0.955,37.84,3460.83,-0.38,48.61,35,72
21,4.5,2.5,1.35,200.0,250.0,True,168,28.0,1313.96,1.096,39.88,1203.66,1.09,51.39,37,72
21,4.5,2.5,1.35,250.0,250.0,True,187,31.2,240.59,1.015,37.97,2421.01,0.1,47.22,34,72
21,4.5,2.5,1.35,350.0,350.0,True,224,37.3,537.61,1.028,37.95,2070.83,0.26,48.61,35,72
21,4.5,2.5,1.4,0.0,0.0,True,301,50.2,-1030.14,0.965,38.21,3460.83,-0.3,47.22,34,72
21,4.5,2.5,1.4,200.0,250.0,True,173,28.8,2028.34,1.147,41.04,1237.97,1.64,51.39,37,72
21,4.5,2.5,1.4,250.0,250.0,True,192,32.0,954.97,1.06,39.06,1899.34,0.5,47.22,34,72
21,4.5,2.5,1.4,350.0,350.0,True,234,39.0,950.88,1.048,38.46,2237.16,0.43,48.61,35,72
21,4.5,2.5,1.45,0.0,0.0,True,307,51.2,-713.72,0.976,38.76,3729.13,-0.19,47.22,34,72
21,4.5,2.5,1.45,200.0,250.0,True,180,30.0,2015.77,1.14,41.11,1240.49,1.62,51.39,37,72
21,4.5,2.5,1.45,250.0,250.0,True,198,33.0,1024.57,1.063,39.39,1902.38,0.54,47.22,34,72
21,4.5,2.5,1.45,350.0,350.0,True,239,39.8,1398.67,1.071,39.33,1777.47,0.79,48.61,35,72
21,4.5,2.5,,0.0,0.0,False,682,113.7,2395.26,1.035,38.56,4916.79,0.49,54.17,39,72
21,4.5,2.5,,200.0,250.0,False,215,35.8,1067.06,1.061,39.53,2440.98,0.44,54.17,39,72
21,4.5,2.5,,250.0,250.0,False,264,44.0,704.37,1.032,39.02,2247.34,0.31,48.61,35,72
21,4.5,2.5,,350.0,350.0,False,379,63.2,4172.82,1.136,40.37,2707.11,1.54,52.78,38,72
34,3.0,1.5,1.35,0.0,0.0,True,274,45.7,-1446.24,0.914,34.31,2284.02,-0.63,50.0,36,72
34,3.0,1.5,1.35,200.0,250.0,True,221,36.8,745.47,1.063,36.65,1607.47,0.46,54.17,39,72
34,3.0,1.5,1.35,250.0,250.0,True,237,39.5,451.01,1.035,35.86,1747.97,0.26,52.78,38,72
34,3.0,1.5,1.35,350.0,350.0,True,256,42.7,-701.44,0.952,34.38,2205.46,-0.32,51.39,37,72
34,3.0,1.5,1.4,0.0,0.0,True,282,47.0,-1790.86,0.897,34.04,2628.64,-0.68,50.0,36,72
34,3.0,1.5,1.4,200.0,250.0,True,224,37.3,726.99,1.061,36.61,1581.28,0.46,54.17,39,72
34,3.0,1.5,1.4,250.0,250.0,True,243,40.5,464.62,1.035,35.8,1620.68,0.29,52.78,38,72
34,3.0,1.5,1.4,350.0,350.0,True,262,43.7,-687.83,0.954,34.35,2191.85,-0.31,51.39,37,72
34,3.0,1.5,1.45,0.0,0.0,True,288,48.0,-1512.47,0.914,34.72,2516.02,-0.6,54.17,39,72
34,3.0,1.5,1.45,200.0,250.0,True,226,37.7,822.38,1.069,37.17,1802.93,0.46,58.33,42,72
34,3.0,1.5,1.45,250.0,250.0,True,246,41.0,713.49,1.054,36.59,1688.85,0.42,56.94,41,72
34,3.0,1.5,1.45,350.0,350.0,True,267,44.5,-538.51,0.964,34.83,2106.9,-0.26,55.56,40,72
34,3.0,1.5,,0.0,0.0,False,833,138.8,3055.02,1.059,35.77,3863.42,0.79,54.17,39,72
34,3.0,1.5,,200.0,250.0,False,359,59.8,1452.49,1.082,36.77,1424.69,1.02,55.56,40,72
34,3.0,1.5,,250.0,250.0,False,392,65.3,2563.79,1.133,37.76,1662.29,1.54,54.17,39,72
34,3.0,1.5,,350.0,350.0,False,493,82.2,3030.24,1.12,37.32,2041.48,1.48,55.56,40,72
34,3.0,2.0,1.35,0.0,0.0,True,254,42.3,-704.8,0.962,42.52,2326.77,-0.3,51.39,37,72
34,3.0,2.0,1.35,200.0,250.0,True,196,32.7,1660.76,1.142,44.9,1233.97,1.35,55.56,40,72
34,3.0,2.0,1.35,250.0,250.0,True,213,35.5,881.72,1.066,43.66,1914.51,0.46,52.78,38,72
34,3.0,2.0,1.35,350.0,350.0,True,233,38.8,-28.36,0.998,42.49,1980.2,-0.01,52.78,38,72
34,3.0,2.0,1.4,0.0,0.0,True,261,43.5,-966.15,0.949,42.15,2359.9,-0.41,48.61,35,72
34,3.0,2.0,1.4,200.0,250.0,True,199,33.2,1531.41,1.129,44.72,1248.04,1.23,54.17,39,72
34,3.0,2.0,1.4,250.0,250.0,True,218,36.3,835.75,1.061,43.58,1845.2,0.45,50.0,36,72
34,3.0,2.0,1.4,350.0,350.0,True,238,39.7,-74.33,0.995,42.44,1910.89,-0.04,50.0,36,72
34,3.0,2.0,1.45,0.0,0.0,True,266,44.3,-568.87,0.97,42.86,2359.9,-0.24,50.0,36,72
34,3.0,2.0,1.45,200.0,250.0,True,203,33.8,1775.21,1.148,45.32,1326.91,1.34,55.56,40,72
34,3.0,2.0,1.45,250.0,250.0,True,223,37.2,1233.03,1.09,44.39,1662.95,0.74,51.39,37,72
34,3.0,2.0,1.45,350.0,350.0,True,242,40.3,193.88,1.012,42.98,1857.71,0.1,51.39,37,72
34,3.0,2.0,,0.0,0.0,False,716,119.3,4725.11,1.09,43.02,4225.11,1.12,52.78,38,72
34,3.0,2.0,,200.0,250.0,False,273,45.5,661.11,1.04,41.76,1894.71,0.35,51.39,37,72
34,3.0,2.0,,250.0,250.0,False,298,49.7,1251.94,1.069,42.95,2069.48,0.6,50.0,36,72
34,3.0,2.0,,350.0,350.0,False,447,74.5,3649.06,1.132,43.85,1497.7,2.44,54.17,39,72
34,3.0,2.5,1.35,0.0,0.0,True,243,40.5,1725.87,1.092,49.38,2797.75,0.62,54.17,39,72
34,3.0,2.5,1.35,200.0,250.0,True,185,30.8,2057.78,1.167,50.27,1764.15,1.17,54.17,39,72
34,3.0,2.5,1.35,250.0,250.0,True,198,33.0,1778.71,1.132,49.49,2002.82,0.89,52.78,38,72
34,3.0,2.5,1.35,350.0,350.0,True,215,35.8,1028.28,1.066,48.84,2172.13,0.47,52.78,38,72
34,3.0,2.5,1.4,0.0,0.0,True,250,41.7,1337.91,1.069,48.8,2839.17,0.47,51.39,37,72
34,3.0,2.5,1.4,200.0,250.0,True,188,31.3,1871.83,1.148,50.0,1873.77,1.0,52.78,38,72
34,3.0,2.5,1.4,250.0,250.0,True,203,33.8,1658.43,1.12,49.26,2046.77,0.81,50.0,36,72
34,3.0,2.5,1.4,350.0,350.0,True,219,36.5,1346.18,1.086,48.86,2216.08,0.61,50.0,36,72
34,3.0,2.5,1.45,0.0,0.0,True,255,42.5,1716.33,1.088,49.41,2839.17,0.6,52.78,38,72
34,3.0,2.5,1.45,200.0,250.0,True,190,31.7,2003.13,1.159,50.53,1957.5,1.02,52.78,38,72
34,3.0,2.5,1.45,250.0,250.0,True,207,34.5,1845.97,1.132,49.76,2074.26,0.89,50.0,36,72
34,3.0,2.5,1.45,350.0,350.0,True,223,37.2,1595.53,1.102,49.33,2181.76,0.73,51.39,37,72
34,3.0,2.5,,0.0,0.0,False,639,106.5,4291.37,1.081,48.83,4210.28,1.02,55.56,40,72
34,3.0,2.5,,200.0,250.0,False,256,42.7,738.11,1.041,47.27,1766.14,0.42,54.17,39,72
34,3.0,2.5,,250.0,250.0,False,302,50.3,1203.68,1.056,48.01,1880.25,0.64,52.78,38,72
34,3.0,2.5,,350.0,350.0,False,386,64.3,2762.32,1.102,48.96,1609.28,1.72,56.94,41,72
34,3.5,1.5,1.35,0.0,0.0,True,272,45.3,-1104.32,0.937,31.25,2035.02,-0.54,47.22,34,72
34,3.5,1.5,1.35,200.0,250.0,True,213,35.5,1207.55,1.104,33.8,1089.61,1.11,51.39,37,72
34,3.5,1.5,1.35,250.0,250.0,True,230,38.3,1017.25,1.079,33.04,1777.25,0.57,48.61,35,72
34,3.5,1.5,1.35,350.0,350.0,True,249,41.5,375.64,1.026,32.13,1823.43,0.21,47.22,34,72
34,3.5,1.5,1.4,0.0,0.0,True,280,46.7,-1404.48,0.922,31.07,2293.11,-0.61,47.22,34,72
34,3.5,1.5,1.4,200.0,250.0,True,216,36.0,1206.78,1.102,33.8,1045.71,1.15,51.39,37,72
34,3.5,1.5,1.4,250.0,250.0,True,233,38.8,1016.48,1.078,33.05,1733.35,0.59,48.61,35,72
34,3.5,1.5,1.4,350.0,350.0,True,255,42.5,433.71,1.029,32.16,1651.68,0.26,47.22,34,72
34,3.5,1.5,1.45,0.0,0.0,True,286,47.7,-1053.85,0.942,31.82,2053.37,-0.51,51.39,37,72
34,3.5,1.5,1.45,200.0,250.0,True,215,35.8,1549.83,1.134,34.88,1189.89,1.3,55.56,40,72
34,3.5,1.5,1.45,250.0,250.0,True,234,39.0,1199.38,1.093,33.76,1802.34,0.67,52.78,38,72
34,3.5,1.5,1.45,350.0,350.0,True,260,43.3,633.24,1.043,32.69,1794.79,0.35,51.39,37,72
34,3.5,1.5,,0.0,0.0,False,803,133.8,5362.59,1.104,33.0,3279.64,1.64,59.72,43,72
34,3.5,1.5,,200.0,250.0,False,338,56.3,1880.3,1.108,33.73,1463.08,1.29,55.56,40,72
34,3.5,1.5,,250.0,250.0,False,359,59.8,2774.07,1.151,34.54,1326.93,2.09,55.56,40,72
34,3.5,1.5,,350.0,350.0,False,451,75.2,3017.77,1.126,33.92,1664.05,1.81,56.94,41,72
34,3.5,2.0,1.35,0.0,0.0,True,249,41.5,-247.35,0.987,39.36,2328.08,-0.11,48.61,35,72
34,3.5,2.0,1.35,200.0,250.0,True,177,29.5,2716.8,1.249,43.5,1417.38,1.92,52.78,38,72
34,3.5,2.0,1.35,250.0,250.0,True,198,33.0,1254.96,1.096,40.91,2125.48,0.59,48.61,35,72
34,3.5,2.0,1.35,350.0,350.0,True,220,36.7,321.86,1.021,39.55,2528.53,0.13,47.22,34,72
34,3.5,2.0,1.4,0.0,0.0,True,256,42.7,-464.24,0.976,39.06,2356.42,-0.2,48.61,35,72
34,3.5,2.0,1.4,200.0,250.0,True,180,30.0,2605.16,1.234,43.33,1431.45,1.82,52.78,38,72
34,3.5,2.0,1.4,250.0,250.0,True,201,33.5,1143.32,1.086,40.8,2139.55,0.53,48.61,35,72
34,3.5,2.0,1.4,350.0,350.0,True,225,37.5,320.35,1.021,39.56,2432.47,0.13,47.22,34,72
34,3.5,2.0,1.45,0.0,0.0,True,261,43.5,14.4,1.001,39.85,2129.67,0.01,51.39,37,72
34,3.5,2.0,1.45,200.0,250.0,True,183,30.5,2989.17,1.268,44.26,1482.71,2.02,55.56,40,72
34,3.5,2.0,1.45,250.0,250.0,True,204,34.0,1527.33,1.115,41.67,2007.43,0.76,51.39,37,72
34,3.5,2.0,1.45,350.0,350.0,True,229,38.2,647.89,1.041,40.17,2356.82,0.27,50.0,36,72
34,3.5,2.0,,0.0,0.0,False,682,113.7,5879.01,1.111,39.88,3627.14,1.62,55.56,40,72
34,3.5,2.0,,200.0,250.0,False,279,46.5,1136.61,1.065,37.63,1799.93,0.63,50.0,36,72
34,3.5,2.0,,250.0,250.0,False,296,49.3,2586.08,1.142,39.53,1583.26,1.63,50.0,36,72
34,3.5,2.0,,350.0,350.0,False,411,68.5,4831.29,1.186,41.36,1881.48,2.57,54.17,39,72
34,3.5,2.5,1.35,0.0,0.0,True,235,39.2,750.28,1.038,45.11,3080.37,0.24,54.17,39,72
34,3.5,2.5,1.35,200.0,250.0,True,161,26.8,2064.98,1.18,46.58,1953.96,1.06,54.17,39,72
34,3.5,2.5,1.35,250.0,250.0,True,175,29.2,1858.11,1.148,45.71,2518.27,0.74,52.78,38,72
34,3.5,2.5,1.35,350.0,350.0,True,200,33.3,-107.91,0.993,44.0,2843.6,-0.04,51.39,37,72
34,3.5,2.5,1.4,0.0,0.0,True,242,40.3,406.78,1.02,44.63,3232.95,0.13,52.78,38,72
34,3.5,2.5,1.4,200.0,250.0,True,164,27.3,1896.74,1.161,46.34,2044.23,0.93,54.17,39,72
34,3.5,2.5,1.4,250.0,250.0,True,178,29.7,1689.87,1.132,45.51,2608.54,0.65,52.78,38,72
34,3.5,2.5,1.4,350.0,350.0,True,205,34.2,141.5,1.009,43.9,2841.45,0.05,50.0,36,72
34,3.5,2.5,1.45,0.0,0.0,True,247,41.2,866.56,1.042,45.34,3025.06,0.29,54.17,39,72
34,3.5,2.5,1.45,200.0,250.0,True,169,28.2,2360.66,1.199,47.34,1904.09,1.24,55.56,40,72
34,3.5,2.5,1.45,250.0,250.0,True,183,30.5,2153.79,1.167,46.45,2396.51,0.9,54.17,39,72
34,3.5,2.5,1.45,350.0,350.0,True,208,34.7,559.6,1.035,44.71,2675.24,0.21,51.39,37,72
34,3.5,2.5,,0.0,0.0,False,603,100.5,5123.58,1.094,45.61,3609.56,1.42,59.72,43,72
34,3.5,2.5,,200.0,250.0,False,235,39.2,566.23,1.032,43.4,1920.16,0.29,51.39,37,72
34,3.5,2.5,,250.0,250.0,False,256,42.7,1946.66,1.103,45.31,1591.45,1.22,52.78,38,72
34,3.5,2.5,,350.0,350.0,False,350,58.3,4407.69,1.173,46.86,1548.82,2.85,58.33,42,72
34,4.0,1.5,1.35,0.0,0.0,True,266,44.3,106.52,1.006,29.32,2054.49,0.05,50.0,36,72
34,4.0,1.5,1.35,200.0,250.0,True,211,35.2,652.02,1.052,29.86,2182.16,0.3,50.0,36,72
34,4.0,1.5,1.35,250.0,250.0,True,219,36.5,973.16,1.076,30.14,1984.98,0.49,50.0,36,72
34,4.0,1.5,1.35,350.0,350.0,True,240,40.0,1351.54,1.094,30.0,2016.03,0.67,50.0,36,72
34,4.0,1.5,1.4,0.0,0.0,True,274,45.7,-149.18,0.992,29.2,1932.36,-0.08,50.0,36,72
34,4.0,1.5,1.4,200.0,250.0,True,215,35.8,879.81,1.069,30.23,1909.7,0.46,50.0,36,72
34,4.0,1.5,1.4,250.0,250.0,True,223,37.2,1200.95,1.092,30.49,1712.52,0.7,50.0,36,72
34,4.0,1.5,1.4,350.0,350.0,True,247,41.2,1359.99,1.092,29.96,1893.9,0.72,50.0,36,72
34,4.0,1.5,1.45,0.0,0.0,True,280,46.7,273.7,1.015,30.0,1852.82,0.15,54.17,39,72
34,4.0,1.5,1.45,200.0,250.0,True,215,35.8,1464.63,1.117,31.63,1773.79,0.83,54.17,39,72
34,4.0,1.5,1.45,250.0,250.0,True,223,37.2,1785.77,1.14,31.84,1576.61,1.13,54.17,39,72
34,4.0,1.5,1.45,350.0,350.0,True,253,42.2,1782.87,1.12,30.83,1814.36,0.98,54.17,39,72
34,4.0,1.5,,0.0,0.0,False,775,129.2,6102.69,1.117,30.58,2984.24,2.04,61.11,44,72
34,4.0,1.5,,200.0,250.0,False,326,54.3,1396.67,1.076,31.29,1965.95,0.71,55.56,40,72
34,4.0,1.5,,250.0,250.0,False,357,59.5,2894.21,1.15,31.93,1176.38,2.46,55.56,40,72
34,4.0,1.5,,350.0,350.0,False,442,73.7,3449.77,1.137,31.67,2252.1,1.53,59.72,43,72
34,4.0,2.0,1.35,0.0,0.0,True,241,40.2,1476.35,1.078,37.76,2084.28,0.71,52.78,38,72
34,4.0,2.0,1.35,200.0,250.0,True,171,28.5,2953.49,1.263,39.77,1604.29,1.84,55.56,40,72
34,4.0,2.0,1.35,250.0,250.0,True,183,30.5,2748.91,1.227,39.34,1604.29,1.71,54.17,39,72
34,4.0,2.0,1.35,350.0,350.0,True,207,34.5,931.4,1.062,36.71,2619.14,0.36,51.39,37,72
34,4.0,2.0,1.4,0.0,0.0,True,248,41.3,1303.92,1.067,37.5,2085.88,0.63,52.78,38,72
34,4.0,2.0,1.4,200.0,250.0,True,175,29.2,3070.41,1.268,40.0,1407.52,2.18,55.56,40,72
34,4.0,2.0,1.4,250.0,250.0,True,187,31.2,2865.83,1.232,39.57,1407.52,2.04,54.17,39,72
34,4.0,2.0,1.4,350.0,350.0,True,213,35.5,849.95,1.055,36.62,2620.74,0.32,51.39,37,72
34,4.0,2.0,1.45,0.0,0.0,True,252,42.0,1624.45,1.083,38.1,2054.11,0.79,54.17,39,72
34,4.0,2.0,1.45,200.0,250.0,True,174,29.0,3586.86,1.321,41.38,1467.02,2.44,56.94,41,72
34,4.0,2.0,1.45,250.0,250.0,True,188,31.3,3170.81,1.259,40.43,1467.02,2.16,55.56,40,72
34,4.0,2.0,1.45,350.0,350.0,True,217,36.2,1170.48,1.075,37.33,2588.97,0.45,52.78,38,72
34,4.0,2.0,,0.0,0.0,False,654,109.0,5915.14,1.112,36.85,3190.17,1.85,61.11,44,72
34,4.0,2.0,,200.0,250.0,False,253,42.2,-879.48,0.952,34.39,2277.89,-0.39,50.0,36,72
34,4.0,2.0,,250.0,250.0,False,279,46.5,1988.69,1.106,36.92,1917.49,1.04,51.39,37,72
34,4.0,2.0,,350.0,350.0,False,380,63.3,3936.04,1.15,38.68,2448.59,1.61,58.33,42,72
34,4.0,2.5,1.35,0.0,0.0,True,228,38.0,2674.56,1.134,43.42,2853.87,0.94,52.78,38,72
34,4.0,2.5,1.35,200.0,250.0,True,156,26.0,2899.74,1.25,43.59,1990.94,1.46,54.17,39,72
34,4.0,2.5,1.35,250.0,250.0,True,167,27.8,2632.0,1.209,43.11,2527.89,1.04,52.78,38,72
34,4.0,2.5,1.35,350.0,350.0,True,194,32.3,734.23,1.045,41.24,3061.29,0.24,50.0,36,72
34,4.0,2.5,1.4,0.0,0.0,True,235,39.2,2375.52,1.115,42.98,2960.37,0.8,52.78,38,72
34,4.0,2.5,1.4,200.0,250.0,True,160,26.7,2960.06,1.249,43.75,1851.03,1.6,54.17,39,72
34,4.0,2.5,1.4,250.0,250.0,True,171,28.5,2692.32,1.209,43.27,2387.98,1.13,52.78,38,72
34,4.0,2.5,1.4,350.0,350.0,True,199,33.2,986.32,1.06,41.21,3167.79,0.31,50.0,36,72
34,4.0,2.5,1.45,0.0,0.0,True,239,39.8,2669.82,1.128,43.51,2954.83,0.9,52.78,38,72
34,4.0,2.5,1.45,200.0,250.0,True,160,26.7,3162.64,1.268,44.38,1908.92,1.66,54.17,39,72
34,4.0,2.5,1.45,250.0,250.0,True,173,28.8,2886.36,1.224,43.93,2482.7,1.16,52.78,38,72
34,4.0,2.5,1.45,350.0,350.0,True,202,33.7,1390.04,1.084,42.08,3052.83,0.46,50.0,36,72
34,4.0,2.5,,0.0,0.0,False,579,96.5,5259.0,1.096,42.49,3398.84,1.55,58.33,42,72
34,4.0,2.5,,200.0,250.0,False,230,38.3,-1602.79,0.92,39.13,2556.87,-0.63,47.22,34,72
34,4.0,2.5,,250.0,250.0,False,247,41.2,522.26,1.026,41.3,1980.47,0.26,48.61,35,72
34,4.0,2.5,,350.0,350.0,False,338,56.3,3388.83,1.127,43.2,1820.48,1.86,55.56,40,72
34,4.5,1.5,1.35,0.0,0.0,True,260,43.3,1471.11,1.085,28.46,2166.17,0.68,52.78,38,72
34,4.5,1.5,1.35,200.0,250.0,True,192,32.0,1990.74,1.169,29.69,1829.11,1.09,51.39,37,72
34,4.5,1.5,1.35,250.0,250.0,True,207,34.5,1965.73,1.158,29.47,2127.24,0.92,50.0,36,72
34,4.5,1.5,1.35,350.0,350.0,True,230,38.3,1958.74,1.14,29.13,1921.04,1.02,50.0,36,72
34,4.5,1.5,1.4,0.0,0.0,True,268,44.7,1259.87,1.07,28.36,2043.06,0.62,52.78,38,72
34,4.5,1.5,1.4,200.0,250.0,True,196,32.7,2262.99,1.19,30.1,1773.19,1.28,51.39,37,72
34,4.5,1.5,1.4,250.0,250.0,True,211,35.2,2237.98,1.178,29.86,1853.8,1.21,50.0,36,72
34,4.5,1.5,1.4,350.0,350.0,True,234,39.0,2230.99,1.158,29.49,1647.6,1.35,50.0,36,72
34,4.5,1.5,1.45,0.0,0.0,True,274,45.7,1754.99,1.097,29.2,1975.86,0.89,56.94,41,72
34,4.5,1.5,1.45,200.0,250.0,True,196,32.7,2893.96,1.247,31.63,1618.63,1.79,55.56,40,72
34,4.5,1.5,1.45,250.0,250.0,True,211,35.2,2868.95,1.232,31.28,1708.61,1.68,54.17,39,72
34,4.5,1.5,1.45,350.0,350.0,True,240,40.0,2726.11,1.191,30.42,1580.4,1.72,54.17,39,72
34,4.5,1.5,,0.0,0.0,False,753,125.5,5420.54,1.103,28.15,4434.45,1.22,62.5,45,72
34,4.5,1.5,,200.0,250.0,False,290,48.3,1986.99,1.118,30.0,2097.81,0.95,55.56,40,72
34,4.5,1.5,,250.0,250.0,False,333,55.5,4122.5,1.224,30.63,1701.19,2.42,55.56,40,72
34,4.5,1.5,,350.0,350.0,False,424,70.7,4577.19,1.192,29.95,1757.91,2.6,59.72,43,72
34,4.5,2.0,1.35,0.0,0.0,True,236,39.3,2358.59,1.123,36.02,2541.45,0.93,54.17,39,72
34,4.5,2.0,1.35,200.0,250.0,True,161,26.8,2862.26,1.254,37.27,1488.38,1.92,54.17,39,72
34,4.5,2.0,1.35,250.0,250.0,True,170,28.3,3267.89,1.281,37.65,1607.88,2.03,54.17,39,72
34,4.5,2.0,1.35,350.0,350.0,True,195,32.5,2279.59,1.159,36.41,2330.41,0.98,52.78,38,72
34,4.5,2.0,1.4,0.0,0.0,True,243,40.5,2230.62,1.114,35.8,2504.49,0.89,54.17,39,72
34,4.5,2.0,1.4,200.0,250.0,True,165,27.5,3023.64,1.263,37.58,1253.05,2.41,54.17,39,72
34,4.5,2.0,1.4,250.0,250.0,True,174,29.0,3429.27,1.289,37.93,1372.55,2.5,54.17,39,72
34,4.5,2.0,1.4,350.0,350.0,True,200,33.3,2316.57,1.158,36.5,2219.48,1.04,52.78,38,72
34,4.5,2.0,1.45,0.0,0.0,True,247,41.2,2605.88,1.132,36.44,2454.86,1.06,56.94,41,72
34,4.5,2.0,1.45,200.0,250.0,True,164,27.3,3568.73,1.319,39.02,1245.06,2.87,56.94,41,72
34,4.5,2.0,1.45,250.0,250.0,True,173,28.8,3974.36,1.343,39.31,1364.56,2.91,56.94,41,72
34,4.5,2.0,1.45,350.0,350.0,True,204,34.0,2691.83,1.182,37.25,2169.85,1.24,55.56,40,72
34,4.5,2.0,,0.0,0.0,False,636,106.0,4749.89,1.088,33.49,4832.41,0.98,55.56,40,72
34,4.5,2.0,,200.0,250.0,False,236,39.3,-663.25,0.962,31.36,3831.87,-0.17,47.22,34,72
34,4.5,2.0,,250.0,250.0,False,273,45.5,753.32,1.038,31.87,2769.37,0.27,47.22,34,72
34,4.5,2.0,,350.0,350.0,False,364,60.7,5379.63,1.213,36.26,2131.96,2.52,59.72,43,72
34,4.5,2.5,1.35,0.0,0.0,True,224,37.3,2525.11,1.122,40.62,3411.66,0.74,52.78,38,72
34,4.5,2.5,1.35,200.0,250.0,True,148,24.7,3310.97,1.287,41.89,1665.52,1.99,52.78,38,72
34,4.5,2.5,1.35,250.0,250.0,True,159,26.5,3367.81,1.275,41.51,1846.14,1.82,52.78,38,72
34,4.5,2.5,1.35,350.0,350.0,True,178,29.7,3904.67,1.271,42.13,2093.41,1.87,54.17,39,72
34,4.5,2.5,1.4,0.0,0.0,True,231,38.5,2270.53,1.106,40.26,3472.07,0.65,52.78,38,72
34,4.5,2.5,1.4,200.0,250.0,True,152,25.3,3415.75,1.289,42.11,1479.52,2.31,52.78,38,72
34,4.5,2.5,1.4,250.0,250.0,True,163,27.2,3472.59,1.277,41.72,1660.14,2.09,52.78,38,72
34,4.5,2.5,1.4,350.0,350.0,True,182,30.3,4292.9,1.298,42.31,2062.14,2.08,54.17,39,72
34,4.5,2.5,1.45,0.0,0.0,True,235,39.2,2619.56,1.122,40.85,3448.67,0.76,52.78,38,72
34,4.5,2.5,1.45,200.0,250.0,True,152,25.3,3629.42,1.31,42.76,1545.64,2.35,52.78,38,72
34,4.5,2.5,1.45,250.0,250.0,True,163,27.2,3686.26,1.297,42.33,1726.26,2.14,52.78,38,72
34,4.5,2.5,1.45,350.0,350.0,True,185,30.8,4751.35,1.329,43.24,1904.0,2.5,54.17,39,72
34,4.5,2.5,,0.0,0.0,False,555,92.5,2188.82,1.039,38.2,4813.27,0.45,54.17,39,72
34,4.5,2.5,,200.0,250.0,False,199,33.2,-2264.0,0.875,34.17,3628.53,-0.62,47.22,34,72
34,4.5,2.5,,250.0,250.0,False,219,36.5,-952.31,0.951,35.62,2799.46,-0.34,45.83,33,72
34,4.5,2.5,,350.0,350.0,False,302,50.3,3865.68,1.156,40.4,2753.58,1.4,54.17,39,72
