total_trades,net_profit,pf,win_rate,max_dd,romad,mcr,pos_months,total_months,portfolio_profit_lock,portfolio_loss_breaker,portfolio_def_thresh,portfolio_def_mult
842,6306.74,1.108,21.62,9446.96,0.67,73.61,53,72,300.0,0.0,0.0,0.25
842,6306.74,1.108,21.62,9446.96,0.67,73.61,53,72,300.0,0.0,0.0,0.5
905,16270.15,1.41,22.43,5279.72,3.08,72.22,52,72,300.0,0.0,150.0,0.5
899,15315.12,1.376,22.14,5279.72,2.9,72.22,52,72,300.0,0.0,200.0,0.5
938,19777.64,1.697,22.92,3196.1,6.19,69.44,50,72,300.0,0.0,150.0,0.25
924,17831.04,1.594,22.62,3196.1,5.58,69.44,50,72,300.0,0.0,200.0,0.25
889,19481.18,1.737,23.4,1797.06,10.84,68.06,49,72,300.0,600.0,150.0,0.25
874,17480.33,1.622,23.0,1797.06,9.73,68.06,49,72,300.0,600.0,200.0,0.25
725,14862.11,1.478,22.9,2062.94,7.2,68.06,49,72,300.0,600.0,150.0,0.5
1018,15492.61,1.332,21.81,5279.72,2.93,68.06,49,72,400.0,0.0,200.0,0.5
975,5189.44,1.077,21.13,9446.96,0.55,68.06,49,72,400.0,0.0,0.0,0.25
975,5189.44,1.077,21.13,9446.96,0.55,68.06,49,72,400.0,0.0,0.0,0.5
709,12370.96,1.386,22.28,2095.5,5.9,66.67,48,72,300.0,600.0,200.0,0.5
1029,16164.16,1.352,21.87,5279.72,3.06,66.67,48,72,400.0,0.0,150.0,0.5
698,16905.18,1.75,24.36,1573.28,10.75,65.28,47,72,300.0,400.0,150.0,0.25
794,16024.91,1.655,23.43,1664.32,9.63,65.28,47,72,300.0,500.0,150.0,0.25
786,15069.56,1.565,23.28,1688.34,8.93,65.28,47,72,300.0,500.0,200.0,0.25
620,12121.38,1.439,23.39,2078.4,5.83,65.28,47,72,300.0,500.0,150.0,0.5
610,11485.63,1.404,23.11,2078.4,5.53,65.28,47,72,300.0,500.0,200.0,0.5
664,14571.7,1.6,23.8,1597.3,9.12,63.89,46,72,300.0,400.0,200.0,0.25
543,7822.68,1.226,23.02,2909.51,2.69,63.89,46,72,300.0,600.0,0.0,0.25
543,7822.68,1.226,23.02,2909.51,2.69,63.89,46,72,300.0,600.0,0.0,0.5
1065,7425.9,1.1,21.41,9446.96,0.79,63.89,46,72,500.0,0.0,0.0,0.25
1065,7425.9,1.1,21.41,9446.96,0.79,63.89,46,72,500.0,0.0,0.0,0.5
1057,18501.93,1.545,22.14,3196.1,5.79,62.5,45,72,400.0,0.0,150.0,0.25
1045,18041.88,1.505,22.11,3196.1,5.64,62.5,45,72,400.0,0.0,200.0,0.25
554,11530.57,1.461,24.37,1900.96,6.07,62.5,45,72,300.0,400.0,150.0,0.5
842,14942.68,1.402,22.33,3014.87,4.96,62.5,45,72,400.0,600.0,150.0,0.5
1100,17732.11,1.34,21.73,5279.72,3.36,62.5,45,72,500.0,0.0,200.0,0.5
819,12793.49,1.34,22.1,3061.63,4.18,62.5,45,72,400.0,600.0,200.0,0.5
1164,14889.39,1.186,22.34,9446.96,1.58,62.5,45,72,750.0,0.0,0.0,0.25
1164,14889.39,1.186,22.34,9446.96,1.58,62.5,45,72,750.0,0.0,0.0,0.5
1105,9969.88,1.131,21.45,9446.96,1.06,62.5,45,72,600.0,0.0,0.0,0.25
1105,9969.88,1.131,21.45,9446.96,1.06,62.5,45,72,600.0,0.0,0.0,0.5
1008,18205.47,1.569,22.52,2445.11,7.45,61.11,44,72,400.0,600.0,150.0,0.25
995,17691.17,1.524,22.41,2483.33,7.12,61.11,44,72,400.0,600.0,200.0,0.25
1193,23704.9,1.408,22.88,5279.72,4.49,61.11,44,72,750.0,0.0,200.0,0.5
1124,20079.49,1.388,22.15,5279.72,3.8,61.11,44,72,600.0,0.0,150.0,0.5
711,12108.47,1.358,23.07,2887.51,4.19,61.11,44,72,400.0,500.0,200.0,0.5
1120,18930.43,1.356,21.96,5279.72,3.59,61.11,44,72,600.0,0.0,200.0,0.5
1110,17543.7,1.342,21.62,5279.72,3.32,61.11,44,72,500.0,0.0,150.0,0.5
727,12432.66,1.372,22.97,2892.75,4.3,59.72,43,72,400.0,500.0,150.0,0.5
1210,20231.43,1.35,22.56,5279.72,3.83,59.72,43,72,750.0,0.0,150.0,0.5
1671,40031.72,1.327,23.88,11706.91,3.42,59.72,43,72,0.0,0.0,0.0,0.25
1671,40031.72,1.327,23.88,11706.91,3.42,59.72,43,72,0.0,0.0,0.0,0.5
1291,24935.75,1.286,23.24,9446.96,2.64,59.72,43,72,1200.0,0.0,0.0,0.25
1291,24935.75,1.286,23.24,9446.96,2.64,59.72,43,72,1200.0,0.0,0.0,0.5
1252,20323.86,1.238,22.84,9446.96,2.15,59.72,43,72,1000.0,0.0,0.0,0.25
1252,20323.86,1.238,22.84,9446.96,2.15,59.72,43,72,1000.0,0.0,0.0,0.5
555,12178.68,1.617,24.5,1491.83,8.16,58.33,42,72,300.0,300.0,150.0,0.25
806,15765.63,1.564,23.45,2318.15,6.8,58.33,42,72,400.0,400.0,150.0,0.25
1130,20118.99,1.5,22.12,3196.1,6.29,58.33,42,72,500.0,0.0,200.0,0.25
1317,32348.8,1.494,23.69,5279.72,6.13,58.33,42,72,1200.0,0.0,200.0,0.5
911,14768.11,1.492,22.5,2526.44,5.85,58.33,42,72,400.0,500.0,150.0,0.25
905,15299.31,1.473,22.65,2564.67,5.97,58.33,42,72,400.0,500.0,200.0,0.25
1257,26004.04,1.423,22.99,5279.72,4.93,58.33,42,72,1000.0,0.0,200.0,0.5
637,8067.36,1.197,23.08,3293.33,2.45,58.33,42,72,400.0,600.0,0.0,0.25
637,8067.36,1.197,23.08,3293.33,2.45,58.33,42,72,400.0,600.0,0.0,0.5
1151,20809.51,1.533,22.15,3196.1,6.51,56.94,41,72,500.0,0.0,150.0,0.25
1071,19750.06,1.519,22.5,2483.33,7.95,56.94,41,72,500.0,600.0,200.0,0.25
1317,32486.19,1.508,23.69,5279.72,6.15,56.94,41,72,1200.0,0.0,150.0,0.5
769,14982.6,1.503,23.41,2356.38,6.36,56.94,41,72,400.0,400.0,200.0,0.25
1146,20638.17,1.501,22.25,3196.1,6.46,56.94,41,72,600.0,0.0,200.0,0.25
1671,43367.16,1.447,23.88,7539.67,5.75,56.94,41,72,0.0,0.0,150.0,0.5
927,18941.12,1.447,22.76,3014.87,6.28,56.94,41,72,600.0,600.0,150.0,0.5
1671,43229.77,1.439,23.88,7539.67,5.73,56.94,41,72,0.0,0.0,200.0,0.5
1272,25141.39,1.412,22.88,5279.72,4.76,56.94,41,72,1000.0,0.0,150.0,0.5
654,12037.6,1.393,24.01,2582.13,4.66,56.94,41,72,400.0,400.0,150.0,0.5
913,16405.32,1.391,22.12,3014.87,5.44,56.94,41,72,500.0,600.0,150.0,0.5
891,15116.09,1.355,22.11,3061.63,4.94,56.94,41,72,500.0,600.0,200.0,0.5
509,6492.55,1.26,22.59,2268.09,2.86,56.94,41,72,300.0,400.0,200.0,0.5
479,3950.09,1.13,22.13,3566.13,1.11,56.94,41,72,300.0,500.0,0.0,0.25
479,3950.09,1.13,22.13,3566.13,1.11,56.94,41,72,300.0,500.0,0.0,0.5
1093,20494.83,1.556,22.6,2445.11,8.38,55.56,40,72,500.0,600.0,150.0,0.25
1087,20269.24,1.52,22.63,2483.33,8.16,55.56,40,72,600.0,600.0,200.0,0.25
1173,20412.39,1.505,22.25,3196.1,6.39,55.56,40,72,600.0,0.0,150.0,0.25
1225,23394.22,1.503,23.1,3196.1,7.32,55.56,40,72,750.0,0.0,200.0,0.25
984,21088.88,1.435,23.48,3061.63,6.89,55.56,40,72,750.0,600.0,200.0,0.5
1013,19093.06,1.394,23.2,3014.87,6.33,55.56,40,72,750.0,600.0,150.0,0.5
911,16314.42,1.375,22.39,3061.63,5.33,55.56,40,72,600.0,600.0,200.0,0.5
781,14473.16,1.374,23.05,2887.51,5.01,55.56,40,72,500.0,500.0,200.0,0.5
1115,20097.71,1.526,22.69,2445.11,8.22,54.17,39,72,600.0,600.0,150.0,0.25
1166,23025.29,1.52,23.5,2483.33,9.27,54.17,39,72,750.0,600.0,200.0,0.25
980,17417.98,1.476,22.76,2564.67,6.79,54.17,39,72,500.0,500.0,200.0,0.25
874,20445.95,1.458,24.49,2887.51,7.08,54.17,39,72,750.0,500.0,200.0,0.5
810,16473.18,1.427,23.46,2892.75,5.69,54.17,39,72,600.0,500.0,150.0,0.5
801,15671.48,1.395,23.35,2887.51,5.43,54.17,39,72,600.0,500.0,200.0,0.5
796,13937.39,1.365,22.74,2892.75,4.82,54.17,39,72,500.0,500.0,150.0,0.5
709,8791.9,1.189,23.27,3591.19,2.45,54.17,39,72,500.0,600.0,0.0,0.25
709,8791.9,1.189,23.27,3591.19,2.45,54.17,39,72,500.0,600.0,0.0,0.5
1337,34208.3,1.645,23.93,3196.1,10.7,52.78,38,72,1200.0,0.0,200.0,0.25
1118,31739.43,1.586,24.51,3014.87,10.53,52.78,38,72,1200.0,600.0,150.0,0.5
888,18227.98,1.558,23.54,2318.15,7.86,52.78,38,72,500.0,400.0,150.0,0.25
1105,30211.99,1.546,24.43,3061.63,9.87,52.78,38,72,1200.0,600.0,200.0,0.5
1294,27290.87,1.542,23.26,3196.1,8.54,52.78,38,72,1000.0,0.0,200.0,0.25
1441,41386.62,1.514,24.64,4497.42,9.2,52.78,38,72,0.0,600.0,150.0,0.5
842,17214.48,1.508,23.52,2356.38,7.31,52.78,38,72,500.0,400.0,200.0,0.25
995,17117.24,1.491,22.61,2526.44,6.78,52.78,38,72,500.0,500.0,150.0,0.25
996,17937.15,1.478,22.89,2564.67,6.99,52.78,38,72,600.0,500.0,200.0,0.25
1075,24003.01,1.464,23.53,3014.87,7.96,52.78,38,72,1000.0,600.0,150.0,0.5
1048,23388.03,1.452,23.57,3061.63,7.64,52.78,38,72,1000.0,600.0,200.0,0.5
896,16625.13,1.373,23.88,2892.75,5.75,52.78,38,72,750.0,500.0,150.0,0.5
805,14482.95,1.278,24.22,3504.64,4.13,52.78,38,72,750.0,600.0,0.0,0.25
805,14482.95,1.278,24.22,3504.64,4.13,52.78,38,72,750.0,600.0,0.0,0.5
604,7283.05,1.241,22.85,2538.57,2.87,52.78,38,72,400.0,400.0,200.0,0.5
747,10494.63,1.217,23.16,3591.19,2.92,52.78,38,72,600.0,600.0,0.0,0.25
747,10494.63,1.217,23.16,3591.19,2.92,52.78,38,72,600.0,600.0,0.0,0.5
1278,33839.37,1.665,24.33,2483.33,13.63,51.39,37,72,1200.0,600.0,200.0,0.25
995,29569.06,1.574,25.43,2887.51,10.24,51.39,37,72,1200.0,500.0,200.0,0.5
1235,26921.94,1.56,23.64,2483.33,10.84,51.39,37,72,1000.0,600.0,200.0,0.25
910,17830.86,1.524,23.63,2318.15,7.69,51.39,37,72,600.0,400.0,150.0,0.25
858,17733.66,1.509,23.66,2356.38,7.53,51.39,37,72,600.0,400.0,200.0,0.25
1671,42417.22,1.504,23.88,5456.05,7.77,51.39,37,72,0.0,0.0,200.0,0.25
1428,39859.18,1.488,24.58,4497.42,8.86,51.39,37,72,0.0,600.0,200.0,0.5
1258,22505.75,1.485,22.97,3196.1,7.04,51.39,37,72,750.0,0.0,150.0,0.25
1067,20626.76,1.484,23.81,2564.67,8.04,51.39,37,72,750.0,500.0,200.0,0.25
938,22745.09,1.475,24.52,2887.51,7.88,51.39,37,72,1000.0,500.0,200.0,0.5
731,16511.31,1.467,24.62,2582.13,6.39,51.39,37,72,600.0,400.0,150.0,0.5
1017,16720.12,1.462,22.71,2526.44,6.62,51.39,37,72,600.0,500.0,150.0,0.25
645,11284.55,1.453,24.03,2140.08,5.27,51.39,37,72,400.0,300.0,150.0,0.25
717,13975.52,1.4,23.85,2582.13,5.41,51.39,37,72,500.0,400.0,150.0,0.5
569,4145.19,1.114,22.32,3566.13,1.16,51.39,37,72,400.0,500.0,0.0,0.25
569,4145.19,1.114,22.32,3566.13,1.16,51.39,37,72,400.0,500.0,0.0,0.5
410,2055.64,1.078,21.95,3546.94,0.58,51.39,37,72,300.0,400.0,0.0,0.25
410,2055.64,1.078,21.95,3546.94,0.58,51.39,37,72,300.0,400.0,0.0,0.5
1000,29359.1,1.584,25.3,2892.75,10.15,50.0,36,72,1200.0,500.0,150.0,0.5
928,20485.9,1.513,24.68,2356.38,8.69,50.0,36,72,750.0,400.0,200.0,0.25
1200,22191.07,1.502,23.42,2445.11,9.08,50.0,36,72,750.0,600.0,150.0,0.25
1608,40021.93,1.491,24.13,4801.98,8.33,50.0,36,72,0.0,600.0,200.0,0.25
1311,33572.77,1.451,24.94,3271.17,10.26,50.0,36,72,0.0,500.0,150.0,0.5
958,21535.08,1.449,24.22,2892.75,7.44,50.0,36,72,1000.0,500.0,150.0,0.5
1306,33782.74,1.447,25.04,3265.93,10.34,50.0,36,72,0.0,500.0,200.0,0.5
919,23856.7,1.408,25.03,3377.48,7.06,50.0,36,72,1200.0,600.0,0.0,0.25
919,23856.7,1.408,25.03,3377.48,7.06,50.0,36,72,1200.0,600.0,0.0,0.5
807,16670.94,1.407,24.91,2582.13,6.46,50.0,36,72,750.0,400.0,150.0,0.5
1242,31705.26,1.38,25.2,4140.89,7.66,50.0,36,72,0.0,600.0,0.0,0.25
1242,31705.26,1.38,25.2,4140.89,7.66,50.0,36,72,0.0,600.0,0.0,0.5
881,19326.24,1.342,24.63,3504.64,5.51,50.0,36,72,1000.0,600.0,0.0,0.25
881,19326.24,1.342,24.63,3504.64,5.51,50.0,36,72,1000.0,600.0,0.0,0.5
1169,31022.84,1.65,24.72,2564.67,12.1,48.61,35,72,1200.0,500.0,200.0,0.25
1343,32688.49,1.648,23.83,3196.1,10.23,48.61,35,72,1200.0,0.0,150.0,0.25
1134,24915.02,1.541,23.99,2564.67,9.71,48.61,35,72,1000.0,500.0,200.0,0.25
1322,25686.05,1.515,23.07,3196.1,8.04,48.61,35,72,1000.0,0.0,150.0,0.25
442,4738.99,1.24,22.4,3212.07,1.48,48.61,35,72,300.0,300.0,200.0,0.25
1029,30969.58,1.69,25.66,2356.38,13.14,47.22,34,72,1200.0,400.0,200.0,0.25
1285,32373.81,1.671,24.28,2445.11,13.24,47.22,34,72,1200.0,600.0,150.0,0.25
909,28757.9,1.617,26.18,2645.1,10.87,47.22,34,72,1200.0,400.0,150.0,0.5
994,24861.76,1.575,24.85,2356.38,10.55,47.22,34,72,1000.0,400.0,200.0,0.25
1264,25371.37,1.533,23.5,2445.11,10.38,47.22,34,72,1000.0,600.0,150.0,0.25
1480,38807.59,1.529,24.59,4190.55,9.26,47.22,34,72,0.0,500.0,200.0,0.25
986,19920.41,1.501,24.44,2318.15,8.59,47.22,34,72,750.0,400.0,150.0,0.25
869,21580.9,1.488,25.2,2645.1,8.16,47.22,34,72,1000.0,400.0,150.0,0.5
1211,33782.3,1.484,25.68,3624.38,9.32,47.22,34,72,0.0,400.0,150.0,0.5
1094,18747.03,1.446,23.49,2526.44,7.42,47.22,34,72,750.0,500.0,150.0,0.25
665,8886.8,1.257,22.86,2538.57,3.5,47.22,34,72,500.0,400.0,200.0,0.5
419,3425.22,1.167,21.96,3355.81,1.02,47.22,34,72,300.0,300.0,150.0,0.5
622,5277.79,1.129,22.67,3128.75,1.69,47.22,34,72,500.0,500.0,0.0,0.25
622,5277.79,1.129,22.67,3128.75,1.69,47.22,34,72,500.0,500.0,0.0,0.5
490,3654.06,1.118,22.65,3546.94,1.03,47.22,34,72,400.0,400.0,0.0,0.25
490,3654.06,1.118,22.65,3546.94,1.03,47.22,34,72,400.0,400.0,0.0,0.5
1340,38754.33,1.549,25.3,3885.45,9.97,45.83,33,72,0.0,400.0,200.0,0.25
1671,40768.13,1.514,23.88,5456.05,7.47,45.83,33,72,0.0,0.0,150.0,0.25
701,13731.58,1.479,24.25,2140.08,6.42,45.83,33,72,500.0,300.0,150.0,0.25
755,13083.07,1.323,24.24,2538.57,5.15,45.83,33,72,750.0,400.0,200.0,0.5
685,10085.12,1.283,23.21,2538.57,3.97,45.83,33,72,600.0,400.0,200.0,0.5
713,9151.22,1.197,23.56,3303.41,2.77,45.83,33,72,750.0,500.0,0.0,0.25
713,9151.22,1.197,23.56,3303.41,2.77,45.83,33,72,750.0,500.0,0.0,0.5
657,5199.52,1.122,22.37,3303.41,1.57,45.83,33,72,600.0,500.0,0.0,0.25
657,5199.52,1.122,22.37,3303.41,1.57,45.83,33,72,600.0,500.0,0.0,0.5
1069,30494.76,1.703,25.44,2318.15,13.15,44.44,32,72,1200.0,400.0,150.0,0.25
1177,29321.39,1.643,24.47,2526.44,11.61,44.44,32,72,1200.0,500.0,150.0,0.25
1048,23492.32,1.549,24.52,2318.15,10.13,44.44,32,72,1000.0,400.0,150.0,0.25
1604,38663.33,1.506,24.25,4057.01,9.53,44.44,32,72,0.0,600.0,150.0,0.25
1156,22318.94,1.496,23.62,2526.44,8.83,44.44,32,72,1000.0,500.0,150.0,0.25
722,13342.92,1.444,24.38,2140.08,6.23,44.44,32,72,600.0,300.0,150.0,0.25
364,1977.14,1.099,20.33,3364.39,0.59,44.44,32,72,300.0,300.0,200.0,0.5
1375,39343.63,1.573,25.31,3885.45,10.13,43.06,31,72,0.0,400.0,150.0,0.25
1483,38170.25,1.539,24.54,4190.55,9.11,43.06,31,72,0.0,500.0,150.0,0.25
864,21681.5,1.462,25.12,2946.93,7.36,43.06,31,72,1200.0,400.0,200.0,0.5
810,15681.47,1.362,24.32,2676.26,5.86,43.06,31,72,1000.0,400.0,200.0,0.5
821,17340.63,1.33,24.48,4253.09,4.08,43.06,31,72,1200.0,500.0,0.0,0.25
821,17340.63,1.33,24.48,4253.09,4.08,43.06,31,72,1200.0,500.0,0.0,0.5
1120,23232.44,1.308,24.55,5016.51,4.63,43.06,31,72,0.0,500.0,0.0,0.25
1120,23232.44,1.308,24.55,5016.51,4.63,43.06,31,72,0.0,500.0,0.0,0.5
785,12758.54,1.252,23.95,4034.06,3.16,43.06,31,72,1000.0,500.0,0.0,0.25
785,12758.54,1.252,23.95,4034.06,3.16,43.06,31,72,1000.0,500.0,0.0,0.5
540,4877.22,1.139,22.96,3067.2,1.59,43.06,31,72,500.0,400.0,0.0,0.25
540,4877.22,1.139,22.96,3067.2,1.59,43.06,31,72,500.0,400.0,0.0,0.5
787,15918.15,1.455,25.41,2144.6,7.42,41.67,30,72,750.0,300.0,150.0,0.25
1134,25680.47,1.382,24.87,3591.95,7.15,41.67,30,72,0.0,400.0,200.0,0.5
535,5344.88,1.214,22.62,3212.07,1.66,41.67,30,72,400.0,300.0,200.0,0.25
630,8221.6,1.202,23.81,3386.55,2.43,41.67,30,72,750.0,400.0,0.0,0.25
630,8221.6,1.202,23.81,3386.55,2.43,41.67,30,72,750.0,400.0,0.0,0.5
499,3758.92,1.149,21.84,3355.81,1.12,41.67,30,72,400.0,300.0,150.0,0.5
575,4798.96,1.13,22.61,3067.2,1.56,41.67,30,72,600.0,400.0,0.0,0.25
575,4798.96,1.13,22.61,3067.2,1.56,41.67,30,72,600.0,400.0,0.0,0.5
436,2461.36,1.102,20.87,3364.39,0.73,40.28,29,72,400.0,300.0,200.0,0.5
310,-1408.71,0.931,19.68,4428.9,-0.32,40.28,29,72,300.0,300.0,0.0,0.25
310,-1408.71,0.931,19.68,4428.9,-0.32,40.28,29,72,300.0,300.0,0.0,0.5
867,26631.74,1.692,26.64,2140.08,12.44,38.89,28,72,1200.0,300.0,150.0,0.25
847,19541.7,1.514,25.5,2144.6,9.11,38.89,28,72,1000.0,300.0,150.0,0.25
731,16352.37,1.356,24.9,3943.1,4.15,38.89,28,72,1200.0,400.0,0.0,0.25
731,16352.37,1.356,24.9,3943.1,4.15,38.89,28,72,1200.0,400.0,0.0,0.5
1009,22954.33,1.343,24.98,4706.51,4.88,38.89,28,72,0.0,400.0,0.0,0.25
1009,22954.33,1.343,24.98,4706.51,4.88,38.89,28,72,0.0,400.0,0.0,0.5
695,11770.28,1.267,24.32,4071.51,2.89,38.89,28,72,1000.0,400.0,0.0,0.25
695,11770.28,1.267,24.32,4071.51,2.89,38.89,28,72,1000.0,400.0,0.0,0.5
1161,30047.09,1.489,25.84,2610.84,11.51,37.5,27,72,0.0,300.0,150.0,0.25
582,7561.45,1.268,23.02,2732.33,2.77,37.5,27,72,500.0,300.0,200.0,0.25
592,7130.12,1.248,22.97,2732.33,2.61,36.11,26,72,600.0,300.0,200.0,0.25
556,5725.26,1.197,22.48,3013.64,1.9,36.11,26,72,600.0,300.0,150.0,0.5
551,4574.8,1.157,21.78,3312.58,1.38,36.11,26,72,500.0,300.0,150.0,0.5
378,-136.93,0.994,20.63,4584.93,-0.03,36.11,26,72,400.0,300.0,0.0,0.25
378,-136.93,0.994,20.63,4584.93,-0.03,36.11,26,72,400.0,300.0,0.0,0.5
486,3088.15,1.11,20.99,3337.15,0.93,34.72,25,72,500.0,300.0,200.0,0.5
654,8097.07,1.242,24.01,3410.4,2.37,33.33,24,72,750.0,300.0,200.0,0.25
630,5066.88,1.146,22.86,3756.25,1.35,33.33,24,72,750.0,300.0,150.0,0.5
498,3430.2,1.12,21.29,2959.73,1.16,33.33,24,72,600.0,300.0,200.0,0.5
552,5315.77,1.163,22.46,3562.72,1.49,31.94,23,72,750.0,300.0,200.0,0.5
419,846.36,1.031,21.0,5427.73,0.16,31.94,23,72,500.0,300.0,0.0,0.25
419,846.36,1.031,21.0,5427.73,0.16,31.94,23,72,500.0,300.0,0.0,0.5
740,16600.21,1.441,25.0,3805.94,4.36,30.56,22,72,1200.0,300.0,200.0,0.25
982,21765.74,1.394,24.95,4161.95,5.23,30.56,22,72,0.0,300.0,200.0,0.25
715,14154.81,1.359,24.2,3953.64,3.58,30.56,22,72,1200.0,300.0,150.0,0.5
935,19573.03,1.352,24.49,4809.58,4.07,30.56,22,72,0.0,300.0,150.0,0.5
713,12060.85,1.331,24.26,3945.63,3.06,30.56,22,72,1000.0,300.0,200.0,0.25
685,8158.03,1.218,23.21,4312.36,1.89,30.56,22,72,1000.0,300.0,150.0,0.5
442,240.37,1.008,20.59,5602.39,0.04,30.56,22,72,600.0,300.0,0.0,0.25
442,240.37,1.008,20.59,5602.39,0.04,30.56,22,72,600.0,300.0,0.0,0.5
859,18359.47,1.34,24.1,4352.51,4.22,29.17,21,72,0.0,300.0,200.0,0.5
648,12701.63,1.33,23.61,3979.14,3.19,29.17,21,72,1200.0,300.0,200.0,0.5
603,7704.89,1.218,22.72,4118.83,1.87,29.17,21,72,1000.0,300.0,200.0,0.5
494,2264.82,1.07,21.86,4989.27,0.45,29.17,21,72,750.0,300.0,0.0,0.25
494,2264.82,1.07,21.86,4989.27,0.45,29.17,21,72,750.0,300.0,0.0,0.5
771,14951.98,1.29,23.61,6113.19,2.45,26.39,19,72,0.0,300.0,0.0,0.25
771,14951.98,1.29,23.61,6113.19,2.45,26.39,19,72,0.0,300.0,0.0,0.5
578,8308.82,1.225,23.01,4579.98,1.81,26.39,19,72,1200.0,300.0,0.0,0.25
578,8308.82,1.225,23.01,4579.98,1.81,26.39,19,72,1200.0,300.0,0.0,0.5
546,4689.86,1.133,22.34,5918.76,0.79,26.39,19,72,1000.0,300.0,0.0,0.25
546,4689.86,1.133,22.34,5918.76,0.79,26.39,19,72,1000.0,300.0,0.0,0.5
