md_period,tp_mult,sl_mult,kfd_thresh,monthly_profit_lock,monthly_loss_breaker,use_kfd,total_trades,trades_per_year,net_profit,pf,win_rate,max_dd,romad,mcr,pos_months,total_months
10,3.0,1.5,1.35,0.0,0.0,True,436,72.7,3075.96,1.118,37.39,2922.61,1.05,56.94,41,72
10,3.0,1.5,1.35,200.0,250.0,True,294,49.0,1562.11,1.105,37.76,1897.08,0.82,56.94,41,72
10,3.0,1.5,1.35,250.0,250.0,True,321,53.5,1829.42,1.11,37.69,2011.82,0.91,55.56,40,72
10,3.0,1.5,1.35,350.0,350.0,True,362,60.3,901.77,1.047,36.74,2678.31,0.34,54.17,39,72
10,3.0,1.5,1.4,0.0,0.0,True,447,74.5,2634.62,1.098,36.91,3202.28,0.82,55.56,40,72
10,3.0,1.5,1.4,200.0,250.0,True,300,50.0,1097.53,1.071,37.0,2302.1,0.48,55.56,40,72
10,3.0,1.5,1.4,250.0,250.0,True,326,54.3,1465.54,1.086,37.12,2416.84,0.61,54.17,39,72
10,3.0,1.5,1.4,350.0,350.0,True,374,62.3,691.79,1.035,36.36,2726.62,0.25,52.78,38,72
10,3.0,1.5,1.45,0.0,0.0,True,456,76.0,2641.69,1.097,36.84,3117.13,0.85,55.56,40,72
10,3.0,1.5,1.45,200.0,250.0,True,314,52.3,1032.27,1.064,36.94,2387.96,0.43,55.56,40,72
10,3.0,1.5,1.45,250.0,250.0,True,340,56.7,1400.28,1.079,37.06,2502.7,0.56,54.17,39,72
10,3.0,1.5,1.45,350.0,350.0,True,385,64.2,661.1,1.032,36.36,2812.48,0.24,52.78,38,72
10,3.0,1.5,,0.0,0.0,False,1239,206.5,-2515.71,0.968,33.82,7284.35,-0.35,44.44,32,72
10,3.0,1.5,,200.0,250.0,False,381,63.5,-3042.19,0.854,31.76,3348.9,-0.91,47.22,34,72
10,3.0,1.5,,250.0,250.0,False,469,78.2,-2829.14,0.889,32.2,3611.72,-0.78,41.67,30,72
10,3.0,1.5,,350.0,350.0,False,684,114.0,-2286.42,0.938,33.63,4541.98,-0.5,44.44,32,72
10,3.0,2.0,1.35,0.0,0.0,True,394,65.7,6068.37,1.227,46.19,1344.41,4.51,54.17,39,72
10,3.0,2.0,1.35,200.0,250.0,True,246,41.0,2920.48,1.202,45.53,1093.91,2.67,54.17,39,72
10,3.0,2.0,1.35,250.0,250.0,True,263,43.8,2916.9,1.185,45.25,1093.91,2.67,51.39,37,72
10,3.0,2.0,1.35,350.0,350.0,True,332,55.3,4301.4,1.209,46.08,1740.13,2.47,52.78,38,72
10,3.0,2.0,1.4,0.0,0.0,True,404,67.3,5984.49,1.219,46.04,1344.41,4.45,52.78,38,72
10,3.0,2.0,1.4,200.0,250.0,True,249,41.5,2630.61,1.178,44.98,1279.17,2.06,52.78,38,72
10,3.0,2.0,1.4,250.0,250.0,True,266,44.3,2860.1,1.179,45.11,1279.17,2.24,50.0,36,72
10,3.0,2.0,1.4,350.0,350.0,True,342,57.0,4498.13,1.214,46.2,1431.71,3.14,51.39,37,72
10,3.0,2.0,1.45,0.0,0.0,True,412,68.7,6161.45,1.223,46.12,1409.86,4.37,52.78,38,72
10,3.0,2.0,1.45,200.0,250.0,True,263,43.8,2843.13,1.184,45.25,1183.39,2.4,52.78,38,72
10,3.0,2.0,1.45,250.0,250.0,True,276,46.0,3027.54,1.184,45.29,1183.39,2.56,50.0,36,72
10,3.0,2.0,1.45,350.0,350.0,True,351,58.5,4507.31,1.209,46.15,1550.92,2.91,51.39,37,72
10,3.0,2.0,,0.0,0.0,False,1051,175.2,1252.15,1.016,41.2,6462.8,0.19,48.61,35,72
10,3.0,2.0,,200.0,250.0,False,346,57.7,34.61,1.002,41.91,3054.87,0.01,52.78,38,72
10,3.0,2.0,,250.0,250.0,False,412,68.7,-52.58,0.998,41.26,2596.78,-0.02,47.22,34,72
10,3.0,2.0,,350.0,350.0,False,545,90.8,-953.11,0.972,40.73,3852.18,-0.25,47.22,34,72
10,3.5,1.5,1.35,0.0,0.0,True,429,71.5,2021.2,1.073,32.63,2721.33,0.74,48.61,35,72
10,3.5,1.5,1.35,200.0,250.0,True,281,46.8,1235.4,1.083,33.1,1833.42,0.67,51.39,37,72
10,3.5,1.5,1.35,250.0,250.0,True,306,51.0,764.86,1.046,32.35,2055.73,0.37,48.61,35,72
10,3.5,1.5,1.35,350.0,350.0,True,357,59.5,350.94,1.017,32.21,2574.48,0.14,48.61,35,72
10,3.5,1.5,1.4,0.0,0.0,True,440,73.3,1625.95,1.057,32.27,2981.66,0.55,48.61,35,72
10,3.5,1.5,1.4,200.0,250.0,True,279,46.5,832.75,1.055,32.62,2176.51,0.38,51.39,37,72
10,3.5,1.5,1.4,250.0,250.0,True,312,52.0,83.42,1.005,31.41,2592.43,0.03,48.61,35,72
10,3.5,1.5,1.4,350.0,350.0,True,366,61.0,101.28,1.005,31.97,2834.81,0.04,48.61,35,72
10,3.5,1.5,1.45,0.0,0.0,True,449,74.8,1696.01,1.059,32.29,2874.04,0.59,50.0,36,72
10,3.5,1.5,1.45,200.0,250.0,True,294,49.0,1295.35,1.083,32.99,2001.03,0.65,52.78,38,72
10,3.5,1.5,1.45,250.0,250.0,True,326,54.3,197.0,1.011,31.6,2655.82,0.07,48.61,35,72
10,3.5,1.5,1.45,350.0,350.0,True,376,62.7,0.33,1.0,31.91,2898.2,0.0,48.61,35,72
10,3.5,1.5,,0.0,0.0,False,1162,193.7,-1855.14,0.976,30.46,7406.08,-0.25,51.39,37,72
10,3.5,1.5,,200.0,250.0,False,374,62.3,-3023.62,0.859,29.41,3294.86,-0.92,45.83,33,72
10,3.5,1.5,,250.0,250.0,False,409,68.2,-2800.96,0.881,29.58,3072.2,-0.91,44.44,32,72
10,3.5,1.5,,350.0,350.0,False,610,101.7,912.52,1.027,31.97,3156.62,0.29,51.39,37,72
10,3.5,2.0,1.35,0.0,0.0,True,382,63.7,6513.53,1.234,42.41,1873.93,3.48,51.39,37,72
10,3.5,2.0,1.35,200.0,250.0,True,236,39.3,4351.53,1.306,43.22,1049.48,4.15,55.56,40,72
10,3.5,2.0,1.35,250.0,250.0,True,256,42.7,3376.16,1.209,41.8,1883.15,1.79,51.39,37,72
10,3.5,2.0,1.35,350.0,350.0,True,317,52.8,4667.28,1.224,42.27,2078.64,2.25,52.78,38,72
10,3.5,2.0,1.4,0.0,0.0,True,392,65.3,6521.92,1.229,42.35,1685.51,3.87,52.78,38,72
10,3.5,2.0,1.4,200.0,250.0,True,235,39.2,4325.05,1.304,43.4,1479.42,2.92,56.94,41,72
10,3.5,2.0,1.4,250.0,250.0,True,260,43.3,3288.44,1.2,41.54,1659.99,1.98,52.78,38,72
10,3.5,2.0,1.4,350.0,350.0,True,325,54.2,4883.35,1.23,42.46,1890.22,2.58,54.17,39,72
10,3.5,2.0,1.45,0.0,0.0,True,400,66.7,6781.81,1.236,42.5,1804.72,3.76,54.17,39,72
10,3.5,2.0,1.45,200.0,250.0,True,243,40.5,4269.94,1.289,43.21,1346.78,3.17,58.33,42,72
10,3.5,2.0,1.45,250.0,250.0,True,273,45.5,3501.87,1.204,41.76,1779.2,1.97,55.56,40,72
10,3.5,2.0,1.45,350.0,350.0,True,335,55.8,4887.38,1.224,42.39,2009.43,2.43,56.94,41,72
10,3.5,2.0,,0.0,0.0,False,969,161.5,3657.81,1.048,38.29,6491.62,0.56,48.61,35,72
10,3.5,2.0,,200.0,250.0,False,317,52.8,1227.8,1.062,39.12,2326.74,0.53,52.78,38,72
10,3.5,2.0,,250.0,250.0,False,363,60.5,570.4,1.024,38.84,2849.51,0.2,48.61,35,72
10,3.5,2.0,,350.0,350.0,False,520,86.7,240.15,1.007,38.27,3891.4,0.06,47.22,34,72
10,4.0,1.5,1.35,0.0,0.0,True,423,70.5,4723.41,1.173,30.73,1854.64,2.55,48.61,35,72
10,4.0,1.5,1.35,200.0,250.0,True,272,45.3,1179.27,1.077,29.78,1462.2,0.81,47.22,34,72
10,4.0,1.5,1.35,250.0,250.0,True,287,47.8,1015.94,1.063,29.62,1457.7,0.7,45.83,33,72
10,4.0,1.5,1.35,350.0,350.0,True,337,56.2,962.3,1.049,29.38,2192.72,0.44,47.22,34,72
10,4.0,1.5,1.4,0.0,0.0,True,434,72.3,4227.37,1.15,30.18,2242.5,1.89,48.61,35,72
10,4.0,1.5,1.4,200.0,250.0,True,279,46.5,1006.03,1.064,29.39,1547.38,0.65,47.22,34,72
10,4.0,1.5,1.4,250.0,250.0,True,291,48.5,1056.26,1.064,29.55,1566.73,0.67,45.83,33,72
10,4.0,1.5,1.4,350.0,350.0,True,345,57.5,673.71,1.033,28.99,2453.33,0.27,47.22,34,72
10,4.0,1.5,1.45,0.0,0.0,True,444,74.0,4460.2,1.156,30.41,2183.64,2.04,50.0,36,72
10,4.0,1.5,1.45,200.0,250.0,True,288,48.0,1911.94,1.119,30.56,1310.48,1.46,48.61,35,72
10,4.0,1.5,1.45,250.0,250.0,True,298,49.7,2047.7,1.123,30.87,1318.28,1.55,48.61,35,72
10,4.0,1.5,1.45,350.0,350.0,True,361,60.2,637.3,1.03,29.09,2394.47,0.27,47.22,34,72
10,4.0,1.5,,0.0,0.0,False,1112,185.3,-96.06,0.999,28.06,6466.1,-0.01,47.22,34,72
10,4.0,1.5,,200.0,250.0,False,367,61.2,-1123.23,0.947,28.07,2632.49,-0.43,47.22,34,72
10,4.0,1.5,,250.0,250.0,False,411,68.5,-2300.69,0.906,27.74,2900.74,-0.79,43.06,31,72
10,4.0,1.5,,350.0,350.0,False,579,96.5,2326.16,1.07,29.53,2604.93,0.89,51.39,37,72
10,4.0,2.0,1.35,0.0,0.0,True,371,61.8,9245.39,1.336,39.89,1906.44,4.85,55.56,40,72
10,4.0,2.0,1.35,200.0,250.0,True,220,36.7,4262.69,1.31,40.0,1009.54,4.22,56.94,41,72
10,4.0,2.0,1.35,250.0,250.0,True,230,38.3,4199.47,1.292,39.57,1009.54,4.16,55.56,40,72
10,4.0,2.0,1.35,350.0,350.0,True,296,49.3,6062.57,1.304,39.86,2161.07,2.81,55.56,40,72
10,4.0,2.0,1.4,0.0,0.0,True,381,63.5,9188.56,1.326,39.63,1690.67,5.43,54.17,39,72
10,4.0,2.0,1.4,200.0,250.0,True,222,37.0,4802.47,1.351,40.54,1179.88,4.07,56.94,41,72
10,4.0,2.0,1.4,250.0,250.0,True,234,39.0,4790.71,1.333,40.17,1179.88,4.06,55.56,40,72
10,4.0,2.0,1.4,350.0,350.0,True,303,50.5,6284.13,1.309,39.93,1945.3,3.23,54.17,39,72
10,4.0,2.0,1.45,0.0,0.0,True,389,64.8,9389.11,1.329,39.85,1809.88,5.19,56.94,41,72
10,4.0,2.0,1.45,200.0,250.0,True,228,38.0,4858.02,1.345,40.79,1223.36,3.97,58.33,42,72
10,4.0,2.0,1.45,250.0,250.0,True,248,41.3,4221.78,1.27,39.52,1245.02,3.39,56.94,41,72
10,4.0,2.0,1.45,350.0,350.0,True,317,52.8,6134.53,1.288,39.75,2064.51,2.97,56.94,41,72
10,4.0,2.0,,0.0,0.0,False,916,152.7,5076.74,1.068,35.7,6403.31,0.79,54.17,39,72
10,4.0,2.0,,200.0,250.0,False,289,48.2,1570.79,1.083,37.37,1950.28,0.81,55.56,40,72
10,4.0,2.0,,250.0,250.0,False,303,50.5,1910.76,1.097,37.62,1918.88,1.0,55.56,40,72
10,4.0,2.0,,350.0,350.0,False,458,76.3,1925.03,1.061,36.9,3325.26,0.58,51.39,37,72
10,4.5,1.5,1.35,0.0,0.0,True,414,69.0,3668.19,1.13,28.5,1572.72,2.33,50.0,36,72
10,4.5,1.5,1.35,200.0,250.0,True,243,40.5,2111.49,1.152,29.63,1813.79,1.16,51.39,37,72
10,4.5,1.5,1.35,250.0,250.0,True,282,47.0,1343.67,1.082,28.37,1616.41,0.83,47.22,34,72
10,4.5,1.5,1.35,350.0,350.0,True,322,53.7,1206.23,1.063,27.95,1843.33,0.65,48.61,35,72
10,4.5,1.5,1.4,0.0,0.0,True,425,70.8,3203.84,1.111,28.0,1915.71,1.67,48.61,35,72
10,4.5,1.5,1.4,200.0,250.0,True,248,41.3,2591.0,1.183,29.84,1898.97,1.36,51.39,37,72
10,4.5,1.5,1.4,250.0,250.0,True,288,48.0,1260.73,1.075,28.12,1701.59,0.74,47.22,34,72
10,4.5,1.5,1.4,350.0,350.0,True,327,54.5,1223.98,1.063,27.83,2098.99,0.58,47.22,34,72
10,4.5,1.5,1.45,0.0,0.0,True,435,72.5,3514.05,1.12,28.28,1811.19,1.94,51.39,37,72
10,4.5,1.5,1.45,200.0,250.0,True,254,42.3,3179.74,1.222,30.71,1389.13,2.29,55.56,40,72
10,4.5,1.5,1.45,250.0,250.0,True,294,49.0,2509.91,1.149,29.59,1323.78,1.9,51.39,37,72
10,4.5,1.5,1.45,350.0,350.0,True,338,56.3,1325.36,1.066,28.11,2003.26,0.66,48.61,35,72
10,4.5,1.5,,0.0,0.0,False,1062,177.0,-69.27,0.999,25.89,7166.84,-0.01,50.0,36,72
10,4.5,1.5,,200.0,250.0,False,346,57.7,-751.48,0.964,26.01,2514.72,-0.3,48.61,35,72
10,4.5,1.5,,250.0,250.0,False,385,64.2,-116.46,0.995,26.49,2514.72,-0.05,47.22,34,72
10,4.5,1.5,,350.0,350.0,False,535,89.2,2268.43,1.072,27.29,2267.78,1.0,52.78,38,72
10,4.5,2.0,1.35,0.0,0.0,True,359,59.8,7256.82,1.253,36.77,2859.3,2.54,59.72,43,72
10,4.5,2.0,1.35,200.0,250.0,True,196,32.7,6060.02,1.504,40.31,633.4,9.57,62.5,45,72
10,4.5,2.0,1.35,250.0,250.0,True,229,38.2,5195.96,1.353,37.99,808.95,6.42,56.94,41,72
10,4.5,2.0,1.35,350.0,350.0,True,276,46.0,4115.84,1.211,37.32,1972.59,2.09,55.56,40,72
10,4.5,2.0,1.4,0.0,0.0,True,369,61.5,7277.87,1.248,36.59,2616.17,2.78,59.72,43,72
10,4.5,2.0,1.4,200.0,250.0,True,200,33.3,6386.25,1.525,40.5,633.4,10.08,63.89,46,72
10,4.5,2.0,1.4,250.0,250.0,True,232,38.7,5672.75,1.385,38.36,1025.36,5.53,58.33,42,72
10,4.5,2.0,1.4,350.0,350.0,True,283,47.2,4415.28,1.222,37.46,1729.46,2.55,55.56,40,72
10,4.5,2.0,1.45,0.0,0.0,True,377,62.8,8201.81,1.278,37.14,2735.38,3.0,61.11,44,72
10,4.5,2.0,1.45,200.0,250.0,True,204,34.0,6267.72,1.498,40.69,633.4,9.9,62.5,45,72
10,4.5,2.0,1.45,250.0,250.0,True,233,38.8,6236.57,1.424,39.48,1165.51,5.35,59.72,43,72
10,4.5,2.0,1.45,350.0,350.0,True,296,49.3,4449.68,1.214,37.5,1848.67,2.41,56.94,41,72
10,4.5,2.0,,0.0,0.0,False,868,144.7,5569.24,1.075,32.95,6372.19,0.87,50.0,36,72
10,4.5,2.0,,200.0,250.0,False,281,46.8,-272.94,0.986,32.03,3174.13,-0.09,50.0,36,72
10,4.5,2.0,,250.0,250.0,False,306,51.0,386.28,1.018,32.68,3174.13,0.12,48.61,35,72
10,4.5,2.0,,350.0,350.0,False,434,72.3,-497.94,0.984,32.03,4411.58,-0.11,48.61,35,72
14,3.0,1.5,1.35,0.0,0.0,True,405,67.5,72.9,1.003,35.31,2644.37,0.03,47.22,34,72
14,3.0,1.5,1.35,200.0,250.0,True,266,44.3,123.7,1.009,36.09,2357.15,0.05,47.22,34,72
14,3.0,1.5,1.35,250.0,250.0,True,292,48.7,-623.61,0.961,34.93,3060.86,-0.2,44.44,32,72
14,3.0,1.5,1.35,350.0,350.0,True,334,55.7,482.75,1.027,36.53,2417.0,0.2,47.22,34,72
14,3.0,1.5,1.4,0.0,0.0,True,410,68.3,-101.53,0.996,35.12,2801.87,-0.04,45.83,33,72
14,3.0,1.5,1.4,200.0,250.0,True,266,44.3,-120.15,0.991,35.71,2514.65,-0.05,45.83,33,72
14,3.0,1.5,1.4,250.0,250.0,True,292,48.7,-867.46,0.945,34.59,3218.36,-0.27,43.06,31,72
14,3.0,1.5,1.4,350.0,350.0,True,339,56.5,308.32,1.017,36.28,2574.5,0.12,45.83,33,72
14,3.0,1.5,1.45,0.0,0.0,True,413,68.8,-73.09,0.997,35.11,2600.46,-0.03,45.83,33,72
14,3.0,1.5,1.45,200.0,250.0,True,274,45.7,-187.4,0.987,35.77,2484.25,-0.08,45.83,33,72
14,3.0,1.5,1.45,250.0,250.0,True,300,50.0,-934.71,0.943,34.67,3187.96,-0.29,43.06,31,72
14,3.0,1.5,1.45,350.0,350.0,True,343,57.2,165.75,1.009,36.15,2544.1,0.07,45.83,33,72
14,3.0,1.5,,0.0,0.0,False,1065,177.5,-7412.27,0.894,32.58,10167.84,-0.73,36.11,26,72
14,3.0,1.5,,200.0,250.0,False,403,67.2,-5493.02,0.761,29.53,5705.56,-0.96,40.28,29,72
14,3.0,1.5,,250.0,250.0,False,447,74.5,-6772.45,0.738,28.86,6984.99,-0.97,34.72,25,72
14,3.0,1.5,,350.0,350.0,False,641,106.8,-5875.29,0.837,31.67,6087.83,-0.97,36.11,26,72
14,3.0,2.0,1.35,0.0,0.0,True,369,61.5,3137.9,1.119,43.63,1455.54,2.16,52.78,38,72
14,3.0,2.0,1.35,200.0,250.0,True,239,39.8,2353.4,1.166,44.35,1082.86,2.17,54.17,39,72
14,3.0,2.0,1.35,250.0,250.0,True,258,43.0,1394.42,1.086,43.02,1466.67,0.95,51.39,37,72
14,3.0,2.0,1.35,350.0,350.0,True,309,51.5,2369.03,1.121,44.34,1151.3,2.06,54.17,39,72
14,3.0,2.0,1.4,0.0,0.0,True,374,62.3,2857.03,1.106,43.32,1455.54,1.96,51.39,37,72
14,3.0,2.0,1.4,200.0,250.0,True,243,40.5,2189.83,1.151,44.03,1173.49,1.87,52.78,38,72
14,3.0,2.0,1.4,250.0,250.0,True,262,43.7,1230.85,1.075,42.75,1557.3,0.79,50.0,36,72
14,3.0,2.0,1.4,350.0,350.0,True,314,52.3,2088.16,1.105,43.95,1151.3,1.81,52.78,38,72
14,3.0,2.0,1.45,0.0,0.0,True,375,62.5,3006.82,1.112,43.47,1455.54,2.07,54.17,39,72
14,3.0,2.0,1.45,200.0,250.0,True,243,40.5,1929.5,1.132,43.62,1225.89,1.57,52.78,38,72
14,3.0,2.0,1.45,250.0,250.0,True,262,43.7,970.52,1.059,42.37,1470.06,0.66,50.0,36,72
14,3.0,2.0,1.45,350.0,350.0,True,316,52.7,2070.17,1.103,43.99,1151.3,1.8,54.17,39,72
14,3.0,2.0,,0.0,0.0,False,893,148.8,-3852.73,0.944,39.75,8747.36,-0.44,44.44,32,72
14,3.0,2.0,,200.0,250.0,False,311,51.8,-1079.37,0.946,39.55,4240.43,-0.25,48.61,35,72
14,3.0,2.0,,250.0,250.0,False,362,60.3,-1539.38,0.934,39.5,4484.19,-0.34,44.44,32,72
14,3.0,2.0,,350.0,350.0,False,498,83.0,-2077.99,0.937,39.96,4838.43,-0.43,45.83,33,72
14,3.5,1.5,1.35,0.0,0.0,True,398,66.3,660.29,1.025,31.91,2324.3,0.28,50.0,36,72
14,3.5,1.5,1.35,200.0,250.0,True,253,42.2,1139.36,1.084,33.99,2120.49,0.54,52.78,38,72
14,3.5,1.5,1.35,250.0,250.0,True,277,46.2,72.86,1.005,32.13,2305.43,0.03,50.0,36,72
14,3.5,1.5,1.35,350.0,350.0,True,331,55.2,-1072.88,0.945,31.42,2127.21,-0.5,48.61,35,72
14,3.5,1.5,1.4,0.0,0.0,True,403,67.2,512.61,1.019,31.76,2481.8,0.21,48.61,35,72
14,3.5,1.5,1.4,200.0,250.0,True,254,42.3,1045.62,1.077,33.86,2277.99,0.46,51.39,37,72
14,3.5,1.5,1.4,250.0,250.0,True,278,46.3,-20.88,0.999,32.01,2462.93,-0.01,48.61,35,72
14,3.5,1.5,1.4,350.0,350.0,True,336,56.0,-1470.36,0.926,30.95,2314.59,-0.64,47.22,34,72
14,3.5,1.5,1.45,0.0,0.0,True,406,67.7,556.1,1.021,31.77,2418.64,0.23,50.0,36,72
14,3.5,1.5,1.45,200.0,250.0,True,259,43.2,688.43,1.05,33.2,2305.51,0.3,50.0,36,72
14,3.5,1.5,1.45,250.0,250.0,True,284,47.3,-322.26,0.979,31.69,2490.45,-0.13,48.61,35,72
14,3.5,1.5,1.45,350.0,350.0,True,340,56.7,-1597.88,0.92,30.88,2442.11,-0.65,47.22,34,72
14,3.5,1.5,,0.0,0.0,False,1018,169.7,-4758.04,0.932,29.67,9184.3,-0.52,43.06,31,72
14,3.5,1.5,,200.0,250.0,False,384,64.0,-3812.2,0.827,28.91,4016.2,-0.95,43.06,31,72
14,3.5,1.5,,250.0,250.0,False,438,73.0,-4166.94,0.834,29.22,4477.13,-0.93,38.89,28,72
14,3.5,1.5,,350.0,350.0,False,602,100.3,-5401.01,0.849,29.07,5711.2,-0.95,38.89,28,72
14,3.5,2.0,1.35,0.0,0.0,True,359,59.8,5148.46,1.192,40.67,1776.03,2.9,52.78,38,72
14,3.5,2.0,1.35,200.0,250.0,True,226,37.7,4282.58,1.318,43.36,1034.9,4.14,56.94,41,72
14,3.5,2.0,1.35,250.0,250.0,True,248,41.3,3188.89,1.208,41.13,1221.84,2.61,52.78,38,72
14,3.5,2.0,1.35,350.0,350.0,True,301,50.2,2337.42,1.115,39.87,1847.88,1.26,51.39,37,72
14,3.5,2.0,1.4,0.0,0.0,True,364,60.7,4894.34,1.18,40.38,1776.03,2.76,52.78,38,72
14,3.5,2.0,1.4,200.0,250.0,True,230,38.3,4145.76,1.301,43.04,1034.9,4.01,55.56,40,72
14,3.5,2.0,1.4,250.0,250.0,True,252,42.0,3052.07,1.195,40.87,1221.84,2.5,51.39,37,72
14,3.5,2.0,1.4,350.0,350.0,True,306,51.0,2083.3,1.101,39.54,1847.88,1.13,51.39,37,72
14,3.5,2.0,1.45,0.0,0.0,True,365,60.8,5055.55,1.186,40.55,1776.03,2.85,54.17,39,72
14,3.5,2.0,1.45,200.0,250.0,True,232,38.7,4145.11,1.298,43.1,1034.9,4.01,56.94,41,72
14,3.5,2.0,1.45,250.0,250.0,True,254,42.3,3051.42,1.193,40.94,1221.84,2.5,52.78,38,72
14,3.5,2.0,1.45,350.0,350.0,True,308,51.3,2082.65,1.1,39.61,1847.88,1.13,52.78,38,72
14,3.5,2.0,,0.0,0.0,False,844,140.7,-864.94,0.987,36.97,6806.83,-0.13,45.83,33,72
14,3.5,2.0,,200.0,250.0,False,315,52.5,-1219.52,0.941,36.51,3806.44,-0.32,47.22,34,72
14,3.5,2.0,,250.0,250.0,False,347,57.8,-775.31,0.966,37.18,4739.18,-0.16,43.06,31,72
14,3.5,2.0,,350.0,350.0,False,491,81.8,-1071.59,0.968,37.27,5570.24,-0.19,45.83,33,72
14,4.0,1.5,1.35,0.0,0.0,True,392,65.3,1048.67,1.039,29.08,1963.65,0.53,48.61,35,72
14,4.0,1.5,1.35,200.0,250.0,True,242,40.3,1973.94,1.147,31.82,1469.61,1.34,51.39,37,72
14,4.0,1.5,1.35,250.0,250.0,True,251,41.8,1800.74,1.129,31.47,1845.92,0.98,50.0,36,72
14,4.0,1.5,1.35,350.0,350.0,True,320,53.3,-909.73,0.953,28.44,1680.18,-0.54,47.22,34,72
14,4.0,1.5,1.4,0.0,0.0,True,397,66.2,927.73,1.034,28.97,2084.59,0.45,48.61,35,72
14,4.0,1.5,1.4,200.0,250.0,True,243,40.5,1875.24,1.139,31.69,1627.11,1.15,51.39,37,72
14,4.0,1.5,1.4,250.0,250.0,True,255,42.5,1760.0,1.124,31.37,2003.42,0.88,50.0,36,72
14,4.0,1.5,1.4,350.0,350.0,True,324,54.0,-950.47,0.952,28.4,1720.92,-0.55,47.22,34,72
14,4.0,1.5,1.45,0.0,0.0,True,400,66.7,986.28,1.036,29.0,2026.04,0.49,48.61,35,72
14,4.0,1.5,1.45,200.0,250.0,True,249,41.5,1662.92,1.121,31.33,1553.14,1.07,51.39,37,72
14,4.0,1.5,1.45,250.0,250.0,True,262,43.7,1457.73,1.1,30.92,1886.07,0.77,50.0,36,72
14,4.0,1.5,1.45,350.0,350.0,True,331,55.2,-1307.63,0.935,28.1,2078.08,-0.63,47.22,34,72
14,4.0,1.5,,0.0,0.0,False,969,161.5,-3659.48,0.947,27.14,8925.58,-0.41,40.28,29,72
14,4.0,1.5,,200.0,250.0,False,369,61.5,-1303.87,0.94,28.46,2295.14,-0.57,45.83,33,72
14,4.0,1.5,,250.0,250.0,False,399,66.5,-1538.89,0.935,28.32,3367.71,-0.46,43.06,31,72
14,4.0,1.5,,350.0,350.0,False,523,87.2,-1592.03,0.949,27.92,4921.83,-0.32,43.06,31,72
14,4.0,2.0,1.35,0.0,0.0,True,350,58.3,5685.25,1.207,37.43,1631.9,3.48,54.17,39,72
14,4.0,2.0,1.35,200.0,250.0,True,212,35.3,4307.31,1.327,40.57,942.19,4.57,56.94,41,72
14,4.0,2.0,1.35,250.0,250.0,True,219,36.5,5163.31,1.377,40.64,942.19,5.48,55.56,40,72
14,4.0,2.0,1.35,350.0,350.0,True,285,47.5,2744.89,1.138,37.19,1362.63,2.01,52.78,38,72
14,4.0,2.0,1.4,0.0,0.0,True,355,59.2,5457.87,1.195,37.18,1631.9,3.34,52.78,38,72
14,4.0,2.0,1.4,200.0,250.0,True,213,35.5,4201.36,1.317,40.38,942.19,4.46,56.94,41,72
14,4.0,2.0,1.4,250.0,250.0,True,223,37.2,5053.23,1.361,40.36,942.19,5.36,55.56,40,72
14,4.0,2.0,1.4,350.0,350.0,True,289,48.2,2623.4,1.13,37.02,1362.63,1.93,52.78,38,72
14,4.0,2.0,1.45,0.0,0.0,True,354,59.0,5461.79,1.196,37.29,1631.9,3.35,52.78,38,72
14,4.0,2.0,1.45,200.0,250.0,True,216,36.0,3814.75,1.281,39.81,942.19,4.05,55.56,40,72
14,4.0,2.0,1.45,250.0,250.0,True,226,37.7,4666.62,1.326,39.82,942.19,4.95,54.17,39,72
14,4.0,2.0,1.45,350.0,350.0,True,293,48.8,2078.87,1.101,36.52,1362.63,1.53,51.39,37,72
14,4.0,2.0,,0.0,0.0,False,801,133.5,-607.02,0.991,34.33,7044.92,-0.09,44.44,32,72
14,4.0,2.0,,200.0,250.0,False,301,50.2,23.72,1.001,35.22,2995.99,0.01,50.0,36,72
14,4.0,2.0,,250.0,250.0,False,317,52.8,-212.84,0.99,35.02,2995.99,-0.07,48.61,35,72
14,4.0,2.0,,350.0,350.0,False,441,73.5,1310.71,1.043,35.83,4500.51,0.29,51.39,37,72
14,4.5,1.5,1.35,0.0,0.0,True,388,64.7,558.78,1.02,27.06,1974.36,0.28,52.78,38,72
14,4.5,1.5,1.35,200.0,250.0,True,233,38.8,834.2,1.06,27.9,1991.59,0.42,48.61,35,72
14,4.5,1.5,1.35,250.0,250.0,True,252,42.0,1114.33,1.075,28.17,1680.02,0.66,48.61,35,72
14,4.5,1.5,1.35,350.0,350.0,True,307,51.2,-270.3,0.986,26.71,1589.08,-0.17,51.39,37,72
14,4.5,1.5,1.4,0.0,0.0,True,393,65.5,464.58,1.017,26.97,1974.36,0.24,52.78,38,72
14,4.5,1.5,1.4,200.0,250.0,True,234,39.0,730.55,1.052,27.78,2149.09,0.34,48.61,35,72
14,4.5,1.5,1.4,250.0,250.0,True,253,42.2,1010.68,1.068,28.06,1837.52,0.55,48.61,35,72
14,4.5,1.5,1.4,350.0,350.0,True,311,51.8,-284.3,0.985,26.69,1589.08,-0.18,51.39,37,72
14,4.5,1.5,1.45,0.0,0.0,True,396,66.0,538.18,1.019,27.02,1827.37,0.29,54.17,39,72
14,4.5,1.5,1.45,200.0,250.0,True,236,39.3,779.93,1.056,27.97,2016.69,0.39,50.0,36,72
14,4.5,1.5,1.45,250.0,250.0,True,255,42.5,1060.06,1.07,28.24,1705.12,0.62,50.0,36,72
14,4.5,1.5,1.45,350.0,350.0,True,314,52.3,-328.92,0.983,26.75,1589.08,-0.21,52.78,38,72
14,4.5,1.5,,0.0,0.0,False,931,155.2,-3944.95,0.942,25.35,7789.48,-0.51,45.83,33,72
14,4.5,1.5,,200.0,250.0,False,343,57.2,-1042.88,0.949,25.95,2645.68,-0.39,48.61,35,72
14,4.5,1.5,,250.0,250.0,False,384,64.0,-1780.33,0.924,25.78,3470.82,-0.51,44.44,32,72
14,4.5,1.5,,350.0,350.0,False,458,76.3,-1920.99,0.932,25.55,4132.89,-0.46,47.22,34,72
14,4.5,2.0,1.35,0.0,0.0,True,344,57.3,4475.13,1.156,34.59,2656.16,1.68,59.72,43,72
14,4.5,2.0,1.35,200.0,250.0,True,195,32.5,3057.47,1.228,35.9,915.92,3.34,55.56,40,72
14,4.5,2.0,1.35,250.0,250.0,True,212,35.3,3152.37,1.216,35.85,915.92,3.44,54.17,39,72
14,4.5,2.0,1.35,350.0,350.0,True,270,45.0,3089.39,1.156,34.81,2110.52,1.46,55.56,40,72
14,4.5,2.0,1.4,0.0,0.0,True,349,58.2,4274.49,1.146,34.38,2656.16,1.61,59.72,43,72
14,4.5,2.0,1.4,200.0,250.0,True,196,32.7,2946.57,1.219,35.71,915.92,3.22,55.56,40,72
14,4.5,2.0,1.4,250.0,250.0,True,216,36.0,3069.03,1.205,35.65,915.92,3.35,54.17,39,72
14,4.5,2.0,1.4,350.0,350.0,True,274,45.7,2994.64,1.149,34.67,2110.52,1.42,55.56,40,72
14,4.5,2.0,1.45,0.0,0.0,True,348,58.0,4915.89,1.17,34.77,2656.16,1.85,59.72,43,72
14,4.5,2.0,1.45,200.0,250.0,True,194,32.3,2953.8,1.221,36.08,915.92,3.22,56.94,41,72
14,4.5,2.0,1.45,250.0,250.0,True,214,35.7,3076.26,1.207,35.98,915.92,3.36,55.56,40,72
14,4.5,2.0,1.45,350.0,350.0,True,278,46.3,2440.8,1.118,34.17,2110.52,1.16,55.56,40,72
14,4.5,2.0,,0.0,0.0,False,771,128.5,-1404.27,0.979,31.91,8363.4,-0.17,44.44,32,72
14,4.5,2.0,,200.0,250.0,False,277,46.2,-227.08,0.989,31.41,3709.78,-0.06,48.61,35,72
14,4.5,2.0,,250.0,250.0,False,309,51.5,-128.8,0.994,31.72,4041.52,-0.03,45.83,33,72
14,4.5,2.0,,350.0,350.0,False,407,67.8,1259.84,1.042,32.92,5001.71,0.25,48.61,35,72
20,3.0,1.5,1.35,0.0,0.0,True,361,60.2,2795.65,1.128,38.5,2057.0,1.36,51.39,37,72
20,3.0,1.5,1.35,200.0,250.0,True,240,40.0,3254.82,1.277,40.83,1036.24,3.14,55.56,40,72
20,3.0,1.5,1.35,250.0,250.0,True,259,43.2,2898.09,1.225,39.77,1036.24,2.8,54.17,39,72
20,3.0,1.5,1.35,350.0,350.0,True,307,51.2,1537.11,1.091,38.44,1837.8,0.84,50.0,36,72
20,3.0,1.5,1.4,0.0,0.0,True,364,60.7,2784.82,1.127,38.46,2057.0,1.35,51.39,37,72
20,3.0,1.5,1.4,200.0,250.0,True,243,40.5,3243.99,1.272,40.74,1036.24,3.13,55.56,40,72
20,3.0,1.5,1.4,250.0,250.0,True,262,43.7,2887.26,1.221,39.69,1036.24,2.79,54.17,39,72
20,3.0,1.5,1.4,350.0,350.0,True,310,51.7,1526.28,1.09,38.39,1837.8,0.83,50.0,36,72
20,3.0,1.5,1.45,0.0,0.0,True,369,61.5,2770.04,1.125,38.48,2057.0,1.35,51.39,37,72
20,3.0,1.5,1.45,200.0,250.0,True,243,40.5,3398.41,1.287,41.15,1036.24,3.28,55.56,40,72
20,3.0,1.5,1.45,250.0,250.0,True,263,43.8,2984.84,1.229,39.92,1036.24,2.88,54.17,39,72
20,3.0,1.5,1.45,350.0,350.0,True,318,53.0,1474.7,1.085,38.36,1837.8,0.8,50.0,36,72
20,3.0,1.5,,0.0,0.0,False,929,154.8,-8110.88,0.87,32.19,9654.03,-0.84,38.89,28,72
20,3.0,1.5,,200.0,250.0,False,404,67.3,-2970.25,0.866,31.68,3094.21,-0.96,45.83,33,72
20,3.0,1.5,,250.0,250.0,False,444,74.0,-2105.29,0.912,32.66,2539.81,-0.83,43.06,31,72
20,3.0,1.5,,350.0,350.0,False,564,94.0,-3960.52,0.876,32.27,4789.4,-0.83,40.28,29,72
20,3.0,2.0,1.35,0.0,0.0,True,330,55.0,3476.88,1.149,46.06,2048.97,1.7,58.33,42,72
20,3.0,2.0,1.35,200.0,250.0,True,219,36.5,3951.87,1.319,47.49,1072.67,3.68,62.5,45,72
20,3.0,2.0,1.35,250.0,250.0,True,232,38.7,4142.12,1.312,47.41,1009.84,4.1,61.11,44,72
20,3.0,2.0,1.35,350.0,350.0,True,278,46.3,3035.51,1.17,46.04,2348.3,1.29,58.33,42,72
20,3.0,2.0,1.4,0.0,0.0,True,333,55.5,3412.06,1.145,45.95,2048.97,1.67,58.33,42,72
20,3.0,2.0,1.4,200.0,250.0,True,222,37.0,3887.05,1.308,47.3,1072.67,3.62,62.5,45,72
20,3.0,2.0,1.4,250.0,250.0,True,235,39.2,4077.3,1.302,47.23,1009.84,4.04,61.11,44,72
20,3.0,2.0,1.4,350.0,350.0,True,281,46.8,2970.69,1.164,45.91,2348.3,1.27,58.33,42,72
20,3.0,2.0,1.45,0.0,0.0,True,337,56.2,3626.23,1.154,46.29,2048.97,1.77,58.33,42,72
20,3.0,2.0,1.45,200.0,250.0,True,221,36.8,4194.34,1.337,47.96,1072.67,3.91,61.11,44,72
20,3.0,2.0,1.45,250.0,250.0,True,234,39.0,4584.67,1.348,48.29,1009.84,4.54,59.72,43,72
20,3.0,2.0,1.45,350.0,350.0,True,288,48.0,3100.51,1.169,46.18,2348.3,1.32,58.33,42,72
20,3.0,2.0,,0.0,0.0,False,755,125.8,-5472.43,0.909,39.47,8940.14,-0.61,40.28,29,72
20,3.0,2.0,,200.0,250.0,False,328,54.7,-3622.48,0.838,38.11,4214.28,-0.86,44.44,32,72
20,3.0,2.0,,250.0,250.0,False,348,58.0,-3027.65,0.871,38.79,4068.61,-0.74,43.06,31,72
20,3.0,2.0,,350.0,350.0,False,473,78.8,-3179.81,0.903,39.32,4649.93,-0.68,43.06,31,72
20,3.5,1.5,1.35,0.0,0.0,True,358,59.7,4649.74,1.208,36.03,2057.0,2.26,54.17,39,72
20,3.5,1.5,1.35,200.0,250.0,True,228,38.0,4669.63,1.413,39.04,946.75,4.93,58.33,42,72
20,3.5,1.5,1.35,250.0,250.0,True,246,41.0,4353.08,1.351,38.21,946.75,4.6,56.94,41,72
20,3.5,1.5,1.35,350.0,350.0,True,284,47.3,4232.09,1.284,37.32,1343.42,3.15,56.94,41,72
20,3.5,1.5,1.4,0.0,0.0,True,361,60.2,4665.66,1.207,36.01,2057.0,2.27,54.17,39,72
20,3.5,1.5,1.4,200.0,250.0,True,231,38.5,4685.55,1.408,38.96,946.75,4.95,58.33,42,72
20,3.5,1.5,1.4,250.0,250.0,True,249,41.5,4369.0,1.347,38.15,946.75,4.61,56.94,41,72
20,3.5,1.5,1.4,350.0,350.0,True,287,47.8,4248.01,1.282,37.28,1343.42,3.16,56.94,41,72
20,3.5,1.5,1.45,0.0,0.0,True,366,61.0,4687.74,1.206,36.07,2057.0,2.28,55.56,40,72
20,3.5,1.5,1.45,200.0,250.0,True,237,39.5,4645.6,1.395,38.82,946.75,4.91,59.72,43,72
20,3.5,1.5,1.45,250.0,250.0,True,250,41.7,4481.57,1.356,38.4,946.75,4.73,58.33,42,72
20,3.5,1.5,1.45,350.0,350.0,True,290,48.3,4405.0,1.291,37.59,1343.42,3.28,58.33,42,72
20,3.5,1.5,,0.0,0.0,False,897,149.5,-4902.2,0.921,29.88,6957.35,-0.7,41.67,30,72
20,3.5,1.5,,200.0,250.0,False,368,61.3,-1451.34,0.93,29.62,2128.22,-0.68,47.22,34,72
20,3.5,1.5,,250.0,250.0,False,406,67.7,-1740.9,0.924,29.8,2479.82,-0.7,44.44,32,72
20,3.5,1.5,,350.0,350.0,False,532,88.7,-3074.41,0.9,29.7,3697.05,-0.83,43.06,31,72
20,3.5,2.0,1.35,0.0,0.0,True,324,54.0,6256.24,1.266,44.14,2004.65,3.12,59.72,43,72
20,3.5,2.0,1.35,200.0,250.0,True,200,33.3,6802.89,1.614,48.5,920.35,7.39,65.28,47,72
20,3.5,2.0,1.35,250.0,250.0,True,220,36.7,5974.1,1.47,46.36,952.62,6.27,63.89,46,72
20,3.5,2.0,1.35,350.0,350.0,True,261,43.5,6800.24,1.426,45.59,1663.06,4.09,62.5,45,72
20,3.5,2.0,1.4,0.0,0.0,True,327,54.5,6218.17,1.262,44.04,2004.65,3.1,59.72,43,72
20,3.5,2.0,1.4,200.0,250.0,True,201,33.5,7019.39,1.635,48.76,920.35,7.63,66.67,48,72
20,3.5,2.0,1.4,250.0,250.0,True,223,37.2,5936.03,1.459,46.19,952.62,6.23,63.89,46,72
20,3.5,2.0,1.4,350.0,350.0,True,264,44.0,6762.17,1.418,45.45,1663.06,4.07,62.5,45,72
20,3.5,2.0,1.45,0.0,0.0,True,331,55.2,6489.4,1.272,44.41,2004.65,3.24,61.11,44,72
20,3.5,2.0,1.45,200.0,250.0,True,206,34.3,7208.95,1.641,49.03,920.35,7.83,68.06,49,72
20,3.5,2.0,1.45,250.0,250.0,True,223,37.2,6374.79,1.501,47.09,952.62,6.69,65.28,47,72
20,3.5,2.0,1.45,350.0,350.0,True,267,44.5,7135.77,1.441,46.07,1663.06,4.29,63.89,46,72
20,3.5,2.0,,0.0,0.0,False,724,120.7,-1435.59,0.976,37.29,5568.05,-0.26,41.67,30,72
20,3.5,2.0,,200.0,250.0,False,298,49.7,-2458.71,0.882,35.57,3833.2,-0.64,45.83,33,72
20,3.5,2.0,,250.0,250.0,False,329,54.8,-2913.71,0.876,35.56,4360.07,-0.67,40.28,29,72
20,3.5,2.0,,350.0,350.0,False,478,79.7,-878.64,0.974,38.08,2864.8,-0.31,47.22,34,72
20,4.0,1.5,1.35,0.0,0.0,True,350,58.3,6427.76,1.285,34.0,2057.0,3.12,52.78,38,72
20,4.0,1.5,1.35,200.0,250.0,True,216,36.0,4446.86,1.394,35.19,730.73,6.09,55.56,40,72
20,4.0,1.5,1.35,250.0,250.0,True,230,38.3,4911.18,1.408,35.65,942.23,5.21,54.17,39,72
20,4.0,1.5,1.35,350.0,350.0,True,279,46.5,4618.94,1.3,34.41,1343.42,3.44,52.78,38,72
20,4.0,1.5,1.4,0.0,0.0,True,353,58.8,6470.42,1.285,33.99,2057.0,3.15,54.17,39,72
20,4.0,1.5,1.4,200.0,250.0,True,217,36.2,4682.0,1.416,35.48,730.73,6.41,56.94,41,72
20,4.0,1.5,1.4,250.0,250.0,True,233,38.8,4953.84,1.406,35.62,942.23,5.26,55.56,40,72
20,4.0,1.5,1.4,350.0,350.0,True,282,47.0,4661.6,1.299,34.4,1343.42,3.47,54.17,39,72
20,4.0,1.5,1.45,0.0,0.0,True,358,59.7,6529.37,1.285,34.08,2057.0,3.17,54.17,39,72
20,4.0,1.5,1.45,200.0,250.0,True,222,37.0,4725.39,1.411,35.59,675.86,6.99,56.94,41,72
20,4.0,1.5,1.45,250.0,250.0,True,236,39.3,4933.62,1.399,35.59,942.23,5.24,55.56,40,72
20,4.0,1.5,1.45,350.0,350.0,True,283,47.2,4789.18,1.308,34.63,1343.42,3.56,54.17,39,72
20,4.0,1.5,,0.0,0.0,False,859,143.2,-5826.29,0.907,27.24,7291.74,-0.8,44.44,32,72
20,4.0,1.5,,200.0,250.0,False,337,56.2,-1470.99,0.927,28.19,1970.42,-0.75,45.83,33,72
20,4.0,1.5,,250.0,250.0,False,384,64.0,-1583.18,0.93,27.86,2664.23,-0.59,41.67,30,72
20,4.0,1.5,,350.0,350.0,False,484,80.7,-3668.82,0.877,26.86,3835.13,-0.96,41.67,30,72
20,4.0,2.0,1.35,0.0,0.0,True,314,52.3,8024.2,1.338,41.72,1984.71,4.04,56.94,41,72
20,4.0,2.0,1.35,200.0,250.0,True,193,32.2,5083.97,1.429,42.49,1052.04,4.83,61.11,44,72
20,4.0,2.0,1.35,250.0,250.0,True,206,34.3,7214.36,1.586,44.17,853.93,8.45,61.11,44,72
20,4.0,2.0,1.35,350.0,350.0,True,246,41.0,6359.84,1.399,41.87,1365.38,4.66,59.72,43,72
20,4.0,2.0,1.4,0.0,0.0,True,317,52.8,8012.87,1.334,41.64,1984.71,4.04,58.33,42,72
20,4.0,2.0,1.4,200.0,250.0,True,194,32.3,5327.21,1.451,42.78,1052.04,5.06,62.5,45,72
20,4.0,2.0,1.4,250.0,250.0,True,207,34.5,7457.6,1.608,44.44,853.93,8.73,62.5,45,72
20,4.0,2.0,1.4,350.0,350.0,True,249,41.5,6348.51,1.393,41.77,1365.38,4.65,61.11,44,72
20,4.0,2.0,1.45,0.0,0.0,True,319,53.2,7985.85,1.331,41.69,1984.71,4.02,58.33,42,72
20,4.0,2.0,1.45,200.0,250.0,True,197,32.8,5192.44,1.43,42.64,1052.04,4.94,62.5,45,72
20,4.0,2.0,1.45,250.0,250.0,True,208,34.7,7287.13,1.586,44.23,853.93,8.53,62.5,45,72
20,4.0,2.0,1.45,350.0,350.0,True,247,41.2,6467.16,1.405,42.11,1365.38,4.74,61.11,44,72
20,4.0,2.0,,0.0,0.0,False,692,115.3,-4326.36,0.929,33.96,6128.71,-0.71,45.83,33,72
20,4.0,2.0,,200.0,250.0,False,279,46.5,-1635.05,0.92,32.97,3091.6,-0.53,48.61,35,72
20,4.0,2.0,,250.0,250.0,False,301,50.2,-737.23,0.966,34.22,3194.08,-0.23,47.22,34,72
20,4.0,2.0,,350.0,350.0,False,461,76.8,-1536.3,0.955,34.27,3693.35,-0.42,45.83,33,72
20,4.5,1.5,1.35,0.0,0.0,True,339,56.5,4383.54,1.19,30.97,2705.9,1.62,58.33,42,72
20,4.5,1.5,1.35,200.0,250.0,True,210,35.0,3438.65,1.29,31.9,1026.91,3.35,56.94,41,72
20,4.5,1.5,1.35,250.0,250.0,True,224,37.3,3346.69,1.262,31.7,1026.91,3.26,55.56,40,72
20,4.5,1.5,1.35,350.0,350.0,True,266,44.3,3099.9,1.196,31.2,1343.42,2.31,55.56,40,72
20,4.5,1.5,1.4,0.0,0.0,True,342,57.0,4452.94,1.192,30.99,2705.9,1.65,59.72,43,72
20,4.5,1.5,1.4,200.0,250.0,True,211,35.2,3700.53,1.313,32.23,1026.91,3.6,58.33,42,72
20,4.5,1.5,1.4,250.0,250.0,True,225,37.5,3608.57,1.283,32.0,1026.91,3.51,56.94,41,72
20,4.5,1.5,1.4,350.0,350.0,True,269,44.8,3169.3,1.198,31.23,1343.42,2.36,56.94,41,72
20,4.5,1.5,1.45,0.0,0.0,True,347,57.8,4548.76,1.194,31.12,2705.9,1.68,61.11,44,72
20,4.5,1.5,1.45,200.0,250.0,True,215,35.8,3843.05,1.32,32.56,1026.91,3.74,59.72,43,72
20,4.5,1.5,1.45,250.0,250.0,True,230,38.3,3689.06,1.284,32.17,1026.91,3.59,58.33,42,72
20,4.5,1.5,1.45,350.0,350.0,True,270,45.0,3311.88,1.207,31.48,1343.42,2.47,58.33,42,72
20,4.5,1.5,,0.0,0.0,False,823,137.2,-5330.17,0.913,25.39,6847.59,-0.78,41.67,30,72
20,4.5,1.5,,200.0,250.0,False,318,53.0,-3396.05,0.831,23.58,4166.6,-0.82,41.67,30,72
20,4.5,1.5,,250.0,250.0,False,351,58.5,-1752.81,0.919,25.07,2523.36,-0.69,41.67,30,72
20,4.5,1.5,,350.0,350.0,False,456,76.0,-3893.04,0.865,24.78,4080.53,-0.95,43.06,31,72
20,4.5,2.0,1.35,0.0,0.0,True,303,50.5,5728.95,1.234,38.28,2710.5,2.11,55.56,40,72
20,4.5,2.0,1.35,200.0,250.0,True,183,30.5,4011.74,1.327,39.34,1318.83,3.04,58.33,42,72
20,4.5,2.0,1.35,250.0,250.0,True,196,32.7,4531.18,1.349,39.8,1095.57,4.14,58.33,42,72
20,4.5,2.0,1.35,350.0,350.0,True,238,39.7,2784.84,1.156,38.24,2315.14,1.2,55.56,40,72
20,4.5,2.0,1.4,0.0,0.0,True,306,51.0,5744.36,1.233,38.24,2710.5,2.12,56.94,41,72
20,4.5,2.0,1.4,200.0,250.0,True,184,30.7,4281.72,1.35,39.67,1318.83,3.25,59.72,43,72
20,4.5,2.0,1.4,250.0,250.0,True,197,32.8,4801.16,1.371,40.1,1095.57,4.38,59.72,43,72
20,4.5,2.0,1.4,350.0,350.0,True,241,40.2,2800.25,1.155,38.17,2315.14,1.21,56.94,41,72
20,4.5,2.0,1.45,0.0,0.0,True,308,51.3,5732.72,1.231,38.31,2710.5,2.12,56.94,41,72
20,4.5,2.0,1.45,200.0,250.0,True,187,31.2,4163.6,1.333,39.57,1318.83,3.16,59.72,43,72
20,4.5,2.0,1.45,250.0,250.0,True,200,33.3,4683.04,1.355,40.0,1095.57,4.27,59.72,43,72
20,4.5,2.0,1.45,350.0,350.0,True,239,39.8,2912.41,1.163,38.49,2315.14,1.26,56.94,41,72
20,4.5,2.0,,0.0,0.0,False,666,111.0,-4574.5,0.924,31.53,7170.05,-0.64,41.67,30,72
20,4.5,2.0,,200.0,250.0,False,261,43.5,-1904.25,0.906,30.65,3148.93,-0.6,45.83,33,72
20,4.5,2.0,,250.0,250.0,False,280,46.7,-2072.66,0.904,30.36,3482.62,-0.6,43.06,31,72
20,4.5,2.0,,350.0,350.0,False,414,69.0,965.85,1.031,33.09,3380.59,0.29,47.22,34,72
30,3.0,1.5,1.35,0.0,0.0,True,284,47.3,2324.67,1.144,40.14,1991.49,1.17,54.17,39,72
30,3.0,1.5,1.35,200.0,250.0,True,224,37.3,2433.68,1.212,41.96,1349.67,1.8,54.17,39,72
30,3.0,1.5,1.35,250.0,250.0,True,236,39.3,1985.59,1.161,40.68,1349.67,1.47,52.78,38,72
30,3.0,1.5,1.35,350.0,350.0,True,255,42.5,2533.3,1.189,40.78,1570.82,1.61,54.17,39,72
30,3.0,1.5,1.4,0.0,0.0,True,287,47.8,2283.6,1.14,40.07,1991.49,1.15,52.78,38,72
30,3.0,1.5,1.4,200.0,250.0,True,225,37.5,2585.09,1.225,42.22,1349.67,1.92,52.78,38,72
30,3.0,1.5,1.4,250.0,250.0,True,237,39.5,2137.0,1.174,40.93,1349.67,1.58,51.39,37,72
30,3.0,1.5,1.4,350.0,350.0,True,258,43.0,2492.23,1.183,40.7,1570.82,1.59,52.78,38,72
30,3.0,1.5,1.45,0.0,0.0,True,293,48.8,2187.41,1.131,39.93,1991.49,1.1,52.78,38,72
30,3.0,1.5,1.45,200.0,250.0,True,232,38.7,2432.86,1.205,41.81,1431.08,1.7,52.78,38,72
30,3.0,1.5,1.45,250.0,250.0,True,243,40.5,2040.81,1.162,40.74,1431.08,1.43,51.39,37,72
30,3.0,1.5,1.45,350.0,350.0,True,264,44.0,2396.04,1.172,40.53,1570.82,1.53,52.78,38,72
30,3.0,1.5,,0.0,0.0,False,768,128.0,-3745.68,0.925,33.72,7047.67,-0.53,48.61,35,72
30,3.0,1.5,,200.0,250.0,False,391,65.2,-886.56,0.958,34.27,2734.45,-0.32,50.0,36,72
30,3.0,1.5,,250.0,250.0,False,443,73.8,-1226.35,0.95,34.31,2576.44,-0.48,45.83,33,72
30,3.0,1.5,,350.0,350.0,False,530,88.3,-2424.9,0.92,33.96,3063.7,-0.79,47.22,34,72
30,3.0,2.0,1.35,0.0,0.0,True,260,43.3,2696.81,1.155,46.54,1992.01,1.35,55.56,40,72
30,3.0,2.0,1.35,200.0,250.0,True,188,31.3,1969.01,1.17,47.87,1949.2,1.01,56.94,41,72
30,3.0,2.0,1.35,250.0,250.0,True,204,34.0,1878.6,1.148,47.06,1949.2,0.96,54.17,39,72
30,3.0,2.0,1.35,350.0,350.0,True,232,38.7,2301.94,1.159,46.98,1729.89,1.33,55.56,40,72
30,3.0,2.0,1.4,0.0,0.0,True,263,43.8,2595.93,1.147,46.39,1992.01,1.3,54.17,39,72
30,3.0,2.0,1.4,200.0,250.0,True,191,31.8,1868.13,1.158,47.64,1949.2,0.96,55.56,40,72
30,3.0,2.0,1.4,250.0,250.0,True,207,34.5,1777.72,1.138,46.86,1953.72,0.91,52.78,38,72
30,3.0,2.0,1.4,350.0,350.0,True,235,39.2,2201.06,1.149,46.81,1729.89,1.27,54.17,39,72
30,3.0,2.0,1.45,0.0,0.0,True,267,44.5,2593.14,1.145,46.44,2046.73,1.27,54.17,39,72
30,3.0,2.0,1.45,200.0,250.0,True,195,32.5,1865.34,1.154,47.69,2056.71,0.91,55.56,40,72
30,3.0,2.0,1.45,250.0,250.0,True,211,35.2,1774.93,1.135,46.92,2061.23,0.86,52.78,38,72
30,3.0,2.0,1.45,350.0,350.0,True,239,39.8,2198.27,1.147,46.86,1784.61,1.23,54.17,39,72
30,3.0,2.0,,0.0,0.0,False,628,104.7,-2395.25,0.951,40.76,7957.92,-0.3,47.22,34,72
30,3.0,2.0,,200.0,250.0,False,284,47.3,-2037.5,0.896,39.79,2777.58,-0.73,47.22,34,72
30,3.0,2.0,,250.0,250.0,False,302,50.3,-1419.53,0.932,40.4,2845.09,-0.5,45.83,33,72
30,3.0,2.0,,350.0,350.0,False,423,70.5,-1054.02,0.963,41.37,3767.49,-0.28,48.61,35,72
30,3.5,1.5,1.35,0.0,0.0,True,280,46.7,3263.06,1.195,37.14,1715.27,1.9,56.94,41,72
30,3.5,1.5,1.35,200.0,250.0,True,213,35.5,3568.41,1.316,39.44,1198.92,2.98,55.56,40,72
30,3.5,1.5,1.35,250.0,250.0,True,229,38.2,3613.39,1.298,39.3,1511.24,2.39,54.17,39,72
30,3.5,1.5,1.35,350.0,350.0,True,250,41.7,3550.76,1.258,38.0,1501.38,2.36,56.94,41,72
30,3.5,1.5,1.4,0.0,0.0,True,283,47.2,3246.61,1.192,37.1,1715.27,1.89,55.56,40,72
30,3.5,1.5,1.4,200.0,250.0,True,214,35.7,3744.44,1.332,39.72,1198.92,3.12,54.17,39,72
30,3.5,1.5,1.4,250.0,250.0,True,230,38.3,3789.42,1.313,39.57,1511.24,2.51,52.78,38,72
30,3.5,1.5,1.4,350.0,350.0,True,251,41.8,3726.79,1.271,38.25,1501.38,2.48,55.56,40,72
30,3.5,1.5,1.45,0.0,0.0,True,289,48.2,3187.28,1.185,37.02,1715.27,1.86,56.94,41,72
30,3.5,1.5,1.45,200.0,250.0,True,217,36.2,3943.32,1.348,40.09,1280.33,3.08,56.94,41,72
30,3.5,1.5,1.45,250.0,250.0,True,236,39.3,3730.09,1.3,39.41,1592.65,2.34,54.17,39,72
30,3.5,1.5,1.45,350.0,350.0,True,257,42.8,3667.46,1.261,38.13,1582.79,2.32,56.94,41,72
30,3.5,1.5,,0.0,0.0,False,737,122.8,-318.67,0.994,31.75,5835.46,-0.05,50.0,36,72
30,3.5,1.5,,200.0,250.0,False,355,59.2,84.24,1.004,31.83,2827.36,0.03,50.0,36,72
30,3.5,1.5,,250.0,250.0,False,381,63.5,-39.53,0.998,32.02,1985.88,-0.02,45.83,33,72
30,3.5,1.5,,350.0,350.0,False,481,80.2,149.89,1.005,32.43,2732.15,0.05,50.0,36,72
30,3.5,2.0,1.35,0.0,0.0,True,255,42.5,3904.32,1.217,43.53,2620.81,1.49,54.17,39,72
30,3.5,2.0,1.35,200.0,250.0,True,171,28.5,2130.91,1.189,43.86,2177.1,0.98,55.56,40,72
30,3.5,2.0,1.35,250.0,250.0,True,188,31.3,2629.41,1.216,44.68,2619.16,1.0,54.17,39,72
30,3.5,2.0,1.35,350.0,350.0,True,224,37.3,3009.64,1.203,43.75,2358.69,1.28,52.78,38,72
30,3.5,2.0,1.4,0.0,0.0,True,258,43.0,3828.06,1.21,43.41,2620.81,1.46,54.17,39,72
30,3.5,2.0,1.4,200.0,250.0,True,172,28.7,2309.22,1.205,44.19,2177.1,1.06,56.94,41,72
30,3.5,2.0,1.4,250.0,250.0,True,191,31.8,2553.15,1.205,44.5,2619.16,0.97,54.17,39,72
30,3.5,2.0,1.4,350.0,350.0,True,227,37.8,2933.38,1.194,43.61,2358.69,1.24,52.78,38,72
30,3.5,2.0,1.45,0.0,0.0,True,262,43.7,3863.56,1.21,43.51,2728.32,1.42,54.17,39,72
30,3.5,2.0,1.45,200.0,250.0,True,175,29.2,2463.63,1.216,44.57,2284.61,1.08,58.33,42,72
30,3.5,2.0,1.45,250.0,250.0,True,195,32.5,2588.65,1.204,44.62,2726.67,0.95,54.17,39,72
30,3.5,2.0,1.45,350.0,350.0,True,231,38.5,2968.88,1.194,43.72,2466.2,1.2,52.78,38,72
30,3.5,2.0,,0.0,0.0,False,603,100.5,634.83,1.013,38.47,6591.76,0.1,48.61,35,72
30,3.5,2.0,,200.0,250.0,False,261,43.5,-940.16,0.95,37.55,2445.02,-0.38,50.0,36,72
30,3.5,2.0,,250.0,250.0,False,302,50.3,-211.62,0.99,38.41,2485.14,-0.09,45.83,33,72
30,3.5,2.0,,350.0,350.0,False,398,66.3,116.64,1.004,38.94,2789.49,0.04,51.39,37,72
30,4.0,1.5,1.35,0.0,0.0,True,274,45.7,4646.99,1.275,35.04,1568.35,2.96,61.11,44,72
30,4.0,1.5,1.35,200.0,250.0,True,194,32.3,4811.04,1.458,38.14,1170.45,4.11,61.11,44,72
30,4.0,1.5,1.35,250.0,250.0,True,213,35.5,4314.58,1.366,36.62,1170.45,3.69,59.72,43,72
30,4.0,1.5,1.35,350.0,350.0,True,240,40.0,4718.57,1.348,35.83,1468.33,3.21,61.11,44,72
30,4.0,1.5,1.4,0.0,0.0,True,277,46.2,4655.15,1.273,35.02,1568.35,2.97,61.11,44,72
30,4.0,1.5,1.4,200.0,250.0,True,197,32.8,4899.52,1.461,38.07,1170.45,4.19,61.11,44,72
30,4.0,1.5,1.4,250.0,250.0,True,216,36.0,4322.74,1.361,36.57,1170.45,3.69,59.72,43,72
30,4.0,1.5,1.4,350.0,350.0,True,243,40.5,4726.73,1.344,35.8,1468.33,3.22,61.11,44,72
30,4.0,1.5,1.45,0.0,0.0,True,283,47.2,4632.69,1.266,34.98,1593.47,2.91,62.5,45,72
30,4.0,1.5,1.45,200.0,250.0,True,199,33.2,5192.11,1.489,38.69,1251.86,4.15,62.5,45,72
30,4.0,1.5,1.45,250.0,250.0,True,219,36.5,4525.38,1.376,36.99,1251.86,3.61,61.11,44,72
30,4.0,1.5,1.45,350.0,350.0,True,249,41.5,4704.27,1.335,35.74,1477.6,3.18,62.5,45,72
30,4.0,1.5,,0.0,0.0,False,710,118.3,-441.0,0.991,29.58,5654.28,-0.08,52.78,38,72
30,4.0,1.5,,200.0,250.0,False,305,50.8,1500.45,1.086,30.16,1164.76,1.29,54.17,39,72
30,4.0,1.5,,250.0,250.0,False,340,56.7,822.24,1.042,29.41,2092.01,0.39,48.61,35,72
30,4.0,1.5,,350.0,350.0,False,450,75.0,516.73,1.018,29.33,2611.43,0.2,51.39,37,72
30,4.0,2.0,1.35,0.0,0.0,True,249,41.5,5732.88,1.316,41.77,2515.62,2.28,55.56,40,72
30,4.0,2.0,1.35,200.0,250.0,True,159,26.5,3390.57,1.312,42.77,2310.14,1.47,56.94,41,72
30,4.0,2.0,1.35,250.0,250.0,True,174,29.0,3070.43,1.258,41.38,2310.14,1.33,55.56,40,72
30,4.0,2.0,1.35,350.0,350.0,True,215,35.8,4244.49,1.286,41.86,2253.5,1.88,54.17,39,72
30,4.0,2.0,1.4,0.0,0.0,True,252,42.0,5681.23,1.309,41.67,2515.62,2.26,55.56,40,72
30,4.0,2.0,1.4,200.0,250.0,True,161,26.8,3520.42,1.322,42.86,2310.14,1.52,56.94,41,72
30,4.0,2.0,1.4,250.0,250.0,True,175,29.2,3273.35,1.275,41.71,2310.14,1.42,55.56,40,72
30,4.0,2.0,1.4,350.0,350.0,True,218,36.3,4192.84,1.278,41.74,2253.5,1.86,54.17,39,72
30,4.0,2.0,1.45,0.0,0.0,True,256,42.7,5755.03,1.31,41.8,2623.13,2.19,55.56,40,72
30,4.0,2.0,1.45,200.0,250.0,True,162,27.0,3923.95,1.363,43.83,2417.65,1.62,58.33,42,72
30,4.0,2.0,1.45,250.0,250.0,True,179,29.8,3335.69,1.275,41.9,2417.65,1.38,55.56,40,72
30,4.0,2.0,1.45,350.0,350.0,True,222,37.0,4266.64,1.279,41.89,2361.01,1.81,54.17,39,72
30,4.0,2.0,,0.0,0.0,False,573,95.5,-1712.14,0.965,35.6,6721.07,-0.25,47.22,34,72
30,4.0,2.0,,200.0,250.0,False,210,35.0,1069.22,1.07,37.14,2072.42,0.52,55.56,40,72
30,4.0,2.0,,250.0,250.0,False,275,45.8,990.07,1.049,36.36,2798.32,0.35,48.61,35,72
30,4.0,2.0,,350.0,350.0,False,379,63.2,855.26,1.03,36.41,3278.08,0.26,50.0,36,72
30,4.5,1.5,1.35,0.0,0.0,True,272,45.3,5864.96,1.342,33.82,1600.17,3.67,63.89,46,72
30,4.5,1.5,1.35,200.0,250.0,True,184,30.7,5061.37,1.482,35.87,973.67,5.2,62.5,45,72
30,4.5,1.5,1.35,250.0,250.0,True,206,34.3,5325.39,1.463,35.44,973.67,5.47,61.11,44,72
30,4.5,1.5,1.35,350.0,350.0,True,234,39.0,6130.15,1.457,35.04,1468.33,4.17,63.89,46,72
30,4.5,1.5,1.4,0.0,0.0,True,275,45.8,5897.73,1.34,33.82,1600.17,3.69,65.28,47,72
30,4.5,1.5,1.4,200.0,250.0,True,185,30.8,5286.62,1.503,36.22,973.67,5.43,63.89,46,72
30,4.5,1.5,1.4,250.0,250.0,True,207,34.5,5550.64,1.483,35.75,973.67,5.7,62.5,45,72
30,4.5,1.5,1.4,350.0,350.0,True,237,39.5,6162.92,1.453,35.02,1468.33,4.2,65.28,47,72
30,4.5,1.5,1.45,0.0,0.0,True,281,46.8,5912.14,1.335,33.81,1681.58,3.52,65.28,47,72
30,4.5,1.5,1.45,200.0,250.0,True,187,31.2,5616.08,1.535,36.9,1055.08,5.32,65.28,47,72
30,4.5,1.5,1.45,250.0,250.0,True,209,34.8,5880.1,1.512,36.36,1055.08,5.57,63.89,46,72
30,4.5,1.5,1.45,350.0,350.0,True,243,40.5,6177.33,1.444,34.98,1502.77,4.11,65.28,47,72
30,4.5,1.5,,0.0,0.0,False,694,115.7,-1111.94,0.978,26.8,5926.05,-0.19,50.0,36,72
30,4.5,1.5,,200.0,250.0,False,275,45.8,1587.19,1.097,28.73,2000.73,0.79,52.78,38,72
30,4.5,1.5,,250.0,250.0,False,312,52.0,2123.24,1.114,28.85,2187.54,0.97,50.0,36,72
30,4.5,1.5,,350.0,350.0,False,447,74.5,1837.63,1.066,27.52,2833.27,0.65,51.39,37,72
30,4.5,2.0,1.35,0.0,0.0,True,244,40.7,7137.5,1.393,40.57,2532.36,2.82,56.94,41,72
30,4.5,2.0,1.35,200.0,250.0,True,154,25.7,4310.41,1.403,40.91,2232.16,1.93,55.56,40,72
30,4.5,2.0,1.35,250.0,250.0,True,167,27.8,3695.56,1.312,39.52,2232.16,1.66,52.78,38,72
30,4.5,2.0,1.35,350.0,350.0,True,206,34.3,5090.2,1.349,40.29,2270.24,2.24,54.17,39,72
30,4.5,2.0,1.4,0.0,0.0,True,247,41.2,7110.46,1.386,40.49,2532.36,2.81,56.94,41,72
30,4.5,2.0,1.4,200.0,250.0,True,155,25.8,4537.94,1.424,41.29,2232.16,2.03,55.56,40,72
30,4.5,2.0,1.4,250.0,250.0,True,168,28.0,3923.09,1.331,39.88,2232.16,1.76,52.78,38,72
30,4.5,2.0,1.4,350.0,350.0,True,209,34.8,5063.16,1.342,40.19,2270.24,2.23,54.17,39,72
30,4.5,2.0,1.45,0.0,0.0,True,251,41.8,7222.58,1.387,40.64,2639.87,2.74,58.33,42,72
30,4.5,2.0,1.45,200.0,250.0,True,156,26.0,4978.34,1.471,42.31,2339.67,2.13,58.33,42,72
30,4.5,2.0,1.45,250.0,250.0,True,169,28.2,4363.49,1.372,40.83,2339.67,1.87,55.56,40,72
30,4.5,2.0,1.45,350.0,350.0,True,213,35.5,5175.28,1.344,40.38,2377.75,2.18,55.56,40,72
30,4.5,2.0,,0.0,0.0,False,552,92.0,-3065.73,0.938,32.25,6528.54,-0.47,47.22,34,72
30,4.5,2.0,,200.0,250.0,False,210,35.0,1601.23,1.101,35.24,1958.31,0.82,55.56,40,72
30,4.5,2.0,,250.0,250.0,False,236,39.3,1445.67,1.079,35.17,2718.04,0.53,51.39,37,72
30,4.5,2.0,,350.0,350.0,False,355,59.2,-192.18,0.993,32.68,2763.08,-0.07,47.22,34,72
