total_trades,net_profit,pf,win_rate,max_dd,mcr,pos_months,total_months,rvi_up,rvi_low,use_kfd,kfd_thresh,tp_mult,sl_mult,profit_lock
323,471.67,1.035,30.65,1069.63,40.28,29,72,55.0,45.0,True,1.35,3.5,1.5,200.0
338,439.75,1.03,30.77,1351.94,37.5,27,72,55.0,45.0,True,1.35,3.5,1.5,250.0
368,-570.31,0.965,29.89,2114.16,34.72,25,72,55.0,45.0,True,1.35,3.5,1.5,300.0
283,-660.87,0.952,36.4,2123.45,40.28,29,72,55.0,45.0,True,1.35,3.5,2.0,200.0
305,-899.35,0.94,36.07,2369.24,37.5,27,72,55.0,45.0,True,1.35,3.5,2.0,250.0
311,-770.15,0.95,36.01,2242.98,37.5,27,72,55.0,45.0,True,1.35,3.5,2.0,300.0
301,-734.11,0.944,26.91,1504.15,38.89,28,72,55.0,45.0,True,1.35,4.0,1.5,200.0
335,-692.9,0.954,27.16,1570.67,36.11,26,72,55.0,45.0,True,1.35,4.0,1.5,250.0
343,-2350.56,0.858,25.95,2415.98,31.94,23,72,55.0,45.0,True,1.35,4.0,1.5,300.0
264,-1111.08,0.917,32.58,1741.43,37.5,27,72,55.0,45.0,True,1.35,4.0,2.0,200.0
293,-778.07,0.948,33.11,1741.43,36.11,26,72,55.0,45.0,True,1.35,4.0,2.0,250.0
305,-1656.53,0.897,31.8,2223.29,33.33,24,72,55.0,45.0,True,1.35,4.0,2.0,300.0
298,-385.72,0.971,25.5,1370.21,37.5,27,72,55.0,45.0,True,1.35,4.5,1.5,200.0
318,64.95,1.005,26.1,1370.21,36.11,26,72,55.0,45.0,True,1.35,4.5,1.5,250.0
341,-799.72,0.949,25.22,1326.83,33.33,24,72,55.0,45.0,True,1.35,4.5,1.5,300.0
268,364.07,1.026,32.09,1315.21,41.67,30,72,55.0,45.0,True,1.35,4.5,2.0,200.0
279,23.54,1.002,31.9,1315.21,38.89,28,72,55.0,45.0,True,1.35,4.5,2.0,250.0
302,-95.11,0.994,31.13,1631.37,37.5,27,72,55.0,45.0,True,1.35,4.5,2.0,300.0
401,1072.61,1.072,34.16,1424.22,44.44,32,72,55.0,45.0,True,1.4,3.5,1.5,200.0
436,1959.62,1.119,34.63,1723.75,41.67,30,72,55.0,45.0,True,1.4,3.5,1.5,250.0
457,1777.0,1.1,34.14,1763.09,38.89,28,72,55.0,45.0,True,1.4,3.5,1.5,300.0
362,1369.89,1.094,41.16,857.0,43.06,31,72,55.0,45.0,True,1.4,3.5,2.0,200.0
393,2187.73,1.136,41.48,1201.28,40.28,29,72,55.0,45.0,True,1.4,3.5,2.0,250.0
405,2084.9,1.123,41.23,1307.61,38.89,28,72,55.0,45.0,True,1.4,3.5,2.0,300.0
362,1842.52,1.134,31.49,1496.9,45.83,33,72,55.0,45.0,True,1.4,4.0,1.5,200.0
395,1343.86,1.088,30.89,1496.9,43.06,31,72,55.0,45.0,True,1.4,4.0,1.5,250.0
421,2077.29,1.125,31.35,1778.72,41.67,30,72,55.0,45.0,True,1.4,4.0,1.5,300.0
329,2261.41,1.167,37.39,1232.3,44.44,32,72,55.0,45.0,True,1.4,4.0,2.0,200.0
355,1498.22,1.099,36.62,1232.3,40.28,29,72,55.0,45.0,True,1.4,4.0,2.0,250.0
374,2425.72,1.151,37.17,1594.45,38.89,28,72,55.0,45.0,True,1.4,4.0,2.0,300.0
346,1708.65,1.126,28.9,1529.9,45.83,33,72,55.0,45.0,True,1.4,4.5,1.5,200.0
371,2306.93,1.158,29.38,1529.9,43.06,31,72,55.0,45.0,True,1.4,4.5,1.5,250.0
388,3346.63,1.216,29.9,1515.29,41.67,30,72,55.0,45.0,True,1.4,4.5,1.5,300.0
320,3134.22,1.23,35.62,1191.56,47.22,34,72,55.0,45.0,True,1.4,4.5,2.0,200.0
334,3601.49,1.251,36.23,1191.56,45.83,33,72,55.0,45.0,True,1.4,4.5,2.0,250.0
354,3660.23,1.233,35.88,1191.56,43.06,31,72,55.0,45.0,True,1.4,4.5,2.0,300.0
758,1371.66,1.065,32.32,2352.15,44.44,32,72,55.0,45.0,False,1.4,3.5,1.5,200.0
830,1797.99,1.075,32.53,2118.23,40.28,29,72,55.0,45.0,False,1.4,3.5,1.5,250.0
868,1847.99,1.071,32.49,1888.63,38.89,28,72,55.0,45.0,False,1.4,3.5,1.5,300.0
536,2987.51,1.168,39.93,1938.28,50.0,36,72,55.0,45.0,False,1.4,3.5,2.0,200.0
571,3418.42,1.173,39.75,1938.28,47.22,34,72,55.0,45.0,False,1.4,3.5,2.0,250.0
649,3316.77,1.141,39.45,1586.93,41.67,30,72,55.0,45.0,False,1.4,3.5,2.0,300.0
602,5289.11,1.315,31.23,985.45,54.17,39,72,55.0,45.0,False,1.4,4.0,1.5,200.0
713,3938.86,1.189,29.87,1560.48,45.83,33,72,55.0,45.0,False,1.4,4.0,1.5,250.0
731,4317.65,1.199,30.1,1772.71,44.44,32,72,55.0,45.0,False,1.4,4.0,1.5,300.0
475,3717.23,1.229,37.68,1795.42,51.39,37,72,55.0,45.0,False,1.4,4.0,2.0,200.0
525,4897.0,1.265,37.9,1535.01,48.61,35,72,55.0,45.0,False,1.4,4.0,2.0,250.0
549,5709.51,1.287,38.07,1535.01,47.22,34,72,55.0,45.0,False,1.4,4.0,2.0,300.0
561,3740.96,1.234,29.06,1118.5,51.39,37,72,55.0,45.0,False,1.4,4.5,1.5,200.0
641,3273.4,1.173,28.24,1310.43,44.44,32,72,55.0,45.0,False,1.4,4.5,1.5,250.0
710,3854.01,1.179,28.03,1718.56,41.67,30,72,55.0,45.0,False,1.4,4.5,1.5,300.0
520,1040.66,1.058,34.62,2263.95,43.06,31,72,55.0,45.0,False,1.4,4.5,2.0,200.0
539,1830.19,1.098,34.88,2263.95,41.67,30,72,55.0,45.0,False,1.4,4.5,2.0,250.0
573,2195.37,1.108,34.9,2119.26,38.89,28,72,55.0,45.0,False,1.4,4.5,2.0,300.0
343,89.04,1.007,32.07,1047.64,40.28,29,72,60.0,40.0,True,1.35,3.5,1.5,200.0
372,303.58,1.021,32.53,1279.15,37.5,27,72,60.0,40.0,True,1.35,3.5,1.5,250.0
392,-293.79,0.982,31.89,1279.15,34.72,25,72,60.0,40.0,True,1.35,3.5,1.5,300.0
267,2810.37,1.231,41.95,1064.06,47.22,34,72,60.0,40.0,True,1.35,3.5,2.0,200.0
300,3392.79,1.245,42.0,1195.64,45.83,33,72,60.0,40.0,True,1.35,3.5,2.0,250.0
319,3010.95,1.196,41.38,1311.83,44.44,32,72,60.0,40.0,True,1.35,3.5,2.0,300.0
325,-146.67,0.989,29.54,1233.83,37.5,27,72,60.0,40.0,True,1.35,4.0,1.5,200.0
342,740.87,1.054,30.12,1233.83,37.5,27,72,60.0,40.0,True,1.35,4.0,1.5,250.0
371,1266.11,1.085,31.0,1078.72,34.72,25,72,60.0,40.0,True,1.35,4.0,1.5,300.0
254,1565.06,1.131,38.98,1565.04,44.44,32,72,60.0,40.0,True,1.35,4.0,2.0,200.0
280,1913.29,1.14,38.93,1681.68,41.67,30,72,60.0,40.0,True,1.35,4.0,2.0,250.0
303,2368.6,1.16,38.94,1646.77,40.28,29,72,60.0,40.0,True,1.35,4.0,2.0,300.0
313,45.52,1.004,27.8,1102.98,36.11,26,72,60.0,40.0,True,1.35,4.5,1.5,200.0
327,999.4,1.075,28.44,1102.98,36.11,26,72,60.0,40.0,True,1.35,4.5,1.5,250.0
343,1876.24,1.133,28.86,1102.98,34.72,25,72,60.0,40.0,True,1.35,4.5,1.5,300.0
253,2797.37,1.232,37.55,1268.66,45.83,33,72,60.0,40.0,True,1.35,4.5,2.0,200.0
270,3294.07,1.251,37.78,1281.36,44.44,32,72,60.0,40.0,True,1.35,4.5,2.0,250.0
289,3941.61,1.277,38.06,1357.45,41.67,30,72,60.0,40.0,True,1.35,4.5,2.0,300.0
396,307.51,1.021,30.56,1182.95,41.67,30,72,60.0,40.0,True,1.4,3.5,1.5,200.0
419,973.08,1.062,31.74,1182.95,41.67,30,72,60.0,40.0,True,1.4,3.5,1.5,250.0
457,1534.3,1.085,32.39,1234.48,38.89,28,72,60.0,40.0,True,1.4,3.5,1.5,300.0
325,3627.33,1.269,42.15,922.3,50.0,36,72,60.0,40.0,True,1.4,3.5,2.0,200.0
350,4717.93,1.326,42.86,922.3,50.0,36,72,60.0,40.0,True,1.4,3.5,2.0,250.0
380,5298.31,1.323,42.63,1382.02,48.61,35,72,60.0,40.0,True,1.4,3.5,2.0,300.0
352,1306.14,1.098,29.55,1288.37,45.83,33,72,60.0,40.0,True,1.4,4.0,1.5,200.0
386,1527.99,1.101,29.27,1461.26,43.06,31,72,60.0,40.0,True,1.4,4.0,1.5,250.0
417,1946.87,1.119,29.98,1461.26,41.67,30,72,60.0,40.0,True,1.4,4.0,1.5,300.0
302,3021.79,1.242,39.74,1434.99,47.22,34,72,60.0,40.0,True,1.4,4.0,2.0,200.0
335,2897.69,1.197,39.4,1554.86,43.06,31,72,60.0,40.0,True,1.4,4.0,2.0,250.0
361,3922.76,1.245,39.89,1371.08,44.44,32,72,60.0,40.0,True,1.4,4.0,2.0,300.0
342,1749.59,1.138,28.65,1252.73,44.44,32,72,60.0,40.0,True,1.4,4.5,1.5,200.0
376,1735.69,1.118,28.19,1252.73,40.28,29,72,60.0,40.0,True,1.4,4.5,1.5,250.0
393,2021.0,1.127,27.99,1252.73,40.28,29,72,60.0,40.0,True,1.4,4.5,1.5,300.0
294,4525.91,1.365,38.78,1321.81,50.0,36,72,60.0,40.0,True,1.4,4.5,2.0,200.0
322,4085.59,1.285,37.89,1321.81,45.83,33,72,60.0,40.0,True,1.4,4.5,2.0,250.0
345,4643.74,1.295,37.97,1321.81,43.06,31,72,60.0,40.0,True,1.4,4.5,2.0,300.0
785,881.74,1.038,32.48,1722.4,47.22,34,72,60.0,40.0,False,1.4,3.5,1.5,200.0
861,40.26,1.002,32.17,2104.92,41.67,30,72,60.0,40.0,False,1.4,3.5,1.5,250.0
921,1624.22,1.058,32.68,2053.08,40.28,29,72,60.0,40.0,False,1.4,3.5,1.5,300.0
604,293.5,1.015,37.91,1608.29,44.44,32,72,60.0,40.0,False,1.4,3.5,2.0,200.0
617,1535.8,1.078,38.41,1576.18,44.44,32,72,60.0,40.0,False,1.4,3.5,2.0,250.0
648,2223.33,1.104,38.73,1527.25,43.06,31,72,60.0,40.0,False,1.4,3.5,2.0,300.0
653,1416.52,1.07,30.32,1550.38,45.83,33,72,60.0,40.0,False,1.4,4.0,1.5,200.0
720,2671.02,1.119,30.69,1701.18,43.06,31,72,60.0,40.0,False,1.4,4.0,1.5,250.0
745,3687.39,1.158,30.87,1982.46,41.67,30,72,60.0,40.0,False,1.4,4.0,1.5,300.0
487,1571.72,1.098,35.73,1463.61,48.61,35,72,60.0,40.0,False,1.4,4.0,2.0,200.0
553,2296.76,1.122,36.17,1838.89,44.44,32,72,60.0,40.0,False,1.4,4.0,2.0,250.0
570,3548.46,1.181,36.67,1673.63,44.44,32,72,60.0,40.0,False,1.4,4.0,2.0,300.0
540,3790.85,1.231,30.37,1445.02,54.17,39,72,60.0,40.0,False,1.4,4.5,1.5,200.0
628,4081.56,1.201,29.78,1272.12,47.22,34,72,60.0,40.0,False,1.4,4.5,1.5,250.0
677,4158.86,1.187,29.39,2037.54,44.44,32,72,60.0,40.0,False,1.4,4.5,1.5,300.0
429,1962.13,1.133,33.33,1310.72,50.0,36,72,60.0,40.0,False,1.4,4.5,2.0,200.0
457,3203.79,1.2,33.92,1253.69,48.61,35,72,60.0,40.0,False,1.4,4.5,2.0,250.0
480,3687.37,1.211,34.17,1253.69,45.83,33,72,60.0,40.0,False,1.4,4.5,2.0,300.0
349,-403.39,0.973,31.81,2053.17,38.89,28,72,65.0,35.0,True,1.35,3.5,1.5,200.0
367,99.11,1.006,32.15,2277.91,37.5,27,72,65.0,35.0,True,1.35,3.5,1.5,250.0
391,-76.6,0.996,31.97,2350.4,37.5,27,72,65.0,35.0,True,1.35,3.5,1.5,300.0
295,-481.8,0.966,39.66,1590.27,41.67,30,72,65.0,35.0,True,1.35,3.5,2.0,200.0
315,179.94,1.012,39.68,1590.27,40.28,29,72,65.0,35.0,True,1.35,3.5,2.0,250.0
337,-83.96,0.995,39.47,1640.76,38.89,28,72,65.0,35.0,True,1.35,3.5,2.0,300.0
317,-429.6,0.969,28.71,1850.83,37.5,27,72,65.0,35.0,True,1.35,4.0,1.5,200.0
338,663.49,1.044,29.59,1850.83,37.5,27,72,65.0,35.0,True,1.35,4.0,1.5,250.0
358,1667.27,1.104,30.17,1850.83,37.5,27,72,65.0,35.0,True,1.35,4.0,1.5,300.0
275,-609.82,0.956,37.45,1783.91,38.89,28,72,65.0,35.0,True,1.35,4.0,2.0,200.0
299,472.38,1.031,37.46,1890.13,37.5,27,72,65.0,35.0,True,1.35,4.0,2.0,250.0
319,-237.56,0.986,36.68,2448.41,34.72,25,72,65.0,35.0,True,1.35,4.0,2.0,300.0
293,1232.3,1.1,28.33,1601.97,41.67,30,72,65.0,35.0,True,1.35,4.5,1.5,200.0
333,978.58,1.066,27.93,1848.05,36.11,26,72,65.0,35.0,True,1.35,4.5,1.5,250.0
352,1076.04,1.067,27.84,1848.05,36.11,26,72,65.0,35.0,True,1.35,4.5,1.5,300.0
268,424.79,1.031,36.57,1385.27,41.67,30,72,65.0,35.0,True,1.35,4.5,2.0,200.0
281,1477.81,1.103,37.37,1538.27,40.28,29,72,65.0,35.0,True,1.35,4.5,2.0,250.0
300,1445.44,1.091,37.0,1538.27,38.89,28,72,65.0,35.0,True,1.35,4.5,2.0,300.0
425,927.02,1.055,32.0,1701.37,41.67,30,72,65.0,35.0,True,1.4,3.5,1.5,200.0
441,611.83,1.034,31.75,2276.23,38.89,28,72,65.0,35.0,True,1.4,3.5,1.5,250.0
478,374.97,1.019,31.8,2394.82,37.5,27,72,65.0,35.0,True,1.4,3.5,1.5,300.0
340,2316.41,1.161,40.88,1645.38,48.61,35,72,65.0,35.0,True,1.4,3.5,2.0,200.0
352,3052.44,1.201,41.48,1540.64,48.61,35,72,65.0,35.0,True,1.4,3.5,2.0,250.0
398,1515.11,1.083,40.2,2081.58,43.06,31,72,65.0,35.0,True,1.4,3.5,2.0,300.0
406,660.18,1.041,28.57,1691.28,41.67,30,72,65.0,35.0,True,1.4,4.0,1.5,200.0
430,815.21,1.046,28.84,1691.28,40.28,29,72,65.0,35.0,True,1.4,4.0,1.5,250.0
458,-294.27,0.985,28.38,2383.58,34.72,25,72,65.0,35.0,True,1.4,4.0,1.5,300.0
322,2842.14,1.204,38.82,1502.28,47.22,34,72,65.0,35.0,True,1.4,4.0,2.0,200.0
339,3941.07,1.268,39.23,1502.28,45.83,33,72,65.0,35.0,True,1.4,4.0,2.0,250.0
364,3334.13,1.199,38.46,1918.63,43.06,31,72,65.0,35.0,True,1.4,4.0,2.0,300.0
371,2331.11,1.162,28.3,1549.65,45.83,33,72,65.0,35.0,True,1.4,4.5,1.5,200.0
404,2422.42,1.149,28.22,1795.73,41.67,30,72,65.0,35.0,True,1.4,4.5,1.5,250.0
415,3131.25,1.185,28.67,1795.73,41.67,30,72,65.0,35.0,True,1.4,4.5,1.5,300.0
302,4565.55,1.35,38.41,1230.78,50.0,36,72,65.0,35.0,True,1.4,4.5,2.0,200.0
329,3510.2,1.235,37.08,1599.21,44.44,32,72,65.0,35.0,True,1.4,4.5,2.0,250.0
344,4575.04,1.29,37.79,1892.95,43.06,31,72,65.0,35.0,True,1.4,4.5,2.0,300.0
600,1183.41,1.065,30.83,2116.59,47.22,34,72,65.0,35.0,False,1.4,3.5,1.5,200.0
725,-43.59,0.998,30.07,2943.8,38.89,28,72,65.0,35.0,False,1.4,3.5,1.5,250.0
763,171.98,1.007,30.54,2312.04,36.11,26,72,65.0,35.0,False,1.4,3.5,1.5,300.0
434,1672.98,1.107,38.71,2219.71,48.61,35,72,65.0,35.0,False,1.4,3.5,2.0,200.0
487,926.26,1.052,37.78,2219.71,44.44,32,72,65.0,35.0,False,1.4,3.5,2.0,250.0
512,2135.96,1.11,38.87,1687.07,41.67,30,72,65.0,35.0,False,1.4,3.5,2.0,300.0
560,2589.07,1.16,29.11,1948.81,50.0,36,72,65.0,35.0,False,1.4,4.0,1.5,200.0
693,517.98,1.024,28.14,2757.74,40.28,29,72,65.0,35.0,False,1.4,4.0,1.5,250.0
720,523.84,1.023,28.47,2399.56,40.28,29,72,65.0,35.0,False,1.4,4.0,1.5,300.0
372,1938.79,1.137,34.68,1799.0,50.0,36,72,65.0,35.0,False,1.4,4.0,2.0,200.0
433,2572.22,1.152,34.87,1799.0,45.83,33,72,65.0,35.0,False,1.4,4.0,2.0,250.0
460,3109.24,1.169,34.78,1599.36,44.44,32,72,65.0,35.0,False,1.4,4.0,2.0,300.0
544,1503.92,1.09,27.02,1416.13,48.61,35,72,65.0,35.0,False,1.4,4.5,1.5,200.0
581,2611.47,1.142,27.71,1416.13,47.22,34,72,65.0,35.0,False,1.4,4.5,1.5,250.0
663,1569.11,1.073,27.15,1423.77,41.67,30,72,65.0,35.0,False,1.4,4.5,1.5,300.0
374,1496.99,1.099,32.35,1819.17,48.61,35,72,65.0,35.0,False,1.4,4.5,2.0,200.0
400,3035.04,1.182,33.75,1672.21,48.61,35,72,65.0,35.0,False,1.4,4.5,2.0,250.0
466,1921.01,1.097,32.4,1861.78,43.06,31,72,65.0,35.0,False,1.4,4.5,2.0,300.0
