h1_tide,pullback_mode,sl_atr_mult,tp_rr_mult,session_mode,total_trades,net_profit,gross_profit,gross_loss,profit_factor,win_rate,max_drawdown,romad,sharpe,avg_holding_bars
H1_EMA_21_55,Touch_M15_EMA20,1.5,1.5,24h,6563,-23104.052463201806,170290.44677821573,193394.49924142097,0.8805340764404904,38.59515465488344,26370.72974068494,-0.8761248812753452,-1.867950451894429,10.524607648941032
H1_EMA_21_55,Touch_M15_EMA20,1.5,1.5,London_NY,4547,-12804.99892403545,130105.61844482445,142910.61736886122,0.9103985472892733,39.168682647899715,16606.45464128554,-0.7710856531773351,-1.1827516004168517,11.702881020453045
H1_EMA_21_55,Touch_M15_EMA20,1.5,2.0,24h,5531,-18711.075629531708,165106.87255510615,183817.94818464058,0.8982086579992743,31.96528656662448,22123.669743998726,-0.8457491838399586,-1.3983363316894546,14.086060386910143
H1_EMA_21_55,Touch_M15_EMA20,1.5,2.0,London_NY,3988,-9008.547811452006,131007.05159040209,140015.59940185503,0.93566039891314,32.57271815446339,15462.721651783922,-0.5825978126181103,-0.7536571653959369,15.446589769307923
H1_EMA_21_55,Touch_M15_EMA20,1.5,3.0,24h,4410,-8787.052071705659,156507.27725132558,165294.3293230331,0.9468399665754106,24.308390022675738,16340.912379671776,-0.5377332591683693,-0.5834744244066993,20.464625850340138
H1_EMA_21_55,Touch_M15_EMA20,1.5,3.0,London_NY,3301,-358.9777727384553,129688.03123256161,130047.00900530088,0.9972396306882796,25.1438957891548,9396.49737897467,-0.038203360067091977,-0.026243922811103524,22.39139654650106
H1_EMA_21_55,Touch_M15_EMA20,1.5,4.0,24h,3710,-14.68281772986029,147991.4589983261,148006.14181605718,0.9999007958889345,20.026954177897576,9545.178280202157,-0.0015382444726374793,-0.000893393613150478,26.480323450134772
H1_EMA_21_55,Touch_M15_EMA20,1.5,4.0,London_NY,2782,5378.502026368439,122523.42120535718,117144.91917898951,1.0459132334894499,20.524802300503236,5511.950755091711,0.9757892015635304,0.3593279280963929,29.769949676491734
H1_EMA_21_55,Touch_M15_EMA20,2.0,1.5,24h,4375,-12069.334978374323,164874.09639020657,176943.43136858242,0.9317898670494595,39.29142857142857,17971.809179685704,-0.671570394371692,-0.8459953316467234,19.378285714285713
H1_EMA_21_55,Touch_M15_EMA20,2.0,1.5,London_NY,3318,-3566.5264055509915,135103.77997000594,138670.3063755575,0.9742805327342942,39.96383363471971,11504.2173549094,-0.31001903871617864,-0.27764663712056126,20.85684147076552
H1_EMA_21_55,Touch_M15_EMA20,2.0,2.0,24h,3652,-5987.644091795227,159243.87417689737,165231.5182686938,0.9637620948198302,32.9408543263965,14778.952462331035,-0.4051467184197719,-0.38850845708706594,25.529846659364733
H1_EMA_21_55,Touch_M15_EMA20,2.0,2.0,London_NY,2844,855.4216378361743,133135.36937779043,132279.947739955,1.006466752160479,33.614627285513365,9770.138616070137,0.08755470842851279,0.061116179230607866,27.400492264416314
H1_EMA_21_55,Touch_M15_EMA20,2.0,3.0,24h,2829,2242.4352050794296,147039.36049804708,144796.92529296828,1.015486759822708,25.41534110993284,7673.208391460849,0.2922421874498977,0.13043858993747515,36.793920113114176
H1_EMA_21_55,Touch_M15_EMA20,2.0,3.0,London_NY,2245,7214.256801061329,126251.73542829246,119037.47862723176,1.0606049194275384,25.56792873051225,5518.9772181909675,1.307172781449902,0.4522069630145635,40.14253897550112
H1_EMA_21_55,Touch_M15_EMA20,2.0,4.0,24h,2205,1613.3035365523783,125699.84940708711,124086.54587053545,1.0130014380304766,20.589569160997733,7689.90199497677,0.20979507119937643,0.08973617247672609,50.820408163265306
H1_EMA_21_55,Touch_M15_EMA20,2.0,4.0,London_NY,1844,4713.625634766518,111630.60652901806,106916.98089425181,1.0440867820559612,20.498915401301517,5117.50460379403,0.9210789241443801,0.27930506165098984,53.55748373101952
H1_EMA_21_55,Touch_M15_EMA20,2.5,1.5,24h,3116,-5100.788332692517,156767.994253104,161868.7825857979,0.96848812815411,39.858793324775355,11569.485604421172,-0.44088289722607005,-0.322666931695609,31.10109114249037
H1_EMA_21_55,Touch_M15_EMA20,2.5,1.5,London_NY,2517,1958.1234514520065,134861.0500470843,132902.92659563303,1.014733486324263,40.683353198251886,6758.411274936396,0.2897313246847995,0.1355455438922135,32.55423122765197
H1_EMA_21_55,Touch_M15_EMA20,2.5,2.0,24h,2592,230.42508719424677,149407.54797712085,149177.12288992718,1.0015446409122912,33.449074074074076,10548.6130911681,0.021844112131401597,0.013611427858240448,40.026234567901234
H1_EMA_21_55,Touch_M15_EMA20,2.5,2.0,London_NY,2109,4771.382444546184,129215.22284807489,124443.84040352929,1.038341652178795,33.90232337600759,6944.672809708952,0.6870564784384926,0.3061792844370634,42.49644381223329
H1_EMA_21_55,Touch_M15_EMA20,2.5,3.0,24h,1885,9386.779235840706,131340.54359654032,121953.76436069996,1.0769699835429212,26.25994694960212,4905.778267996581,1.9134128619461788,0.5072385113121783,60.54005305039787
H1_EMA_21_55,Touch_M15_EMA20,2.5,3.0,London_NY,1578,9403.686580985614,115984.46104213179,106580.77446114644,1.088230608461317,26.29911280101394,4855.2167061941545,1.9368211863723084,0.5444429952141724,64.42648922686945
H1_EMA_21_55,Touch_M15_EMA20,2.5,4.0,24h,1511,2754.438643973952,111448.64184570318,108694.2032017296,1.0253411733361852,20.185307743216413,8487.27528424888,0.3245374459675863,0.1423918558244688,78.6763732627399
H1_EMA_21_55,Touch_M15_EMA20,2.5,4.0,London_NY,1274,4420.101211984436,98965.03878348225,94544.93757149797,1.0467513261473325,20.800627943485086,5564.365663364789,0.7943585090185442,0.24406692707231736,85.43328100470958
H1_EMA_21_55,Touch_M15_EMA20,3.0,1.5,24h,2330,899.2606113989577,144743.31202741363,143844.05141601554,1.0062516357301234,40.08583690987125,9263.872230746867,0.0970717847785405,0.054022719521619016,45.156223175965664
H1_EMA_21_55,Touch_M15_EMA20,3.0,1.5,London_NY,1944,2429.3025582458986,126904.04661516481,124474.74405691949,1.0195164294303305,40.174897119341566,8297.490079170533,0.29277559057819885,0.15713788037857596,47.21553497942387
H1_EMA_21_55,Touch_M15_EMA20,3.0,2.0,24h,1942,6399.145267160511,138778.2109026228,132379.06563546296,1.048339556080426,33.985581874356335,4597.271763392811,1.3919440913012084,0.3539118323863515,57.17765190525232
H1_EMA_21_55,Touch_M15_EMA20,3.0,2.0,London_NY,1622,5985.321118164822,121098.86509486615,115113.54397670183,1.0519949339703738,33.908754623921084,5629.983457728113,1.0631152228252017,0.35789550759117006,60.79038224414303
H1_EMA_21_55,Touch_M15_EMA20,3.0,3.0,24h,1368,6069.780880302017,112741.6961181642,106671.91523786243,1.0569013958994462,25.730994152046783,6407.901754324224,0.9472337612239398,0.32452897742963877,87.59283625730994
H1_EMA_21_55,Touch_M15_EMA20,3.0,3.0,London_NY,1211,4597.648046875599,104092.36204310846,99494.71399623301,1.0462099729946408,26.01156069364162,5839.5013741629145,0.7873357247963088,0.25322282241198946,89.80346820809248
H1_EMA_21_55,Touch_M15_EMA20,3.0,4.0,24h,1128,1736.2838448665743,98094.00386439738,96357.72001953104,1.0180191462034844,19.148936170212767,11523.267037527348,0.1506763523931269,0.08510961958554246,109.3767730496454
H1_EMA_21_55,Touch_M15_EMA20,3.0,4.0,London_NY,988,1009.6552699501799,88617.94501953131,87608.2897495812,1.0115246544914425,19.939271255060728,10579.627995953779,0.09543391037343908,0.05307378370424724,115.9827935222672
H1_EMA_21_55,Touch_M15_EMA50,1.5,1.5,24h,4422,-19756.560290525536,109622.10827811147,129378.66856863795,0.8472966176797125,38.12754409769335,21991.674481199312,-0.8983654385851985,-2.000304944528672,10.274988692899141
H1_EMA_21_55,Touch_M15_EMA50,1.5,1.5,London_NY,3169,-11072.027376010088,86610.54696655311,97682.5743425637,0.8866529936323952,39.12906279583465,14860.470040456235,-0.7450657580727617,-1.2722246161123774,11.22183654149574
H1_EMA_21_55,Touch_M15_EMA50,1.5,2.0,24h,3892,-19301.585367255564,108865.22853655159,128166.81390380833,0.8494026278772682,31.654676258992804,20307.31436941801,-0.9504745441043138,-1.7979410874752209,13.540853031860227
H1_EMA_21_55,Touch_M15_EMA50,1.5,2.0,London_NY,2847,-10333.508271134338,88120.83558524027,98454.34385637507,0.8950426373648959,32.59571478749561,13584.05922328273,-0.7607084231069142,-1.0748607572336566,14.72813487881981
H1_EMA_21_55,Touch_M15_EMA50,1.5,3.0,24h,3317,-7815.918035015292,113159.3932809013,120975.31131591758,0.9353924536337367,24.96231534519144,13351.33583809857,-0.5854034479989828,-0.6290425352430005,19.1368706662647
H1_EMA_21_55,Touch_M15_EMA50,1.5,3.0,London_NY,2503,-1856.392503137824,93990.6897757395,95847.08227887796,0.9806317265064254,25.769077107471034,9387.169126673132,-0.19775850185366164,-0.16427965002961228,20.696364362764683
H1_EMA_21_55,Touch_M15_EMA50,1.5,4.0,24h,2917,605.0541242339605,113154.98311941969,112549.92899518655,1.0053758729981874,20.397668837847103,10716.902845980949,0.05645792753088807,0.043076163171666876,24.70689064106959
H1_EMA_21_55,Touch_M15_EMA50,1.5,4.0,London_NY,2217,4703.207679967544,94979.55557338183,90276.34789341464,1.0520978948497126,21.10960757780785,6473.105067660909,0.7265767557928846,0.36513414100766567,27.19124943617501
H1_EMA_21_55,Touch_M15_EMA50,2.0,1.5,24h,3143,-13613.404021343438,111147.98727329822,124761.39129464238,0.8908844805265589,39.0391345847916,17115.303428430645,-0.7953936708320276,-1.1794359051209666,18.8380528157811
H1_EMA_21_55,Touch_M15_EMA50,2.0,1.5,London_NY,2400,-7851.068725584928,90823.06427525145,98674.13300083656,0.9204343784250069,39.5,12368.956323241215,-0.6347397889046471,-0.7619752868018768,20.1675
H1_EMA_21_55,Touch_M15_EMA50,2.0,2.0,24h,2771,-7870.295835657207,113322.68816266768,121192.98399832545,0.9350598064672909,33.381450739805125,13225.681347655049,-0.5950767774283805,-0.6243052122478487,24.05665824612053
H1_EMA_21_55,Touch_M15_EMA50,2.0,2.0,London_NY,2176,45.84513811484885,97223.098402623,97177.25326450847,1.0004717682026856,34.1452205882353,8992.872907365134,0.005097941290519277,0.003973458893863595,25.317095588235293
H1_EMA_21_55,Touch_M15_EMA50,2.0,3.0,24h,2284,1750.5537179140038,112831.75032087055,111081.19660295706,1.0157592263267614,25.788091068301227,9336.114634485632,0.18750345153730533,0.12001469753636132,34.17732049036778
H1_EMA_21_55,Touch_M15_EMA50,2.0,3.0,London_NY,1816,6337.88814174188,97863.95970284613,91526.07156110444,1.069246806222972,26.54185022026432,5573.314034597433,1.1371848243967957,0.4709554616434632,36.808370044052865
H1_EMA_21_55,Touch_M15_EMA50,2.0,4.0,24h,1942,1505.4162806928662,103701.22689034612,102195.81060965362,1.0147307044360416,20.23686920700309,12751.28401925137,0.11805997564010415,0.09297972525187996,45.05870236869207
H1_EMA_21_55,Touch_M15_EMA50,2.0,4.0,London_NY,1587,8644.360232980604,94798.02259347105,86153.66236049059,1.1003365381823245,21.48708254568368,5433.844273158158,1.5908369468152772,0.5659953288359345,48.14807813484562
H1_EMA_21_55,Touch_M15_EMA50,2.5,1.5,24h,2410,-9760.38241141074,110086.14635532942,119846.52876674064,0.9185593232290605,39.66804979253112,13004.528785922512,-0.7505371837829616,-0.7585710434092355,28.764315352697096
H1_EMA_21_55,Touch_M15_EMA50,2.5,1.5,London_NY,1935,-2993.8316606785174,95071.13122645808,98064.96288713696,0.9694709346484484,39.94832041343669,10838.844172013678,-0.2762131840965763,-0.2551386480090352,29.891989664082686
H1_EMA_21_55,Touch_M15_EMA50,2.5,2.0,24h,2110,-3344.3824375687045,112496.70668596553,115841.08912353474,0.9711295666945715,33.74407582938389,9648.79673200244,-0.34661134755552425,-0.23459922471150627,36.334123222748815
H1_EMA_21_55,Touch_M15_EMA50,2.5,2.0,London_NY,1718,3222.6471784327623,98858.86270228807,95636.21552385566,1.0336969333299115,34.80791618160652,6545.0818394244325,0.4923769110144784,0.24760657152667573,37.89406286379511
H1_EMA_21_55,Touch_M15_EMA50,2.5,3.0,24h,1666,3715.837534878019,106804.57697579534,103088.73944091768,1.0360450380422712,26.17046818727491,9236.645964703526,0.4022929480113822,0.228977017008567,53.6578631452581
H1_EMA_21_55,Touch_M15_EMA50,2.5,3.0,London_NY,1375,5766.67920793868,94167.87828892314,88401.1990809846,1.065233042853363,26.618181818181817,6205.086045618871,0.9293471783538392,0.38252721578582605,57.727999999999994
H1_EMA_21_55,Touch_M15_EMA50,2.5,4.0,24h,1365,335.0096609939819,90019.96695731039,89684.95729631663,1.0037354052573935,20.65934065934066,8525.287187848204,0.039295997144999276,0.020079861047166175,72.37582417582418
H1_EMA_21_55,Touch_M15_EMA50,2.5,4.0,London_NY,1192,1640.119083078116,84653.88579799118,83013.76671491322,1.0197571938725596,21.140939597315437,5408.865556988837,0.3032279256708286,0.10228267718961412,73.83221476510067
H1_EMA_21_55,Touch_M15_EMA50,3.0,1.5,24h,1936,-5953.857254463434,110314.71530412955,116268.5725585936,0.9487922047768876,40.23760330578512,8771.397691126476,-0.6787809040384308,-0.42009422012377384,40.145144628099175
H1_EMA_21_55,Touch_M15_EMA50,3.0,1.5,London_NY,1580,117.74707031315938,96238.75212751131,96121.0050571986,1.0012249879226984,40.822784810126585,6588.713551547923,0.017871025867484618,0.009116306198218896,42.743037974683546
H1_EMA_21_55,Touch_M15_EMA50,3.0,2.0,24h,1645,94.3826206759195,108807.0293526786,108712.64673200315,1.0008681843696448,34.46808510638298,8440.69610770026,0.011181852713523985,0.0061328124368934716,52.39574468085107
H1_EMA_21_55,Touch_M15_EMA50,3.0,2.0,London_NY,1356,3584.0831926624014,95691.77588588177,92107.69269321965,1.038911876824442,34.95575221238938,6062.272363280738,0.591211179222372,0.2525674308666824,56.12979351032448
H1_EMA_21_55,Touch_M15_EMA50,3.0,3.0,24h,1279,529.908436802958,98543.99056570877,98014.08212890604,1.005406452065794,25.41047693510555,9344.870410155754,0.05670580902085788,0.03000997845278845,76.5426114151681
H1_EMA_21_55,Touch_M15_EMA50,3.0,3.0,London_NY,1071,4356.216441127656,88522.28062569765,84166.06418457003,1.0517573975132632,26.330532212885153,5801.829624720939,0.7508349474045758,0.26536279003796825,82.68067226890757
H1_EMA_21_55,Touch_M15_EMA50,3.0,4.0,24h,1026,-4678.551049804294,79460.84584960948,84139.3968994138,0.9443952390650318,19.883040935672515,11305.657732281912,-0.4138238712503447,-0.27000694877913967,103.52046783625731
H1_EMA_21_55,Touch_M15_EMA50,3.0,4.0,London_NY,908,-386.6961879181554,77151.46767578136,77538.1638636995,0.9950128276367506,20.26431718061674,8449.08470982104,-0.04576781997092156,-0.022441061465137288,107.33920704845816
H1_EMA_21_55,RSI_Mild_Oversold(40/60),1.5,1.5,24h,4757,-13603.733255438734,129295.55084228529,142899.2840977255,0.9048019495595448,38.89005675846121,20587.645670861184,-0.6607716818583506,-1.217124173030042,11.907925162917806
H1_EMA_21_55,RSI_Mild_Oversold(40/60),1.5,1.5,London_NY,3073,-8253.929176547228,93689.03333391495,101942.96251046266,0.9190338501718489,39.0497884803124,14310.77393798676,-0.5767632982195225,-0.8549383533210354,13.690205011389521
H1_EMA_21_55,RSI_Mild_Oversold(40/60),1.5,2.0,24h,4312,-14670.448465399924,131970.26422642302,146640.7126918242,0.8999565114209983,32.18923933209648,19635.629875835093,-0.747134090333122,-1.1811157424436372,15.742578849721706
H1_EMA_21_55,RSI_Mild_Oversold(40/60),1.5,2.0,London_NY,2851,-7224.405759973665,99275.42692522347,106499.83268519757,0.9321650975609633,32.65520869870221,13108.953445869207,-0.5511046926671453,-0.6597345731737678,18.063135741844967
H1_EMA_21_55,RSI_Mild_Oversold(40/60),1.5,3.0,24h,3694,-6020.575894599353,135808.09609723763,141828.6719918383,0.9575503612207049,24.796968056307527,14346.17582310114,-0.41966416478073776,-0.41430401504899506,22.570655116404982
H1_EMA_21_55,RSI_Mild_Oversold(40/60),1.5,3.0,London_NY,2533,-4136.341966028482,103096.28913051065,107232.63109653968,0.9614264620411564,24.634820371101462,10328.218483188008,-0.4004893944450833,-0.3191250070035242,26.095933675483614
H1_EMA_21_55,RSI_Mild_Oversold(40/60),1.5,4.0,24h,3178,-67.19463588020426,130700.32752511174,130767.52216099271,0.9994861519529425,19.855254877281308,11581.266755020984,-0.005802010894108147,-0.004145216587020553,29.666456891126497
H1_EMA_21_55,RSI_Mild_Oversold(40/60),1.5,4.0,London_NY,2249,4035.8012852270276,105707.59089704257,101671.7896118159,1.039694405897992,20.40907069808804,6271.242122976147,0.6435409773832421,0.27089543915833236,34.352156514006225
H1_EMA_21_55,RSI_Mild_Oversold(40/60),2.0,1.5,24h,3596,-15830.128773715049,134387.1834193639,150217.31219308026,0.8946184794375147,38.51501668520579,20601.897952705003,-0.7683820592673392,-1.1789061185755283,21.03642936596218
H1_EMA_21_55,RSI_Mild_Oversold(40/60),2.0,1.5,London_NY,2487,-9011.42982352022,103119.96965332048,112131.39947684154,0.9196350900321887,38.92239646160032,14481.894095283566,-0.6222549180535055,-0.7594908002035523,23.7848813831926
H1_EMA_21_55,RSI_Mild_Oversold(40/60),2.0,2.0,24h,3126,-15910.40085100317,131936.68150809154,147847.08235909572,0.8923861019295566,32.11772232885477,18937.77590680665,-0.8401409399550781,-1.0934277117527835,27.892514395393473
H1_EMA_21_55,RSI_Mild_Oversold(40/60),2.0,2.0,London_NY,2240,-9132.554338726715,104274.15523856037,113406.70957728794,0.9194707758229804,32.589285714285715,13147.018359374011,-0.694648329308453,-0.7009242665004495,31.432589285714286
H1_EMA_21_55,RSI_Mild_Oversold(40/60),2.0,3.0,24h,2516,-5913.059123882836,127959.41554129479,133872.47466517842,0.9558306579550988,24.562798092209857,12734.423932755664,-0.46433660094142004,-0.35641982305303743,40.162559618441975
H1_EMA_21_55,RSI_Mild_Oversold(40/60),2.0,3.0,London_NY,1874,-592.0243373317608,106377.9632184711,106969.98755580345,0.9944655098980588,25.240128068303093,8724.409640066235,-0.06785838374815997,-0.03861484594241415,45.296691568836714
H1_EMA_21_55,RSI_Mild_Oversold(40/60),2.0,4.0,24h,2122,-2982.826464842814,118275.87477678574,121258.70124162915,0.9754011346460028,19.41564561734213,12822.251994976794,-0.2326289068418993,-0.16643815541205148,51.498114985862394
H1_EMA_21_55,RSI_Mild_Oversold(40/60),2.0,4.0,London_NY,1629,3720.4119768422042,103622.20583844866,99901.79386160699,1.0372406924143476,20.319214241866174,7539.182107979297,0.4934768683866391,0.21889981404571715,57.76672805402087
H1_EMA_21_55,RSI_Mild_Oversold(40/60),2.5,1.5,24h,2654,-11605.440030342095,129785.64482421883,141391.0848545616,0.9179195771623054,39.11077618688772,15773.904331750993,-0.7357366816902601,-0.7880552143371453,34.12207987942728
H1_EMA_21_55,RSI_Mild_Oversold(40/60),2.5,1.5,London_NY,1942,-4841.409651401185,104781.6089032856,109623.01855468708,0.9558358297807109,40.01029866117405,9702.513631765358,-0.4989850914046382,-0.36641075467774886,38.32801235839341
H1_EMA_21_55,RSI_Mild_Oversold(40/60),2.5,2.0,24h,2272,-867.8964808862438,132971.88836844327,133839.78484932997,0.9935154073815664,33.274647887323944,12058.1632638106,-0.07197584423914763,-0.052965101432735716,43.962147887323944
H1_EMA_21_55,RSI_Mild_Oversold(40/60),2.5,2.0,London_NY,1709,4127.654330009177,110105.36242675793,105977.7080967491,1.038948326059671,33.937975424224696,7167.844452775647,0.5758571293230004,0.2765022045925377,49.36044470450556
H1_EMA_21_55,RSI_Mild_Oversold(40/60),2.5,3.0,24h,1771,129.3133213596211,119172.05885881705,119042.74553745787,1.00108627636884,24.675324675324674,12024.007622418441,0.010754594093779504,0.007205344793649034,62.75268210050818
H1_EMA_21_55,RSI_Mild_Oversold(40/60),2.5,3.0,London_NY,1373,3277.7459333153874,102093.19720633379,98815.45127301871,1.0331703786309587,25.20029133284778,8323.222530691393,0.3938073169651409,0.19595313060434813,70.88201019664967
H1_EMA_21_55,RSI_Mild_Oversold(40/60),2.5,4.0,24h,1436,3662.678520857219,106014.59698660726,102351.91846575036,1.035785147711545,19.91643454038997,8924.2538800914,0.4104184585142827,0.1897310139361523,81.84888579387187
H1_EMA_21_55,RSI_Mild_Oversold(40/60),2.5,4.0,London_NY,1127,8057.049773298482,95425.28191266743,87368.23213936918,1.0922194437956088,20.851818988464952,5080.480451311196,1.5858834317961166,0.43760454858261716,93.66637089618456
H1_EMA_21_55,RSI_Mild_Oversold(40/60),3.0,1.5,24h,2055,-3198.2792794354864,129535.34236188614,132733.62164132216,0.9759045278815753,40.583941605839414,9969.135253905475,-0.32081812494042944,-0.1978553671377428,48.934793187347935
H1_EMA_21_55,RSI_Mild_Oversold(40/60),3.0,1.5,London_NY,1593,-732.782334681282,107143.33891950335,107876.12125418504,0.9932071868531956,40.48964218455744,7452.955690219839,-0.09832103733594949,-0.04995310977095679,53.36785938480854
H1_EMA_21_55,RSI_Mild_Oversold(40/60),3.0,2.0,24h,1717,-2068.0862653451686,123385.1173758372,125453.2036411828,0.9835150780903079,33.663366336633665,10502.941095842001,-0.19690544262539006,-0.11993025328275483,63.457192778101344
H1_EMA_21_55,RSI_Mild_Oversold(40/60),3.0,2.0,London_NY,1368,-2048.66839076389,103759.61406250011,105808.28245326426,0.9806379203663093,33.47953216374269,8229.64037039572,-0.2489377783910842,-0.12913936142864116,68.96345029239765
H1_EMA_21_55,RSI_Mild_Oversold(40/60),3.0,3.0,24h,1316,688.4385044648843,110286.58853236616,109598.15002790157,1.0062814792429373,24.544072948328267,10107.359922572063,0.06811259416293691,0.035593340839388046,89.85030395136778
H1_EMA_21_55,RSI_Mild_Oversold(40/60),3.0,3.0,London_NY,1089,-65.97995605422511,95934.31461007266,96000.29456612695,0.9993127108999771,24.793388429752067,7656.739554268525,-0.008617239176882046,-0.0036845108213037266,96.95224977043159
H1_EMA_21_55,RSI_Mild_Oversold(40/60),3.0,4.0,24h,990,6048.9988316131885,97866.08688616079,91817.08805454765,1.0658809700871748,20.1010101010101,8291.215628487344,0.7295671832282057,0.29040853755560664,124.96363636363637
H1_EMA_21_55,RSI_Mild_Oversold(40/60),3.0,4.0,London_NY,850,6283.197457450117,89660.38853236615,83377.19107491597,1.0753587087361172,20.58823529411765,5878.1104736327015,1.0689144897215703,0.3129222771139659,133.5470588235294
H1_EMA_21_55,RSI_Deep_Oversold(30/70),1.5,1.5,24h,2411,-9243.756502858787,64064.771170480424,73308.5276733391,0.8739061225721432,38.57320613853173,13447.923775807873,-0.6873742487660313,-1.1600703626843318,11.697221070095395
H1_EMA_21_55,RSI_Deep_Oversold(30/70),1.5,1.5,London_NY,1418,-4632.548962401665,43834.262777274256,48466.81173967587,0.9044181204391186,38.928067700987306,8387.900657435071,-0.5522894406594282,-0.6890481671273674,14.299717912552891
H1_EMA_21_55,RSI_Deep_Oversold(30/70),1.5,2.0,24h,2317,-9902.267740303096,69105.47450125593,79007.74224155894,0.8746671217356429,32.0673284419508,14783.493130927922,-0.6698192134027499,-1.0909704092270625,15.42641346568839
H1_EMA_21_55,RSI_Deep_Oversold(30/70),1.5,2.0,London_NY,1378,-4237.662688336385,48392.52614397345,52630.188832309774,0.9194822822726638,32.438316400580554,9469.728124999288,-0.4474957076274778,-0.5443311035593987,18.915820029027575
H1_EMA_21_55,RSI_Deep_Oversold(30/70),1.5,3.0,24h,2157,-9537.757652063792,74030.11748918823,83567.87514125204,0.885868132509742,24.01483541956421,14138.8305385034,-0.6745789636625327,-0.8804661754231607,21.698655540101992
H1_EMA_21_55,RSI_Deep_Oversold(30/70),1.5,3.0,London_NY,1317,-3337.6851335792007,53418.9525059293,56756.637639508386,0.9411930432740132,24.677296886864085,8364.383333913971,-0.39903541006380294,-0.3546321650839816,26.881548974943055
H1_EMA_21_55,RSI_Deep_Oversold(30/70),1.5,4.0,24h,1991,-5797.676215470615,75807.96636439754,81605.64257986812,0.928954959091262,19.437468608739326,11624.480460029681,-0.49874712555160605,-0.47434301495093,27.94525364138624
H1_EMA_21_55,RSI_Deep_Oversold(30/70),1.5,4.0,London_NY,1238,1427.5885323666516,58230.03872767875,56802.450195312,1.0251325167745067,20.436187399030693,4770.626433454056,0.29924550837929287,0.12832257762978871,34.57754442649435
H1_EMA_21_55,RSI_Deep_Oversold(30/70),2.0,1.5,24h,2075,-11829.022391182172,73678.62175641776,85507.64414760002,0.8616612291321762,37.83132530120482,16055.34673549,-0.7367653023048311,-1.1943202601637632,20.621204819277107
H1_EMA_21_55,RSI_Deep_Oversold(30/70),2.0,1.5,London_NY,1270,-4444.796892438067,53349.76926967101,57794.56616210894,0.9230931696940047,38.58267716535433,9517.457714843142,-0.46701514475930844,-0.5180817615259288,24.979527559055118
H1_EMA_21_55,RSI_Deep_Oversold(30/70),2.0,2.0,24h,1952,-13089.311572264756,77502.74315011188,90592.05472237684,0.8555136914337831,31.352459016393443,15456.818491907474,-0.8468309037281998,-1.178661799588961,26.914446721311478
H1_EMA_21_55,RSI_Deep_Oversold(30/70),2.0,2.0,London_NY,1213,-5640.868150111073,56691.73473772341,62332.60288783438,0.9095037285662282,31.986809563066778,8815.001911271764,-0.6399168380097663,-0.5833269261100329,32.99670239076669
H1_EMA_21_55,RSI_Deep_Oversold(30/70),2.0,3.0,24h,1737,-9474.800446427756,79937.32866908501,89412.129115513,0.8940322689980087,23.43120322394934,14013.33756975352,-0.6761273250762351,-0.7331630922028666,37.359240069084635
H1_EMA_21_55,RSI_Deep_Oversold(30/70),2.0,3.0,London_NY,1107,-292.7076032360901,63009.0882952011,63301.79589843706,0.9953759984360382,24.570912375790424,5391.057924106587,-0.054295021006400705,-0.024656495729080505,46.056007226738934
H1_EMA_21_55,RSI_Deep_Oversold(30/70),2.0,4.0,24h,1582,-8994.864236885502,78329.71584821442,87324.58008510002,0.8969950473495563,18.710493046776232,14051.022426059477,-0.6401572756871655,-0.6353944001408539,46.35018963337548
H1_EMA_21_55,RSI_Deep_Oversold(30/70),2.0,4.0,London_NY,1018,-148.5134486602983,62491.15101143988,62639.664460100015,0.9976290829470401,19.74459724950884,5763.638392856654,-0.025767308518931914,-0.011358724482073793,58.13261296660117
H1_EMA_21_55,RSI_Deep_Oversold(30/70),2.5,1.5,24h,1730,-12595.026192800648,78697.52632184736,91292.55251464814,0.862036651995464,37.80346820809248,15600.881790596253,-0.8073278396604834,-1.0982686429640205,33.00867052023121
H1_EMA_21_55,RSI_Deep_Oversold(30/70),2.5,1.5,London_NY,1096,-5366.123777552551,58144.94246303039,63511.066240582804,0.9155088381412888,38.41240875912409,9191.651675850502,-0.583804082964885,-0.5354758527799325,40.60401459854015
H1_EMA_21_55,RSI_Deep_Oversold(30/70),2.5,2.0,24h,1598,-5737.617356653913,86357.37184709846,92094.98920375244,0.9376989192760533,32.35294117647059,10874.00347551537,-0.5276453487966152,-0.43624479958343193,41.51063829787234
H1_EMA_21_55,RSI_Deep_Oversold(30/70),2.5,2.0,London_NY,1024,2596.3655552459636,66565.3510498049,63968.9854945588,1.0405878807546032,33.7890625,4067.1313284733696,0.6383776046446304,0.22222314569735838,51.171875
H1_EMA_21_55,RSI_Deep_Oversold(30/70),2.5,3.0,24h,1369,-5102.057523018369,83824.91769321999,88926.97521623854,0.9426264357849553,24.25127830533236,11231.21741768904,-0.45427466438168007,-0.34870025833165225,57.803506208911614
H1_EMA_21_55,RSI_Deep_Oversold(30/70),2.5,3.0,London_NY,904,2731.013957868679,67434.17356828973,64703.15961042099,1.0422083554236334,25.553097345132745,4063.9342808310384,0.6720123331596324,0.20412525867546957,71.84623893805309
H1_EMA_21_55,RSI_Deep_Oversold(30/70),2.5,4.0,24h,1161,-3157.70477992417,77642.45424804701,80800.1590279712,0.9609195722148138,19.29371231696813,10852.726435197537,-0.2909595850203235,-0.19750173818883254,75.55124892334194
H1_EMA_21_55,RSI_Deep_Oversold(30/70),2.5,4.0,London_NY,787,960.0607857843461,62653.006333705445,61692.94554792099,1.0155619216631295,19.949174078780178,6370.040808105083,0.15071501340506147,0.06571583366574545,92.8310038119441
H1_EMA_21_55,RSI_Deep_Oversold(30/70),3.0,1.5,24h,1502,-7822.132617186868,86653.28569335946,94475.41831054653,0.9172045728183469,39.48069241011984,11130.7498883921,-0.7027498322771871,-0.5972156253899064,45.35153129161119
H1_EMA_21_55,RSI_Deep_Oversold(30/70),3.0,1.5,London_NY,987,-1349.596283830494,65737.83945835673,67087.43574218717,0.9798830247586618,39.918946301925025,5444.488413783202,-0.2478830298203725,-0.11684981975452996,54.740628166160086
H1_EMA_21_55,RSI_Deep_Oversold(30/70),3.0,2.0,24h,1344,-8515.314358955831,86157.44767717656,94672.76203613247,0.9100552875418805,32.44047619047619,13729.182760183461,-0.6202346132102944,-0.5944518469782278,57.706845238095234
H1_EMA_21_55,RSI_Deep_Oversold(30/70),3.0,2.0,London_NY,901,-866.8704031803645,68189.12852957612,69055.99893275634,0.9874468486941397,33.18534961154273,6362.138818358915,-0.13625455651468632,-0.06678208406693754,69.56270810210877
H1_EMA_21_55,RSI_Deep_Oversold(30/70),3.0,3.0,24h,1118,-4532.774661690362,84277.41319405707,88810.18785574746,0.9489610958930423,24.77638640429338,10581.36728166795,-0.42837324714579395,-0.28024728689422335,80.16994633273703
H1_EMA_21_55,RSI_Deep_Oversold(30/70),3.0,3.0,London_NY,777,-1600.901450892491,66253.28297642311,67854.18442731554,0.9764067394751861,24.453024453024454,8054.558251952792,-0.19875720068252778,-0.11030467567785997,96.12998712998713
H1_EMA_21_55,RSI_Deep_Oversold(30/70),3.0,4.0,24h,917,-4815.493840680402,73889.25053013403,78704.7443708144,0.93881571080401,20.065430752453654,9733.313825334368,-0.49474350946605544,-0.2919216688770325,107.3206106870229
H1_EMA_21_55,RSI_Deep_Oversold(30/70),3.0,4.0,London_NY,663,1307.9334681922737,63853.20548270098,62545.27201450858,1.0209117879907694,19.90950226244344,6593.743903459529,0.1983597615166768,0.0810504134059577,126.37405731523378
H1_EMA_50_200,Touch_M15_EMA20,1.5,1.5,24h,6613,-25248.72738559988,171489.79686104925,196738.52424665293,0.8716635316733945,38.81748071979435,28717.15341273383,-0.8792211060307957,-2.034718174622154,10.802358989868441
H1_EMA_50_200,Touch_M15_EMA20,1.5,1.5,London_NY,4604,-13059.74024047653,132131.69867728127,145191.43891775943,0.9100515819815274,39.24847958297133,17273.255017959375,-0.756067123822235,-1.2009848718337375,12.022371850564726
H1_EMA_50_200,Touch_M15_EMA20,1.5,2.0,24h,5546,-19955.894154573507,166498.49617745553,186454.39033203208,0.8929717121756171,32.329606923909125,24993.461753624608,-0.7984445832790433,-1.4849249878690858,14.571042192571223
H1_EMA_50_200,Touch_M15_EMA20,1.5,2.0,London_NY,3999,-8660.354153876606,132597.3025285996,141257.65668247748,0.938691081550752,32.93323330832708,14721.441519599048,-0.5882816667339843,-0.7229577823787424,16.113278319579898
H1_EMA_50_200,Touch_M15_EMA20,1.5,3.0,24h,4356,-8945.976752578978,157332.46207449786,166278.43882707888,0.9461988167817453,24.839302112029383,15710.713832308047,-0.5694188595162472,-0.5896414130512884,21.449035812672175
H1_EMA_50_200,Touch_M15_EMA20,1.5,3.0,London_NY,3268,-218.7537963852301,130317.55697370278,130536.31077008892,0.9983241919807936,25.58139534883721,8378.992583355212,-0.026107410193891616,-0.015865032126353835,23.52141982864137
H1_EMA_50_200,Touch_M15_EMA20,1.5,4.0,24h,3635,-4843.508675709772,143664.66376953153,148508.1724452427,0.9673855748410274,19.86244841815681,12944.027964562865,-0.37418867519213855,-0.2971510285501851,27.901513067400273
H1_EMA_50_200,Touch_M15_EMA20,1.5,4.0,London_NY,2753,2566.8561366503145,120655.82658342645,118088.97044677696,1.0217366289750691,20.377769705775517,6805.311901854155,0.37718420164562283,0.17160277148161754,31.233926625499457
H1_EMA_50_200,Touch_M15_EMA20,2.0,1.5,24h,4383,-15931.267023575267,165023.92646135623,180955.19348493288,0.9119601558995699,39.12845083276295,21263.0850864934,-0.7492453215876479,-1.111069016586496,20.00684462696783
H1_EMA_50_200,Touch_M15_EMA20,2.0,1.5,London_NY,3326,-5424.790412247434,135861.26360560858,141286.05401785654,0.9616042046756975,40.04810583283223,11976.066060963762,-0.4529693126802007,-0.42114601700086207,21.584185207456404
H1_EMA_50_200,Touch_M15_EMA20,2.0,2.0,24h,3595,-9568.036725723812,157722.90593610503,167290.94266183005,0.9428060086608137,32.82336578581363,14635.4363281231,-0.6537582147337899,-0.6227828491838923,26.846453407510435
H1_EMA_50_200,Touch_M15_EMA20,2.0,2.0,London_NY,2805,-134.19070870400446,133303.62242606046,133437.81313476502,0.9989943577045209,34.01069518716577,7185.0225585927,-0.018676449184355494,-0.009611835543538042,28.87807486631016
H1_EMA_50_200,Touch_M15_EMA20,2.0,3.0,24h,2793,-4392.767424663915,142549.2244001118,146941.99182477646,0.970105431605263,24.704618689581096,12119.534626114635,-0.36245347368359965,-0.2574099845033886,38.22878625134265
H1_EMA_50_200,Touch_M15_EMA20,2.0,3.0,London_NY,2214,3366.4050362733906,123425.70329241085,120059.29825613821,1.0280395195138543,25.338753387533874,7795.039320590948,0.43186504876003384,0.21245872953076664,41.6449864498645
H1_EMA_50_200,Touch_M15_EMA20,2.0,4.0,24h,2108,-4613.067647878502,117405.64596121659,122018.71360909578,0.9621937692061088,19.924098671726757,11493.523995534662,-0.4013623367098481,-0.2657550251580271,54.505692599620495
H1_EMA_50_200,Touch_M15_EMA20,2.0,4.0,London_NY,1750,914.7065080923649,104222.42594866085,103307.71944056884,1.0088541932107815,20.057142857142857,7341.62532784543,0.12459182636616607,0.05581726730195326,58.28971428571429
H1_EMA_50_200,Touch_M15_EMA20,2.5,1.5,24h,3092,-5543.975896343451,157060.7282435827,162604.70413992726,0.9659051936678673,40.07115135834411,14539.136989047021,-0.38131395972952,-0.35057299663200114,32.13583441138422
H1_EMA_50_200,Touch_M15_EMA20,2.5,1.5,London_NY,2478,4367.773320662396,135352.0651628768,130984.29184221503,1.0333457795528889,41.44471347861178,6800.823374719756,0.6422418404363252,0.3037171149114709,33.99515738498789
H1_EMA_50_200,Touch_M15_EMA20,2.5,2.0,24h,2551,-9118.515823799027,143637.5152518139,152756.03107561363,0.9403066722826406,32.77146217169737,14927.460888670614,-0.6108551140616044,-0.5450751050232515,41.85652685221482
H1_EMA_50_200,Touch_M15_EMA20,2.5,2.0,London_NY,2089,-1033.1471836624596,125178.51235002802,126211.65953369119,0.9918141700419733,33.60459550023935,8938.698078263573,-0.11558139391404058,-0.0672537624356026,44.44853997127812
H1_EMA_50_200,Touch_M15_EMA20,2.5,3.0,24h,1832,-218.4983572814681,122448.48745291594,122666.98581019763,0.9982187680259808,25.655021834061134,8226.627793665353,-0.026559893404891326,-0.012319973826701974,63.46724890829694
H1_EMA_50_200,Touch_M15_EMA20,2.5,3.0,London_NY,1547,3137.062233189925,109927.0043561664,106789.94212297675,1.0293760083658168,25.72721396250808,7826.621527971063,0.40081946239237176,0.18631256412237598,67.3109243697479
H1_EMA_50_200,Touch_M15_EMA20,2.5,4.0,24h,1396,1022.3366542277972,105533.70479213173,104511.3681379042,1.0097820617263238,20.845272206303726,6522.151918247135,0.1567483657299654,0.0539617645782381,87.41833810888252
H1_EMA_50_200,Touch_M15_EMA20,2.5,4.0,London_NY,1208,6560.869119699275,97574.3893415179,91013.52022181876,1.0720867526462985,21.44039735099338,5297.5569632393435,1.2384707073895138,0.3630772205827351,92.58526490066225
H1_EMA_50_200,Touch_M15_EMA20,3.0,1.5,24h,2341,-8201.395174733887,143950.2798357282,152151.6750104632,0.9460972403085868,39.68389577103802,12615.940842981512,-0.65008193021898,-0.48610550248900347,45.93421614694575
H1_EMA_50_200,Touch_M15_EMA20,3.0,1.5,London_NY,1955,-1218.3704398009913,126530.18825160459,127748.55869140622,0.9904627460984138,40.46035805626598,7650.063938685327,-0.1592627786599088,-0.07875057972430234,47.84245524296675
H1_EMA_50_200,Touch_M15_EMA20,3.0,2.0,24h,1927,-3486.1449811654575,135332.35383649572,138818.4988176617,0.9748870286679513,33.419823559937726,9758.875683592774,-0.35722813715380963,-0.19351506462620868,58.8012454592631
H1_EMA_50_200,Touch_M15_EMA20,3.0,2.0,London_NY,1610,3892.4194510331,119848.94264787956,115956.523196847,1.0335679213529438,34.285714285714285,6058.9678850445935,0.6424228556551348,0.2349553809521369,62.43229813664596
H1_EMA_50_200,Touch_M15_EMA20,3.0,3.0,24h,1317,1765.9004638677707,110921.61867327025,109155.71820940266,1.016177809947436,25.968109339407746,6951.86609933031,0.25401819290476324,0.09314014996638723,92.52619589977222
H1_EMA_50_200,Touch_M15_EMA20,3.0,3.0,London_NY,1195,5585.276872907912,104041.00732421895,98455.73045131119,1.0567288145373095,26.359832635983263,5434.797345842355,1.0276881578998847,0.31084379480190966,92.52468619246861
H1_EMA_50_200,Touch_M15_EMA20,3.0,4.0,24h,1045,585.7453613285797,95019.14410574781,94433.39874441939,1.00620273514579,20.19138755980861,9294.887064034094,0.06301801810966375,0.028788977114769774,120.40478468899522
H1_EMA_50_200,Touch_M15_EMA20,3.0,4.0,London_NY,953,4749.767993164436,90622.78261718753,85873.01462402323,1.0553115319633317,20.88142707240294,8004.826967075671,0.5933629811987835,0.24522962217817973,122.84260230849948
H1_EMA_50_200,Touch_M15_EMA50,1.5,1.5,24h,4636,-21349.722863767565,114378.04898332906,135727.77184709776,0.8427018835333131,38.1578947368421,23178.663259449342,-0.9210937932352002,-2.116902709349684,10.411345987920622
H1_EMA_50_200,Touch_M15_EMA50,1.5,1.5,London_NY,3258,-9981.782421873602,90493.76652134511,100475.54894321934,0.900654611725335,39.41068139963168,13553.05531964814,-0.7364968404875327,-1.1229388439983379,11.58563535911602
H1_EMA_50_200,Touch_M15_EMA50,1.5,2.0,24h,4064,-18274.807121929058,114995.52358398467,133270.33070591473,0.8628741519201543,32.08661417322835,20649.615455843435,-0.8849950334914177,-1.663052890924138,13.736712598425196
H1_EMA_50_200,Touch_M15_EMA50,1.5,2.0,London_NY,2907,-7037.5780343179285,93304.36476004493,100341.94279436338,0.9298640445028958,33.47093223254214,10979.39702322678,-0.6409803761927926,-0.7133243148217072,15.295493636050912
H1_EMA_50_200,Touch_M15_EMA50,1.5,3.0,24h,3406,-10576.78716866476,114228.63304094604,124805.42020961162,0.9152537834422432,24.838520258367588,12932.218711633344,-0.8178633074887818,-0.8476004293455203,19.825308279506753
H1_EMA_50_200,Touch_M15_EMA50,1.5,3.0,London_NY,2524,-2837.827124022273,94619.3754411971,97457.20256521997,0.9708812991823386,25.673534072900157,7540.688560266858,-0.37633527778554016,-0.2492799394919908,21.990095087163233
H1_EMA_50_200,Touch_M15_EMA50,1.5,4.0,24h,2932,-6974.07221853941,108469.75274832598,115443.82496686617,0.9395890406391001,19.815825375170533,10714.487574984569,-0.6509011438700981,-0.5054443197032934,26.2274897680764
H1_EMA_50_200,Touch_M15_EMA50,1.5,4.0,London_NY,2197,2006.930528042325,92992.37832031268,90985.44779227073,1.0220577089714828,20.892125625853435,6309.726252092332,0.3180693500572736,0.1571884191899349,29.627674101046882
H1_EMA_50_200,Touch_M15_EMA50,2.0,1.5,24h,3298,-16903.461865232974,115199.34442661857,132102.80629185232,0.8720431280779211,39.05397210430564,19382.59606235887,-0.8720948324388604,-1.4344087930665312,18.760157671315948
H1_EMA_50_200,Touch_M15_EMA50,2.0,1.5,London_NY,2457,-7242.26387764961,94601.45404924691,101843.71792689683,0.9288884574810161,40.08954008954009,11980.129767716388,-0.6045229908248403,-0.6879992648626505,20.479853479853478
H1_EMA_50_200,Touch_M15_EMA50,2.0,2.0,24h,2867,-11934.073988558943,114869.04004603818,126803.11403459778,0.9058850085865917,33.44959888385071,13431.51932198515,-0.8885125876284793,-0.9425905132529349,24.345657481688175
H1_EMA_50_200,Touch_M15_EMA50,2.0,2.0,London_NY,2195,-2116.3582589275184,97380.78563755595,99497.14389648395,0.9787294571879386,34.441913439635535,7074.596191405311,-0.2991489834428445,-0.1835593798202576,26.34214123006834
H1_EMA_50_200,Touch_M15_EMA50,2.0,3.0,24h,2324,-8808.463546315934,107835.73421456486,116644.19776088117,0.9244843402809154,24.655765920826163,11449.188699775592,-0.7693526395008742,-0.6159251894702035,35.42168674698795
H1_EMA_50_200,Touch_M15_EMA50,2.0,3.0,London_NY,1812,1161.0883998334248,94349.78355887295,93188.69515903965,1.0124595413408433,25.88300220750552,6566.7580217630475,0.17681303254748149,0.0877394865346939,39.0060706401766
H1_EMA_50_200,Touch_M15_EMA50,2.0,4.0,24h,1948,-2863.4508789053325,102098.64644949796,104962.09732840354,0.9727191914816025,20.277207392197127,8614.50335518891,-0.33239883494624733,-0.18186032581363915,46.9799794661191
H1_EMA_50_200,Touch_M15_EMA50,2.0,4.0,London_NY,1560,6235.54157366141,92120.04709123893,85884.50551757755,1.072603801303661,21.73076923076923,5435.479150390398,1.147192621135075,0.4203160954465639,51.40512820512821
H1_EMA_50_200,Touch_M15_EMA50,2.5,1.5,24h,2510,-13454.453260148226,113132.05314854227,126586.5064086911,0.8937133692851083,39.64143426294821,15272.698159352889,-0.880948023706526,-1.0261921044155309,28.735059760956176
H1_EMA_50_200,Touch_M15_EMA50,2.5,1.5,London_NY,1962,-3234.5483494341206,97388.30732334695,100622.85567278162,0.9678547351115417,40.72375127420999,8703.611549594416,-0.3716328941156443,-0.27191735429450503,30.722222222222225
H1_EMA_50_200,Touch_M15_EMA50,2.5,2.0,24h,2152,-8144.4962472088155,112797.38265904023,120941.8789062497,0.9326577665167347,33.317843866171,10016.970213098793,-0.8130698278965213,-0.5683144658575563,37.590148698884754
H1_EMA_50_200,Touch_M15_EMA50,2.5,2.0,London_NY,1731,2336.759148298829,99891.58362862734,97554.82448032887,1.0239532915029708,35.008665511265164,4386.438045827968,0.532723618545432,0.17803425981209164,39.73194685153091
H1_EMA_50_200,Touch_M15_EMA50,2.5,3.0,24h,1699,-3531.421179198469,104709.85374232713,108241.27492152591,0.9673745419041024,25.309005297233668,7954.037581960641,-0.4439784377191724,-0.22086197988443831,54.70629782224838
H1_EMA_50_200,Touch_M15_EMA50,2.5,3.0,London_NY,1394,3072.679415458194,93899.30882219596,90826.62940673793,1.0338301601141446,26.25538020086083,6389.1351039339,0.48092259209956173,0.20541779685957356,58.73027259684362
H1_EMA_50_200,Touch_M15_EMA50,2.5,4.0,24h,1354,-231.7014526361454,92261.02414899562,92492.72560163203,0.9974949224262851,20.901033973412112,6076.912032645034,-0.03812815643725801,-0.013733600301066878,75.8042836041359
H1_EMA_50_200,Touch_M15_EMA50,2.5,4.0,London_NY,1161,8888.782734026721,89368.86995675234,80480.08722272566,1.1104469818655551,22.22222222222222,3978.2400251115396,2.234350536397688,0.5388408264007856,78.8182601205857
H1_EMA_50_200,Touch_M15_EMA50,3.0,1.5,24h,1974,-11610.13333740141,109935.22597481878,121545.35931222071,0.9044790076470275,39.41236068895643,13685.132153319275,-0.848375682991517,-0.812847255605215,41.363728470111454
H1_EMA_50_200,Touch_M15_EMA50,3.0,1.5,London_NY,1601,-1246.6979352671615,97672.48210100464,98919.18003627211,0.9873968027756567,40.66208619612742,5788.213410295284,-0.21538562020704097,-0.09527249685587552,44.02061211742661
H1_EMA_50_200,Touch_M15_EMA50,3.0,2.0,24h,1656,-7634.259092493701,105719.2961495536,113353.55524204769,0.9326509073650809,32.85024154589372,9571.252615791625,-0.7976238219747669,-0.4971088975544198,54.19565217391304
H1_EMA_50_200,Touch_M15_EMA50,3.0,2.0,London_NY,1352,851.0013637003567,94263.45632672995,93412.45496302989,1.009110148791581,34.09763313609467,5134.193718610309,0.16575170520264287,0.06025313238272336,58.69230769230769
H1_EMA_50_200,Touch_M15_EMA50,3.0,3.0,24h,1266,-2402.46054338672,96713.282045201,99115.74258858785,0.975761059942223,25.355450236966824,6463.9485491065025,-0.3716707404360152,-0.1388408773346664,80.56398104265402
H1_EMA_50_200,Touch_M15_EMA50,3.0,3.0,London_NY,1077,5213.071850586401,90179.29024135055,84966.21839076423,1.0613546412835642,26.555246053853296,5174.897757393846,1.007376782108982,0.31828152572380786,85.1355617455896
H1_EMA_50_200,Touch_M15_EMA50,3.0,4.0,24h,976,1192.3026576455322,84102.5412318639,82910.2385742185,1.0143806443950598,20.901639344262296,5328.085735212001,0.22377692794353868,0.06510029219090406,113.57479508196722
H1_EMA_50_200,Touch_M15_EMA50,3.0,4.0,London_NY,848,9197.52175990551,81176.6695661273,71979.14780622185,1.1277803647337765,21.933962264150942,5075.093341936234,1.8122862261281092,0.518130486521432,120.24292452830188
H1_EMA_50_200,RSI_Mild_Oversold(40/60),1.5,1.5,24h,4906,-21432.050142994507,134225.44178815573,155657.49193115204,0.8623127619679508,38.198124745209945,25690.83709280591,-0.8342293427642352,-1.8209193527793959,12.11394211169996
H1_EMA_50_200,RSI_Mild_Oversold(40/60),1.5,1.5,London_NY,3203,-14177.775755962663,97943.57150268584,112121.34725864923,0.8735497199899219,38.401498595067125,16596.464767018584,-0.8542648060891573,-1.3872816175654354,13.923821417421168
H1_EMA_50_200,RSI_Mild_Oversold(40/60),1.5,2.0,24h,4475,-19340.180533271043,139471.9706821988,158812.15121547136,0.8782197685425694,32.134078212290504,23855.34288504246,-0.8107274176049479,-1.4760301182547346,15.846033519553073
H1_EMA_50_200,RSI_Mild_Oversold(40/60),1.5,2.0,London_NY,2982,-11008.697942242043,105284.49655761744,116293.19449986004,0.905336696703642,32.562038900067066,15046.450388879766,-0.7316475087292438,-0.9493597305261479,18.12877263581489
H1_EMA_50_200,RSI_Mild_Oversold(40/60),1.5,3.0,24h,3777,-8584.90378766567,143583.51794084813,152168.42172851536,0.9435828821108259,25.099285146942016,15551.104860140724,-0.552044620936855,-0.562124925636956,23.307386814932485
H1_EMA_50_200,RSI_Mild_Oversold(40/60),1.5,3.0,London_NY,2639,-6189.70453927059,110021.17782679971,116210.88236607099,0.946737307098544,24.93368700265252,11977.98730468624,-0.5167566454882571,-0.4525302169578065,26.65289882531262
H1_EMA_50_200,RSI_Mild_Oversold(40/60),1.5,4.0,24h,3251,-7425.371772110711,134739.58042689736,142164.95219900896,0.947769322485916,19.993848046754845,13522.937503486228,-0.5490945861575152,-0.4473718493198204,30.557674561673334
H1_EMA_50_200,RSI_Mild_Oversold(40/60),1.5,4.0,London_NY,2335,-2901.63472202742,107656.86913364961,110558.50385567744,0.9737547576999087,20.385438972162742,8216.387163433727,-0.35315214148389673,-0.19304216270712174,35.26295503211991
H1_EMA_50_200,RSI_Mild_Oversold(40/60),2.0,1.5,24h,3727,-22112.46761300064,139664.45586635065,161776.92347935276,0.8633150690628365,38.2881674268849,26249.759919082888,-0.8423874230150752,-1.5804286342812455,20.94311778910652
H1_EMA_50_200,RSI_Mild_Oversold(40/60),2.0,1.5,London_NY,2582,-14307.01023297886,107519.6119907925,121826.6222237721,0.8825625304894331,38.729666924864446,17291.858136856987,-0.827384201266605,-1.1509402051177517,23.5286599535244
H1_EMA_50_200,RSI_Mild_Oversold(40/60),2.0,2.0,24h,3228,-17377.886077007504,140072.65265066962,157450.53872767865,0.8896295546688141,32.558859975216855,21630.044573101004,-0.8034142517957887,-1.1450140978503476,28.105018587360597
H1_EMA_50_200,RSI_Mild_Oversold(40/60),2.0,2.0,London_NY,2334,-11718.025034876195,110771.01941964301,122489.04445451993,0.9043340970854923,32.819194515852615,14589.261000277831,-0.8031952430389067,-0.8583275739263425,31.451156812339335
H1_EMA_50_200,RSI_Mild_Oversold(40/60),2.0,3.0,24h,2595,-11761.288678849336,132992.055796596,144753.34447544612,0.9187494512028691,24.70134874759152,16302.14943498755,-0.7214563162822779,-0.6883109038694235,40.58805394990366
H1_EMA_50_200,RSI_Mild_Oversold(40/60),2.0,3.0,London_NY,1938,-7864.731326729083,107807.5786272322,115672.30995396178,0.9320085219197248,24.922600619195048,11067.879750278065,-0.7105906012876126,-0.5072546533871869,45.76934984520123
H1_EMA_50_200,RSI_Mild_Oversold(40/60),2.0,4.0,24h,2125,-5120.487234932032,122487.73193359372,127608.2191685265,0.9598733743931465,20.0,12976.894001114952,-0.3945849626645705,-0.28027709660655636,53.818823529411766
H1_EMA_50_200,RSI_Mild_Oversold(40/60),2.0,4.0,London_NY,1640,-4829.214146204598,100775.45430385046,105604.66845005553,0.9542708270658604,20.182926829268293,8591.411411829547,-0.5620978806293964,-0.2905912784749118,60.484756097560975
H1_EMA_50_200,RSI_Mild_Oversold(40/60),2.5,1.5,24h,2767,-14232.554322159765,138169.45357055677,152402.00789271764,0.9066117663477257,39.32056378749548,20967.330325752,-0.6787966851783412,-0.9193231507797986,33.80267437658114
H1_EMA_50_200,RSI_Mild_Oversold(40/60),2.5,1.5,London_NY,2049,-7306.567598178473,112097.08729335255,119403.6548915314,0.9388078396359284,40.26354319180088,11536.100638252292,-0.6333654522699631,-0.523705898561362,37.349926793557835
H1_EMA_50_200,RSI_Mild_Oversold(40/60),2.5,2.0,24h,2323,-5513.573777551896,138200.60605119995,143714.17982875262,0.9616351442556152,33.10374515712441,14990.783183941327,-0.3677975800129133,-0.32213261740328347,44.804132587171765
H1_EMA_50_200,RSI_Mild_Oversold(40/60),2.5,2.0,London_NY,1788,-461.4771065839068,115946.45606515082,116407.93317173513,0.9960356902316657,33.89261744966443,7091.891976491951,-0.06507108513688604,-0.029417561158876712,49.3831096196868
H1_EMA_50_200,RSI_Mild_Oversold(40/60),2.5,3.0,24h,1750,98.29864502035434,122721.82600272047,122623.5273577007,1.0008016295660214,25.6,8314.016029575056,0.011823244587294663,0.005414669743525416,66.26171428571429
H1_EMA_50_200,RSI_Mild_Oversold(40/60),2.5,3.0,London_NY,1397,-1099.6099993017888,103646.6235857283,104746.23358503038,0.989502152376587,26.055833929849676,6587.46028180799,-0.16692472550285958,-0.06563459774815235,73.2183249821045
H1_EMA_50_200,RSI_Mild_Oversold(40/60),2.5,4.0,24h,1387,4066.4622837618463,109336.6420270648,105270.17974330345,1.0386288148616942,20.83633741888969,7521.252547781655,0.5406629092598709,0.20919744049722677,88.31723143475125
H1_EMA_50_200,RSI_Mild_Oversold(40/60),2.5,4.0,London_NY,1150,816.1107962477836,95120.40924246657,94304.29844621907,1.0086540148189844,20.956521739130434,6672.04052385597,0.12231802150028444,0.04462269953640339,96.11043478260869
H1_EMA_50_200,RSI_Mild_Oversold(40/60),3.0,1.5,24h,2090,-13367.528703961078,130736.22109026232,144103.74979422396,0.9072367740391899,39.569377990430624,17656.548856025733,-0.7570861561317561,-0.8010058140420283,49.72392344497608
H1_EMA_50_200,RSI_Mild_Oversold(40/60),3.0,1.5,London_NY,1646,-9448.492159597577,109033.52625209269,118482.01841169063,0.9202537879902825,39.732685297691376,12408.676203263794,-0.7614423976275879,-0.6222245597078053,53.88882138517618
H1_EMA_50_200,RSI_Mild_Oversold(40/60),3.0,2.0,24h,1744,-9733.574857002583,125003.96115373894,134737.53601074193,0.9277589961551103,32.62614678899082,15851.19720633285,-0.6140592871504896,-0.5482549815764832,64.56422018348624
H1_EMA_50_200,RSI_Mild_Oversold(40/60),3.0,2.0,London_NY,1404,-8442.735693358834,105136.26305803577,113578.99875139477,0.9256664014811512,32.62108262108262,11299.173291015002,-0.7471994167991405,-0.5193306053623796,70.48931623931624
H1_EMA_50_200,RSI_Mild_Oversold(40/60),3.0,3.0,24h,1277,-2655.7318603510175,109087.22471749446,111742.9565778458,0.9762335636922116,25.215348472983557,9402.433405412397,-0.28245154693914426,-0.13925362502615557,95.77290524667188
H1_EMA_50_200,RSI_Mild_Oversold(40/60),3.0,3.0,London_NY,1071,-4908.846076310988,94224.59319196436,99133.43926827546,0.9504824395023082,25.210084033613445,9802.781612722774,-0.5007605259653979,-0.2748415254197884,103.4827264239029
H1_EMA_50_200,RSI_Mild_Oversold(40/60),3.0,4.0,24h,986,2070.3485037671717,97689.69087611607,95619.34237234913,1.0216519843412524,20.385395537525355,8408.069035992976,0.2462335281625893,0.09915416430633041,129.38539553752534
H1_EMA_50_200,RSI_Mild_Oversold(40/60),3.0,4.0,London_NY,861,109.2360944478778,88414.78551897324,88305.54942452551,1.0012370241186381,20.673635307781648,7621.161077008903,0.014333261473427613,0.00547234160594677,137.09639953542393
H1_EMA_50_200,RSI_Deep_Oversold(30/70),1.5,1.5,24h,2506,-11312.6230233317,69469.38434797067,80782.00737130232,0.859961105307338,38.62729449321628,16036.072933522752,-0.705448464236099,-1.3110597162338238,12.353950518754989
H1_EMA_50_200,RSI_Deep_Oversold(30/70),1.5,1.5,London_NY,1498,-6736.900411550641,48045.971639578944,54782.87205112945,0.8770254249309367,38.851802403204275,10850.163519286387,-0.6209031227571514,-0.909611377999403,15.24365821094793
H1_EMA_50_200,RSI_Deep_Oversold(30/70),1.5,2.0,24h,2405,-11760.395237512901,75119.36294294108,86879.75818045413,0.864635957974399,32.266112266112266,16794.34906005742,-0.7002590690152473,-1.1967812242533717,16.065696465696465
H1_EMA_50_200,RSI_Deep_Oversold(30/70),1.5,2.0,London_NY,1463,-5606.095724050637,53577.806110491314,59183.901834541786,0.9052766791259687,32.535885167464116,11292.913532365317,-0.496425985020044,-0.6538000416877118,19.59876965140123
H1_EMA_50_200,RSI_Deep_Oversold(30/70),1.5,3.0,24h,2234,-8753.071029226112,81964.5162022184,90717.5872314447,0.9035129648356399,25.11190689346464,14978.819613210359,-0.5843632045282436,-0.7491657802272808,22.80841539838854
H1_EMA_50_200,RSI_Deep_Oversold(30/70),1.5,3.0,London_NY,1400,-3914.745657783925,59631.81328648178,63546.55894426553,0.9383956311274504,25.071428571428573,9980.399508230254,-0.3922433820966448,-0.3774810073961359,28.145714285714284
H1_EMA_50_200,RSI_Deep_Oversold(30/70),1.5,4.0,24h,2070,-9805.870108467261,80748.68486328144,90554.55497174883,0.8917131213164636,20.193236714975846,15100.840645925353,-0.6493592203499724,-0.7769074348865252,29.3768115942029
H1_EMA_50_200,RSI_Deep_Oversold(30/70),1.5,4.0,London_NY,1320,-4774.583966935766,59511.81886858278,64286.402835518405,0.9257294893423768,20.227272727272727,9025.842107281725,-0.5289904155407065,-0.42394736293350055,36.03484848484848
H1_EMA_50_200,RSI_Deep_Oversold(30/70),2.0,1.5,24h,2147,-11590.797656249102,80809.54767020114,92400.3453264506,0.8745589357345024,38.70517000465766,16080.493247766753,-0.7207986395478773,-1.0837962363482616,21.2081974848626
H1_EMA_50_200,RSI_Deep_Oversold(30/70),2.0,1.5,London_NY,1339,-4259.893355886671,59577.600784738046,63837.49414062458,0.933269727873362,39.50709484690067,9333.32473144466,-0.45641756592211735,-0.4528988801606506,25.450336071695297
H1_EMA_50_200,RSI_Deep_Oversold(30/70),2.0,2.0,24h,2010,-10080.574497766946,86290.0158621654,96370.59035993279,0.8953978131697893,32.885572139303484,14601.146986606094,-0.6903960700494314,-0.8432083258121742,27.820895522388057
H1_EMA_50_200,RSI_Deep_Oversold(30/70),2.0,2.0,London_NY,1280,-4354.902553012824,64162.866224888596,68517.76877790136,0.9364412672699679,33.4375,8597.419070869953,-0.5065360333275183,-0.4108826619184897,33.8640625
H1_EMA_50_200,RSI_Deep_Oversold(30/70),2.0,3.0,24h,1788,-10588.649260601853,87263.12488141753,97851.77414201979,0.8917888883114767,24.440715883668904,14936.76681082496,-0.708898344247301,-0.7745798542353198,39.35123042505593
H1_EMA_50_200,RSI_Deep_Oversold(30/70),2.0,3.0,London_NY,1167,-3677.4947474883156,66892.49090401802,70569.98565150626,0.9478886850615401,25.19280205655527,7372.890143693695,-0.49878604940747867,-0.2989880307150375,48.22793487574979
H1_EMA_50_200,RSI_Deep_Oversold(30/70),2.0,4.0,24h,1570,-5977.228969028286,85398.63557477688,91375.86454380541,0.9345863483878387,20.318471337579616,12908.080440847489,-0.4630610257210209,-0.4082502374261133,51.31528662420382
H1_EMA_50_200,RSI_Deep_Oversold(30/70),2.0,4.0,London_NY,1049,-1279.9864606579922,66350.2964913506,67630.2829520085,0.9810737674783025,20.972354623450904,5630.305203682933,-0.22733873464278967,-0.09670282503835395,63.4280266920877
H1_EMA_50_200,RSI_Deep_Oversold(30/70),2.5,1.5,24h,1801,-12391.887819997839,85960.19042707203,98352.07824707002,0.8740048198181601,38.92282065519156,16551.81916852588,-0.7486722573408511,-1.0200833607275035,33.80566352026652
H1_EMA_50_200,RSI_Deep_Oversold(30/70),2.5,1.5,London_NY,1162,-7151.001749092677,63436.12715366936,70587.12890276196,0.8986925540073525,39.1566265060241,10840.02637154656,-0.6596849033377797,-0.6680414515705114,40.74354561101549
H1_EMA_50_200,RSI_Deep_Oversold(30/70),2.5,2.0,24h,1634,-4615.175041851967,93978.717177037,98593.89221888914,0.9531900512497675,33.53733170134639,11605.860450961758,-0.3976590155768688,-0.33288742013058653,43.7313341493268
H1_EMA_50_200,RSI_Deep_Oversold(30/70),2.5,2.0,London_NY,1080,796.033857073603,72070.65616280712,71274.62230573347,1.011168545427839,34.25925925925926,5800.224363490156,0.13724190775865217,0.0643726132479859,52.854629629629635
H1_EMA_50_200,RSI_Deep_Oversold(30/70),2.5,3.0,24h,1348,1114.1947335385566,93109.2475463868,91995.05281284847,1.0121114636001678,26.55786350148368,7823.035353305695,0.14242486237362376,0.071749069701595,64.4473293768546
H1_EMA_50_200,RSI_Deep_Oversold(30/70),2.5,3.0,London_NY,937,2730.5570016047704,72996.27512555814,70265.71812395335,1.0388604439619888,27.001067235859125,4991.735546874917,0.5470155572072001,0.1956044041305192,77.04375667022413
H1_EMA_50_200,RSI_Deep_Oversold(30/70),2.5,4.0,24h,1123,7302.669944545723,90195.9115792411,82893.24163469554,1.088097289966387,22.350845948352628,6570.122593470929,1.1114967552968897,0.4267761543276829,86.82724844167409
H1_EMA_50_200,RSI_Deep_Oversold(30/70),2.5,4.0,London_NY,793,3414.6333060131974,68827.6023646764,65412.969058663155,1.0522011667587043,22.06809583858764,6506.825809151716,0.524777119622687,0.2247850302270938,104.44766708701135
H1_EMA_50_200,RSI_Deep_Oversold(30/70),3.0,1.5,24h,1530,-10535.549264089726,90872.12079031815,101407.67005440829,0.8961069783139924,39.93464052287582,14614.988985769338,-0.7208728842935308,-0.7700164764359522,47.51307189542484
H1_EMA_50_200,RSI_Deep_Oversold(30/70),3.0,1.5,London_NY,1021,-4113.195615931457,69360.70324358271,73473.8988595142,0.944018274791758,40.45053868756121,8041.727200752846,-0.5114816149876844,-0.3383779186973833,57.248775710088154
H1_EMA_50_200,RSI_Deep_Oversold(30/70),3.0,2.0,24h,1370,-10216.000767298492,91614.48131277913,101830.48208007788,0.8996763978858014,32.77372262773723,15051.874400110995,-0.6787195066697579,-0.6778285805996355,60.511678832116786
H1_EMA_50_200,RSI_Deep_Oversold(30/70),3.0,2.0,London_NY,942,-4850.297656249584,71423.47452566982,76273.77218191928,0.9364093643529116,33.12101910828026,9765.612437220587,-0.4966711189318955,-0.35761030602318317,71.70912951167728
H1_EMA_50_200,RSI_Deep_Oversold(30/70),3.0,3.0,24h,1089,-3766.082407923659,88401.08578055256,92167.16818847635,0.9591385687339077,25.711662075298438,10166.73429478217,-0.3704318711128813,-0.2263579045188596,89.5684113865932
H1_EMA_50_200,RSI_Deep_Oversold(30/70),3.0,3.0,London_NY,785,-2563.57542201418,69791.71942313071,72355.29484514477,0.9645696223406919,25.605095541401273,9401.197460937412,-0.2726860522466423,-0.1709126077123881,105.3859872611465
H1_EMA_50_200,RSI_Deep_Oversold(30/70),3.0,4.0,24h,894,1647.1365513396586,84119.30214146212,82472.16559012247,1.0199720298303518,21.812080536912752,8202.753724888356,0.20080287749490822,0.09016551761062876,119.63758389261744
H1_EMA_50_200,RSI_Deep_Oversold(30/70),3.0,4.0,London_NY,669,1352.74402553041,68091.80260184158,66739.0585763111,1.0202691505452346,21.524663677130047,8457.11284179685,0.15995340854917547,0.08150136609596066,137.8071748878924
