total_trades,net_profit,pf,win_rate,max_dd,mcr,pos_months,total_months,fisher_period,tp_mult,sl_mult,profit_lock
872,-4100.09,0.818,31.31,4615.29,36.11,26,72,8,3.0,1.5,200.0
911,-3393.15,0.857,31.94,4108.27,34.72,25,72,8,3.0,1.5,250.0
998,-3760.76,0.861,32.26,4475.88,30.56,22,72,8,3.0,1.5,300.0
661,-1694.01,0.915,39.33,2046.89,40.28,29,72,8,3.0,2.0,200.0
734,-1164.35,0.951,39.78,2794.9,37.5,27,72,8,3.0,2.0,250.0
785,-887.36,0.965,40.51,2591.88,36.11,26,72,8,3.0,2.0,300.0
840,-3542.31,0.836,28.45,4291.73,34.72,25,72,8,3.5,1.5,200.0
869,-3086.92,0.865,28.77,3836.34,33.33,24,72,8,3.5,1.5,250.0
907,-2155.99,0.912,29.11,2905.41,33.33,24,72,8,3.5,1.5,300.0
674,-1960.6,0.907,36.65,2106.67,40.28,29,72,8,3.5,2.0,200.0
688,-1590.88,0.928,36.92,2217.21,38.89,28,72,8,3.5,2.0,250.0
709,45.29,1.002,38.08,2030.91,40.28,29,72,8,3.5,2.0,300.0
731,-2261.28,0.889,25.85,2827.13,40.28,29,72,8,4.0,1.5,200.0
784,-2297.36,0.899,26.4,2711.06,37.5,27,72,8,4.0,1.5,250.0
808,-1521.36,0.937,26.86,2126.66,37.5,27,72,8,4.0,1.5,300.0
559,-1229.33,0.936,33.27,2239.11,44.44,32,72,8,4.0,2.0,200.0
601,-507.27,0.976,34.11,2265.42,44.44,32,72,8,4.0,2.0,250.0
630,-609.59,0.974,34.13,2500.0,41.67,30,72,8,4.0,2.0,300.0
711,-262.87,0.986,25.88,1380.75,40.28,29,72,8,4.5,1.5,200.0
725,487.48,1.024,26.34,1303.36,40.28,29,72,8,4.5,1.5,250.0
747,1425.39,1.067,26.77,1257.45,40.28,29,72,8,4.5,1.5,300.0
575,-353.36,0.982,32.52,2326.21,40.28,29,72,8,4.5,2.0,200.0
613,407.24,1.019,33.44,2250.1,40.28,29,72,8,4.5,2.0,250.0
642,770.49,1.033,33.64,2206.32,38.89,28,72,8,4.5,2.0,300.0
823,-1947.37,0.914,32.81,2361.95,41.67,30,72,10,3.0,1.5,200.0
891,-972.67,0.96,33.45,2161.7,38.89,28,72,10,3.0,1.5,250.0
944,-960.54,0.963,33.69,2266.21,36.11,26,72,10,3.0,1.5,300.0
675,-1932.81,0.903,39.11,2667.6,43.06,31,72,10,3.0,2.0,200.0
742,-1542.21,0.934,39.76,2758.61,40.28,29,72,10,3.0,2.0,250.0
792,-2048.9,0.919,39.65,2922.9,37.5,27,72,10,3.0,2.0,300.0
855,-1269.76,0.946,30.18,2510.11,43.06,31,72,10,3.5,1.5,200.0
847,195.4,1.008,31.05,2183.52,44.44,32,72,10,3.5,1.5,250.0
888,1127.01,1.045,31.19,1789.62,43.06,31,72,10,3.5,1.5,300.0
642,-1400.92,0.935,35.83,2214.31,37.5,27,72,10,3.5,2.0,200.0
671,-1351.23,0.94,36.07,2338.61,36.11,26,72,10,3.5,2.0,250.0
684,-42.72,0.998,36.7,1734.16,36.11,26,72,10,3.5,2.0,300.0
655,-338.96,0.982,27.33,1694.51,44.44,32,72,10,4.0,1.5,200.0
706,-405.4,0.981,27.62,1588.24,41.67,30,72,10,4.0,1.5,250.0
766,-328.36,0.986,27.55,1448.62,40.28,29,72,10,4.0,1.5,300.0
538,-1802.43,0.904,33.83,2881.49,40.28,29,72,10,4.0,2.0,200.0
609,-1669.14,0.924,34.98,2549.56,36.11,26,72,10,4.0,2.0,250.0
611,-2079.28,0.91,34.37,2690.99,34.72,25,72,10,4.0,2.0,300.0
683,350.32,1.018,26.21,1631.53,44.44,32,72,10,4.5,1.5,200.0
716,869.38,1.041,26.68,1325.46,43.06,31,72,10,4.5,1.5,250.0
730,1191.41,1.053,26.71,1228.83,41.67,30,72,10,4.5,1.5,300.0
507,-582.12,0.967,32.35,2077.1,44.44,32,72,10,4.5,2.0,200.0
551,-364.22,0.982,33.21,1931.45,41.67,30,72,10,4.5,2.0,250.0
569,324.54,1.015,33.74,1659.57,40.28,29,72,10,4.5,2.0,300.0
861,-2652.63,0.886,32.64,3462.87,38.89,28,72,14,3.0,1.5,200.0
923,-2517.31,0.901,32.83,3462.87,36.11,26,72,14,3.0,1.5,250.0
967,-2889.84,0.896,33.09,3151.2,31.94,23,72,14,3.0,1.5,300.0
709,-1878.08,0.915,39.77,2698.13,34.72,25,72,14,3.0,2.0,200.0
741,-2002.34,0.915,39.68,2901.18,31.94,23,72,14,3.0,2.0,250.0
784,-2977.38,0.885,39.8,3388.91,27.78,20,72,14,3.0,2.0,300.0
783,-1570.41,0.926,30.27,2592.87,38.89,28,72,14,3.5,1.5,200.0
825,-595.49,0.974,30.79,2770.46,37.5,27,72,14,3.5,1.5,250.0
888,160.32,1.006,31.08,2770.46,34.72,25,72,14,3.5,1.5,300.0
591,-678.71,0.966,36.04,2158.72,44.44,32,72,14,3.5,2.0,200.0
682,-2697.76,0.889,34.9,3175.52,37.5,27,72,14,3.5,2.0,250.0
699,-1727.04,0.931,35.48,2582.98,36.11,26,72,14,3.5,2.0,300.0
780,-1845.91,0.914,27.69,2268.72,36.11,26,72,14,4.0,1.5,200.0
801,-1546.14,0.931,27.84,2313.1,36.11,26,72,14,4.0,1.5,250.0
812,-986.74,0.957,28.08,2174.05,36.11,26,72,14,4.0,1.5,300.0
517,-1103.11,0.94,32.5,1667.18,41.67,30,72,14,4.0,2.0,200.0
580,-875.66,0.958,33.28,2150.01,40.28,29,72,14,4.0,2.0,250.0
643,-1375.4,0.943,33.44,2165.55,36.11,26,72,14,4.0,2.0,300.0
719,-1609.5,0.922,26.01,2216.78,36.11,26,72,14,4.5,1.5,200.0
737,-794.36,0.963,26.59,2105.4,36.11,26,72,14,4.5,1.5,250.0
789,-1667.16,0.928,26.36,2756.15,33.33,24,72,14,4.5,1.5,300.0
531,-3419.21,0.825,30.13,3465.0,34.72,25,72,14,4.5,2.0,200.0
556,-3320.27,0.838,30.4,3366.06,33.33,24,72,14,4.5,2.0,250.0
627,-4146.75,0.828,30.46,4192.53,29.17,21,72,14,4.5,2.0,300.0
871,-1172.9,0.947,34.1,2351.56,41.67,30,72,20,3.0,1.5,200.0
926,-1631.59,0.932,33.59,2160.35,37.5,27,72,20,3.0,1.5,250.0
1009,-1303.37,0.952,33.99,2030.67,34.72,25,72,20,3.0,1.5,300.0
691,-1032.69,0.953,40.52,1904.76,44.44,32,72,20,3.0,2.0,200.0
721,-1016.58,0.958,40.64,2034.07,41.67,30,72,20,3.0,2.0,250.0
776,-812.91,0.969,41.11,1831.06,40.28,29,72,20,3.0,2.0,300.0
900,-1168.29,0.95,32.22,1667.3,43.06,31,72,20,3.5,1.5,200.0
909,-650.73,0.972,32.45,1513.41,43.06,31,72,20,3.5,1.5,250.0
987,-1791.7,0.933,31.81,2668.28,37.5,27,72,20,3.5,1.5,300.0
664,-1029.37,0.951,38.86,1605.5,41.67,30,72,20,3.5,2.0,200.0
736,-1586.19,0.934,37.91,1872.81,37.5,27,72,20,3.5,2.0,250.0
749,-1292.02,0.949,38.05,1622.78,36.11,26,72,20,3.5,2.0,300.0
793,-763.97,0.963,29.0,1956.29,40.28,29,72,20,4.0,1.5,200.0
885,-75.36,0.997,29.72,1754.84,38.89,28,72,20,4.0,1.5,250.0
903,254.73,1.01,29.9,1593.91,38.89,28,72,20,4.0,1.5,300.0
580,-783.35,0.961,34.83,1616.77,43.06,31,72,20,4.0,2.0,200.0
635,423.83,1.019,36.22,1436.22,43.06,31,72,20,4.0,2.0,250.0
677,409.47,1.017,36.63,1436.22,43.06,31,72,20,4.0,2.0,300.0
684,683.34,1.037,26.61,2014.24,43.06,31,72,20,4.5,1.5,200.0
744,1197.95,1.057,27.42,2014.24,41.67,30,72,20,4.5,1.5,250.0
788,1401.7,1.061,27.16,1933.28,41.67,30,72,20,4.5,1.5,300.0
533,-1129.99,0.938,32.27,1796.56,41.67,30,72,20,4.5,2.0,200.0
587,-256.27,0.988,33.22,1555.39,40.28,29,72,20,4.5,2.0,250.0
608,199.49,1.009,33.22,1726.61,38.89,28,72,20,4.5,2.0,300.0
