total_trades,net_profit,pf,win_rate,max_dd,mcr,pos_months,total_months,buffer_mult,tp_mult,sl_mult,profit_lock
1190,-1497.2,0.812,36.72,1952.26,34.72,25,72,0.1,2.0,1.2,100.0
1200,-1623.38,0.8,36.58,1975.69,34.72,25,72,0.1,2.0,1.2,150.0
1200,-1623.38,0.8,36.58,1975.69,34.72,25,72,0.1,2.0,1.2,200.0
1193,-1766.55,0.802,40.99,2104.05,37.5,27,72,0.1,2.0,1.5,100.0
1198,-1770.07,0.803,41.07,2152.94,37.5,27,72,0.1,2.0,1.5,150.0
1200,-1804.3,0.8,41.0,2152.94,37.5,27,72,0.1,2.0,1.5,200.0
1179,-1791.7,0.811,46.82,2186.39,30.56,22,72,0.1,2.0,2.0,100.0
1194,-1786.37,0.815,46.9,2248.37,30.56,22,72,0.1,2.0,2.0,150.0
1200,-1845.96,0.811,46.83,2248.37,30.56,22,72,0.1,2.0,2.0,200.0
1177,-1859.85,0.778,31.52,2085.43,30.56,22,72,0.1,2.5,1.2,100.0
1196,-1906.76,0.778,31.44,2091.11,30.56,22,72,0.1,2.5,1.2,150.0
1200,-1920.65,0.778,31.42,2105.0,30.56,22,72,0.1,2.5,1.2,200.0
1186,-2133.29,0.773,35.75,2322.99,25.0,18,72,0.1,2.5,1.5,100.0
1195,-2026.31,0.786,35.98,2282.86,25.0,18,72,0.1,2.5,1.5,150.0
1200,-2097.73,0.78,35.92,2331.76,25.0,18,72,0.1,2.5,1.5,200.0
1176,-2389.27,0.766,41.07,2519.19,26.39,19,72,0.1,2.5,2.0,100.0
1187,-2309.15,0.775,41.2,2497.86,26.39,19,72,0.1,2.5,2.0,150.0
1196,-2289.81,0.779,41.3,2521.21,26.39,19,72,0.1,2.5,2.0,200.0
1173,-1621.44,0.811,29.16,1859.28,30.56,22,72,0.1,3.0,1.2,100.0
1194,-1594.95,0.819,29.23,1819.07,30.56,22,72,0.1,3.0,1.2,150.0
1196,-1562.53,0.823,29.26,1786.66,30.56,22,72,0.1,3.0,1.2,200.0
1176,-2029.92,0.788,33.16,2186.52,26.39,19,72,0.1,3.0,1.5,100.0
1191,-1908.37,0.803,33.42,2098.51,26.39,19,72,0.1,3.0,1.5,150.0
1195,-1826.33,0.812,33.56,2068.17,26.39,19,72,0.1,3.0,1.5,200.0
1157,-2332.9,0.775,38.2,2420.77,33.33,24,72,0.1,3.0,2.0,100.0
1181,-2305.76,0.784,38.27,2432.82,31.94,23,72,0.1,3.0,2.0,150.0
1188,-2143.87,0.799,38.55,2330.8,31.94,23,72,0.1,3.0,2.0,200.0
1172,-1763.18,0.798,27.39,1888.86,30.56,22,72,0.1,3.5,1.2,100.0
1196,-1863.6,0.793,27.26,1989.28,29.17,21,72,0.1,3.5,1.2,150.0
1198,-1818.82,0.798,27.3,1944.5,29.17,21,72,0.1,3.5,1.2,200.0
1171,-2084.53,0.785,31.51,2214.42,29.17,21,72,0.1,3.5,1.5,100.0
1196,-2250.74,0.776,31.35,2380.64,27.78,20,72,0.1,3.5,1.5,150.0
1198,-2210.86,0.781,31.39,2340.76,27.78,20,72,0.1,3.5,1.5,200.0
1163,-2271.53,0.786,36.46,2351.16,31.94,23,72,0.1,3.5,2.0,100.0
1188,-2373.57,0.784,36.45,2455.05,31.94,23,72,0.1,3.5,2.0,150.0
1198,-2335.12,0.789,36.56,2414.75,31.94,23,72,0.1,3.5,2.0,200.0
1166,-1532.93,0.807,37.22,1970.5,30.56,22,72,0.2,2.0,1.2,100.0
1171,-1557.34,0.805,37.23,1970.5,30.56,22,72,0.2,2.0,1.2,150.0
1171,-1557.34,0.805,37.23,1970.5,30.56,22,72,0.2,2.0,1.2,200.0
1161,-1481.69,0.829,41.95,1985.46,33.33,24,72,0.2,2.0,1.5,100.0
1171,-1560.79,0.823,41.84,2023.09,33.33,24,72,0.2,2.0,1.5,150.0
1171,-1560.79,0.823,41.84,2023.09,33.33,24,72,0.2,2.0,1.5,200.0
1157,-1927.55,0.797,46.67,2298.07,27.78,20,72,0.2,2.0,2.0,100.0
1166,-1856.16,0.807,46.83,2325.51,27.78,20,72,0.2,2.0,2.0,150.0
1171,-1902.4,0.803,46.8,2325.51,27.78,20,72,0.2,2.0,2.0,200.0
1150,-1779.13,0.783,31.91,2074.78,27.78,20,72,0.2,2.5,1.2,100.0
1171,-1853.23,0.781,31.77,2104.29,27.78,20,72,0.2,2.5,1.2,150.0
1171,-1853.23,0.781,31.77,2104.29,27.78,20,72,0.2,2.5,1.2,200.0
1151,-1846.67,0.798,36.49,2129.11,26.39,19,72,0.2,2.5,1.5,100.0
1167,-1772.35,0.809,36.59,2106.39,26.39,19,72,0.2,2.5,1.5,150.0
1171,-1860.62,0.802,36.46,2155.29,26.39,19,72,0.2,2.5,1.5,200.0
1151,-2379.14,0.765,40.92,2509.83,29.17,21,72,0.2,2.5,2.0,100.0
1164,-2242.65,0.78,41.15,2432.13,29.17,21,72,0.2,2.5,2.0,150.0
1169,-2286.93,0.778,41.15,2519.09,29.17,21,72,0.2,2.5,2.0,200.0
1141,-1525.47,0.817,29.45,1903.97,31.94,23,72,0.2,3.0,1.2,100.0
1165,-1503.31,0.825,29.53,1845.39,31.94,23,72,0.2,3.0,1.2,150.0
1171,-1543.31,0.822,29.46,1885.39,31.94,23,72,0.2,3.0,1.2,200.0
1139,-1740.28,0.812,33.71,2072.87,26.39,19,72,0.2,3.0,1.5,100.0
1163,-1664.25,0.825,33.88,2036.03,26.39,19,72,0.2,3.0,1.5,150.0
1167,-1582.21,0.834,34.02,2005.7,26.39,19,72,0.2,3.0,1.5,200.0
1132,-2285.59,0.777,38.25,2413.39,30.56,22,72,0.2,3.0,2.0,100.0
1154,-2265.02,0.785,38.39,2432.0,29.17,21,72,0.2,3.0,2.0,150.0
1165,-2082.03,0.803,38.71,2308.89,29.17,21,72,0.2,3.0,2.0,200.0
1141,-1642.81,0.806,27.78,1863.78,26.39,19,72,0.2,3.5,1.2,100.0
1168,-1766.54,0.799,27.57,1914.85,25.0,18,72,0.2,3.5,1.2,150.0
1171,-1822.36,0.794,27.5,1970.67,25.0,18,72,0.2,3.5,1.2,200.0
1138,-1780.76,0.811,31.99,1994.48,30.56,22,72,0.2,3.5,1.5,100.0
1169,-1941.48,0.802,31.82,2131.33,29.17,21,72,0.2,3.5,1.5,150.0
1171,-1990.37,0.798,31.77,2180.22,29.17,21,72,0.2,3.5,1.5,200.0
1129,-2218.4,0.787,36.58,2291.13,30.56,22,72,0.2,3.5,2.0,100.0
1162,-2282.9,0.79,36.57,2380.97,30.56,22,72,0.2,3.5,2.0,150.0
1169,-2305.55,0.789,36.61,2380.97,30.56,22,72,0.2,3.5,2.0,200.0
1129,-1654.18,0.787,36.76,2029.71,31.94,23,72,0.3,2.0,1.2,100.0
1132,-1598.84,0.795,36.84,2029.71,31.94,23,72,0.3,2.0,1.2,150.0
1137,-1626.55,0.794,36.85,2029.71,31.94,23,72,0.3,2.0,1.2,200.0
1123,-1613.27,0.81,41.59,2132.07,37.5,27,72,0.3,2.0,1.5,100.0
1137,-1655.59,0.809,41.6,2169.69,37.5,27,72,0.3,2.0,1.5,150.0
1137,-1655.59,0.809,41.6,2169.69,37.5,27,72,0.3,2.0,1.5,200.0
1120,-1966.36,0.792,46.52,2270.5,31.94,23,72,0.3,2.0,2.0,100.0
1135,-1971.9,0.796,46.61,2297.94,31.94,23,72,0.3,2.0,2.0,150.0
1137,-1946.75,0.798,46.7,2297.94,31.94,23,72,0.3,2.0,2.0,200.0
1114,-1799.87,0.776,31.87,2107.05,29.17,21,72,0.3,2.5,1.2,100.0
1137,-1840.94,0.778,31.84,2118.19,29.17,21,72,0.3,2.5,1.2,150.0
1137,-1840.94,0.778,31.84,2118.19,29.17,21,72,0.3,2.5,1.2,200.0
1114,-1712.53,0.808,36.62,2040.41,30.56,22,72,0.3,2.5,1.5,100.0
1134,-1657.52,0.819,36.68,2012.88,30.56,22,72,0.3,2.5,1.5,150.0
1137,-1725.25,0.813,36.59,2061.77,30.56,22,72,0.3,2.5,1.5,200.0
1118,-2315.4,0.765,41.14,2381.69,26.39,19,72,0.3,2.5,2.0,100.0
1131,-2194.14,0.779,41.38,2286.76,26.39,19,72,0.3,2.5,2.0,150.0
1136,-2238.41,0.776,41.37,2373.73,26.39,19,72,0.3,2.5,2.0,200.0
1107,-1535.38,0.812,29.54,1870.64,29.17,21,72,0.3,3.0,1.2,100.0
1130,-1446.86,0.827,29.73,1835.96,29.17,21,72,0.3,3.0,1.2,150.0
1137,-1513.08,0.822,29.64,1861.94,29.17,21,72,0.3,3.0,1.2,200.0
1101,-1613.26,0.821,33.79,1972.89,30.56,22,72,0.3,3.0,1.5,100.0
1130,-1541.47,0.835,33.98,1930.28,30.56,22,72,0.3,3.0,1.5,150.0
1134,-1459.43,0.844,34.13,1899.94,30.56,22,72,0.3,3.0,1.5,200.0
1094,-2206.76,0.775,38.39,2252.66,27.78,20,72,0.3,3.0,2.0,100.0
1121,-2199.39,0.783,38.54,2277.06,26.39,19,72,0.3,3.0,2.0,150.0
1132,-2016.4,0.802,38.87,2153.95,26.39,19,72,0.3,3.0,2.0,200.0
1106,-1711.93,0.796,28.03,1829.53,26.39,19,72,0.3,3.5,1.2,100.0
1135,-1896.59,0.783,27.75,1953.33,25.0,18,72,0.3,3.5,1.2,150.0
1137,-1936.18,0.779,27.7,1992.93,25.0,18,72,0.3,3.5,1.2,200.0
1106,-1862.88,0.799,32.19,1934.4,27.78,20,72,0.3,3.5,1.5,100.0
1135,-2029.95,0.789,32.07,2106.2,26.39,19,72,0.3,3.5,1.5,150.0
1137,-2078.84,0.785,32.01,2155.1,26.39,19,72,0.3,3.5,1.5,200.0
1091,-2132.28,0.784,36.85,2168.05,29.17,21,72,0.3,3.5,2.0,100.0
1129,-2288.34,0.78,36.76,2324.12,29.17,21,72,0.3,3.5,2.0,150.0
1135,-2284.01,0.782,36.83,2319.78,29.17,21,72,0.3,3.5,2.0,200.0
1095,-1705.23,0.775,35.98,2016.68,29.17,21,72,0.4,2.0,1.2,100.0
1098,-1649.88,0.783,36.07,2016.68,29.17,21,72,0.4,2.0,1.2,150.0
1103,-1677.6,0.781,36.08,2016.68,29.17,21,72,0.4,2.0,1.2,200.0
1093,-1812.88,0.782,40.53,2184.48,34.72,25,72,0.4,2.0,1.5,100.0
1103,-1900.69,0.776,40.44,2233.93,34.72,25,72,0.4,2.0,1.5,150.0
1103,-1900.69,0.776,40.44,2233.93,34.72,25,72,0.4,2.0,1.5,200.0
1087,-1960.93,0.786,46.0,2260.04,31.94,23,72,0.4,2.0,2.0,100.0
1101,-2007.77,0.786,46.05,2325.17,31.94,23,72,0.4,2.0,2.0,150.0
1103,-1982.62,0.788,46.15,2325.17,31.94,23,72,0.4,2.0,2.0,200.0
1076,-1662.25,0.784,31.51,1935.5,31.94,23,72,0.4,2.5,1.2,100.0
1103,-1730.44,0.784,31.46,1980.54,31.94,23,72,0.4,2.5,1.2,150.0
1103,-1730.44,0.784,31.46,1980.54,31.94,23,72,0.4,2.5,1.2,200.0
1075,-1837.97,0.784,35.91,2100.05,30.56,22,72,0.4,2.5,1.5,100.0
1101,-1856.19,0.789,35.88,2103.53,30.56,22,72,0.4,2.5,1.5,150.0
1103,-1905.64,0.784,35.81,2152.98,30.56,22,72,0.4,2.5,1.5,200.0
1079,-2183.65,0.771,41.06,2256.91,23.61,17,72,0.4,2.5,2.0,100.0
1098,-2097.63,0.784,41.26,2195.34,23.61,17,72,0.4,2.5,2.0,150.0
1103,-2155.39,0.78,41.25,2283.04,23.61,17,72,0.4,2.5,2.0,200.0
1074,-1676.71,0.788,28.96,1764.3,27.78,20,72,0.4,3.0,1.2,100.0
1099,-1661.87,0.796,29.03,1769.97,27.78,20,72,0.4,3.0,1.2,150.0
1103,-1667.51,0.796,29.01,1775.6,27.78,20,72,0.4,3.0,1.2,200.0
1073,-1946.58,0.778,32.9,2050.33,26.39,19,72,0.4,3.0,1.5,100.0
1099,-1860.72,0.794,33.12,2002.24,26.39,19,72,0.4,3.0,1.5,150.0
1101,-1823.53,0.798,33.15,1949.6,26.39,19,72,0.4,3.0,1.5,200.0
1061,-1974.77,0.791,38.17,2039.14,29.17,21,72,0.4,3.0,2.0,100.0
1089,-1962.25,0.8,38.29,2035.27,27.78,20,72,0.4,3.0,2.0,150.0
1099,-1842.45,0.814,38.58,1975.91,27.78,20,72,0.4,3.0,2.0,200.0
1075,-1696.25,0.788,27.44,1797.46,26.39,19,72,0.4,3.5,1.2,100.0
1101,-1877.05,0.775,27.16,1924.88,26.39,19,72,0.4,3.5,1.2,150.0
1103,-1917.09,0.771,27.11,1964.92,26.39,19,72,0.4,3.5,1.2,200.0
1069,-1956.49,0.781,31.43,2037.52,23.61,17,72,0.4,3.5,1.5,100.0
1101,-2202.21,0.765,31.15,2283.24,22.22,16,72,0.4,3.5,1.5,150.0
1101,-2202.21,0.765,31.15,2283.24,22.22,16,72,0.4,3.5,1.5,200.0
1066,-2064.08,0.788,36.49,2118.62,30.56,22,72,0.4,3.5,2.0,100.0
1090,-2089.43,0.792,36.51,2143.98,30.56,22,72,0.4,3.5,2.0,150.0
1103,-2226.6,0.783,36.45,2281.14,30.56,22,72,0.4,3.5,2.0,200.0
