total_trades,net_profit,pf,win_rate,max_dd,mcr,total_months,pos_months,neg_months,box_lookback,tp_rr,profit_lock,loss_breaker,weekly_breaker
514,188.14,1.011,23.74,1974.79,47.89,71,34,37,8,3.5,0.0,300.0,100.0
536,104.12,1.006,23.69,2171.53,47.89,71,34,37,8,3.5,0.0,300.0,150.0
524,-309.42,0.983,23.28,2246.25,47.89,71,34,37,8,3.5,0.0,0.0,100.0
544,-379.16,0.98,23.35,2504.08,47.89,71,34,37,8,3.5,0.0,0.0,150.0
552,-908.32,0.954,23.01,2768.54,47.89,71,34,37,8,3.5,0.0,0.0,0.0
458,540.57,1.035,24.24,1626.92,46.48,71,33,38,8,3.5,250.0,200.0,100.0
489,156.13,1.009,23.93,2084.83,46.48,71,33,38,8,3.5,250.0,300.0,100.0
465,95.42,1.006,23.87,1816.18,46.48,71,33,38,8,3.5,250.0,200.0,150.0
511,-60.74,0.996,23.68,2149.47,46.48,71,33,38,8,3.5,250.0,300.0,150.0
480,-68.59,0.996,23.75,1883.5,46.48,71,33,38,8,3.5,0.0,200.0,100.0
499,-175.98,0.99,23.65,1911.97,46.48,71,33,38,8,3.5,350.0,300.0,100.0
521,-260.0,0.985,23.61,2180.99,46.48,71,33,38,8,3.5,350.0,300.0,150.0
499,-341.43,0.98,23.45,2242.3,46.48,71,33,38,8,3.5,250.0,0.0,100.0
488,-416.45,0.975,23.57,2160.84,46.48,71,33,38,8,3.5,0.0,200.0,150.0
515,-538.38,0.969,23.3,2403.2,46.48,71,33,38,8,3.5,250.0,300.0,0.0
519,-544.02,0.969,23.31,2383.53,46.48,71,33,38,8,3.5,250.0,0.0,150.0
509,-673.55,0.962,23.18,2236.39,46.48,71,33,38,8,3.5,350.0,0.0,100.0
529,-743.28,0.959,23.25,2494.21,46.48,71,33,38,8,3.5,350.0,0.0,150.0
525,-888.32,0.951,23.05,2602.41,46.48,71,33,38,8,3.5,250.0,0.0,0.0
539,-1157.69,0.939,23.01,2902.08,46.48,71,33,38,8,3.5,0.0,300.0,0.0
537,-1272.44,0.932,22.91,2758.68,46.48,71,33,38,8,3.5,350.0,0.0,0.0
466,-355.89,0.978,23.39,2187.66,45.07,71,32,39,8,3.5,250.0,200.0,0.0
465,-432.71,0.973,23.66,1820.68,45.07,71,32,39,8,3.5,350.0,200.0,100.0
473,-780.58,0.952,23.47,2150.98,45.07,71,32,39,8,3.5,350.0,200.0,150.0
489,-867.76,0.95,23.11,2612.15,45.07,71,32,39,8,3.5,0.0,200.0,0.0
524,-1521.82,0.916,22.9,2892.22,45.07,71,32,39,8,3.5,350.0,300.0,0.0
282,-523.19,0.958,23.4,2286.3,43.66,71,31,40,12,3.5,250.0,200.0,100.0
324,-812.56,0.944,22.53,2352.82,43.66,71,31,40,12,3.5,0.0,200.0,100.0
315,-1097.62,0.921,22.86,2601.78,43.66,71,31,40,12,3.5,250.0,300.0,100.0
474,-1231.89,0.925,23.0,2602.29,43.66,71,31,40,8,3.5,350.0,200.0,0.0
323,-1299.75,0.909,22.6,2598.18,43.66,71,31,40,12,3.5,250.0,0.0,100.0
357,-1387.0,0.914,22.13,2603.95,43.66,71,31,40,12,3.5,0.0,300.0,100.0
327,-1559.77,0.891,22.32,2697.64,43.66,71,31,40,12,3.5,250.0,300.0,150.0
505,-1567.05,0.903,28.71,3278.6,43.66,71,31,40,8,2.5,250.0,300.0,100.0
365,-1589.12,0.903,21.92,2812.78,43.66,71,31,40,12,3.5,0.0,0.0,100.0
328,-1611.31,0.888,22.26,2719.94,43.66,71,31,40,12,3.5,250.0,300.0,0.0
526,-1698.3,0.901,28.52,3542.75,43.66,71,31,40,8,2.5,0.0,300.0,100.0
523,-1727.97,0.897,28.49,3479.93,43.66,71,31,40,8,2.5,350.0,300.0,100.0
370,-1916.38,0.885,21.62,3017.34,43.66,71,31,40,12,3.5,0.0,300.0,150.0
341,-1919.76,0.873,21.99,3013.48,43.66,71,31,40,12,3.5,250.0,0.0,150.0
372,-2011.55,0.88,21.51,3112.52,43.66,71,31,40,12,3.5,0.0,300.0,0.0
344,-2060.23,0.865,21.8,3153.95,43.66,71,31,40,12,3.5,250.0,0.0,0.0
384,-2276.36,0.869,21.35,3377.33,43.66,71,31,40,12,3.5,0.0,0.0,150.0
388,-2460.47,0.86,21.13,3561.44,43.66,71,31,40,12,3.5,0.0,0.0,0.0
284,-1011.45,0.919,23.24,2580.76,42.25,71,30,41,12,3.5,250.0,200.0,150.0
285,-1048.29,0.917,23.16,2613.6,42.25,71,30,41,12,3.5,250.0,200.0,0.0
310,-1269.07,0.908,22.26,2429.41,42.25,71,30,41,12,3.5,350.0,200.0,100.0
327,-1368.05,0.907,22.32,2803.45,42.25,71,30,41,12,3.5,0.0,200.0,150.0
329,-1448.53,0.903,22.19,2836.29,42.25,71,30,41,12,3.5,0.0,200.0,0.0
474,-1693.22,0.889,28.48,3010.82,42.25,71,30,41,8,2.5,250.0,200.0,100.0
495,-1824.47,0.888,28.28,3279.4,42.25,71,30,41,8,2.5,0.0,200.0,100.0
343,-1843.51,0.879,21.87,2863.17,42.25,71,30,41,12,3.5,350.0,300.0,100.0
492,-1854.14,0.883,28.25,3279.4,42.25,71,30,41,8,2.5,350.0,200.0,100.0
516,-1951.03,0.883,28.29,3669.02,42.25,71,30,41,8,2.5,250.0,0.0,100.0
351,-2045.63,0.869,21.65,3065.29,42.25,71,30,41,12,3.5,350.0,0.0,100.0
537,-2082.27,0.882,28.12,3933.17,42.25,71,30,41,8,2.5,0.0,0.0,100.0
534,-2111.94,0.878,28.09,3870.34,42.25,71,30,41,8,2.5,350.0,0.0,100.0
356,-2340.06,0.851,21.35,3334.49,42.25,71,30,41,12,3.5,350.0,300.0,150.0
357,-2391.59,0.849,21.29,3386.02,42.25,71,30,41,12,3.5,350.0,300.0,0.0
370,-2700.04,0.836,21.08,3694.47,42.25,71,30,41,12,3.5,350.0,0.0,150.0
373,-2840.51,0.829,20.91,3834.94,42.25,71,30,41,12,3.5,350.0,0.0,0.0
524,-1651.96,0.901,28.63,3569.59,40.85,71,29,42,8,2.5,250.0,300.0,150.0
545,-1783.21,0.899,28.44,3833.74,40.85,71,29,42,8,2.5,0.0,300.0,150.0
313,-1791.74,0.871,22.04,2871.94,40.85,71,29,42,12,3.5,350.0,200.0,150.0
542,-1812.88,0.895,28.41,3770.91,40.85,71,29,42,8,2.5,350.0,300.0,150.0
314,-1828.57,0.869,21.97,2904.78,40.85,71,29,42,12,3.5,350.0,200.0,0.0
533,-2021.65,0.883,28.33,3945.72,40.85,71,29,42,8,2.5,250.0,0.0,150.0
554,-2152.9,0.882,28.16,4209.87,40.85,71,29,42,8,2.5,0.0,0.0,150.0
551,-2182.56,0.877,28.13,4147.04,40.85,71,29,42,8,2.5,350.0,0.0,150.0
540,-2508.77,0.858,27.96,4168.14,40.85,71,29,42,8,2.5,250.0,0.0,0.0
561,-2640.02,0.859,27.81,4432.29,40.85,71,29,42,8,2.5,0.0,0.0,0.0
558,-2669.69,0.854,27.78,4369.47,40.85,71,29,42,8,2.5,350.0,0.0,0.0
483,-1766.85,0.886,28.57,3290.52,39.44,71,28,43,8,2.5,250.0,200.0,150.0
504,-1898.09,0.885,28.37,3559.11,39.44,71,28,43,8,2.5,0.0,200.0,150.0
501,-1927.76,0.88,28.34,3559.11,39.44,71,28,43,8,2.5,350.0,200.0,150.0
483,-2079.2,0.867,28.16,3523.04,39.44,71,28,43,8,2.5,250.0,200.0,0.0
504,-2210.45,0.867,27.98,3791.63,39.44,71,28,43,8,2.5,0.0,200.0,0.0
501,-2240.12,0.862,27.94,3791.63,39.44,71,28,43,8,2.5,350.0,200.0,0.0
526,-2626.93,0.847,27.95,3875.67,39.44,71,28,43,8,2.5,250.0,300.0,0.0
547,-2758.17,0.848,27.79,4139.82,39.44,71,28,43,8,2.5,0.0,300.0,0.0
544,-2787.84,0.842,27.76,4076.99,39.44,71,28,43,8,2.5,350.0,300.0,0.0
335,-1732.69,0.873,27.16,3027.93,35.21,71,25,46,12,2.5,250.0,200.0,100.0
341,-1803.76,0.87,26.98,2939.08,35.21,71,25,46,12,2.5,350.0,200.0,100.0
364,-1987.5,0.865,27.2,3320.66,35.21,71,25,46,12,2.5,350.0,300.0,100.0
368,-2066.57,0.861,27.17,3399.73,35.21,71,25,46,12,2.5,350.0,0.0,100.0
373,-2180.67,0.859,27.08,3434.61,35.21,71,25,46,12,2.5,0.0,300.0,100.0
377,-2259.74,0.856,27.06,3513.68,35.21,71,25,46,12,2.5,0.0,0.0,100.0
348,-2268.13,0.844,26.72,3026.9,35.21,71,25,46,12,2.5,0.0,200.0,100.0
357,-2294.79,0.841,27.17,3409.52,35.21,71,25,46,12,2.5,250.0,300.0,100.0
361,-2373.85,0.838,27.15,3488.59,35.21,71,25,46,12,2.5,250.0,0.0,100.0
374,-2725.51,0.821,26.2,3894.96,35.21,71,25,46,12,2.5,350.0,300.0,150.0
386,-2726.13,0.827,26.42,3895.59,35.21,71,25,46,12,2.5,350.0,0.0,150.0
370,-2849.3,0.812,25.68,3974.84,35.21,71,25,46,12,2.5,350.0,300.0,0.0
389,-2866.6,0.82,26.22,3957.66,35.21,71,25,46,12,2.5,350.0,0.0,0.0
383,-2951.5,0.816,26.11,4041.73,35.21,71,25,46,12,2.5,0.0,300.0,150.0
395,-2952.13,0.822,26.33,4042.35,35.21,71,25,46,12,2.5,0.0,0.0,150.0
367,-3032.8,0.798,26.16,3983.81,35.21,71,25,46,12,2.5,250.0,300.0,150.0
379,-3033.42,0.804,26.39,3984.44,35.21,71,25,46,12,2.5,250.0,0.0,150.0
380,-3118.93,0.805,25.53,4165.24,35.21,71,25,46,12,2.5,0.0,300.0,0.0
399,-3136.24,0.813,26.07,4148.07,35.21,71,25,46,12,2.5,0.0,0.0,0.0
363,-3156.58,0.788,25.62,4063.69,35.21,71,25,46,12,2.5,250.0,300.0,0.0
382,-3173.89,0.797,26.18,4046.51,35.21,71,25,46,12,2.5,250.0,0.0,0.0
336,-2350.4,0.83,26.49,3377.31,33.8,71,24,47,12,2.5,250.0,200.0,0.0
336,-2390.73,0.828,26.49,3417.64,33.8,71,24,47,12,2.5,250.0,200.0,150.0
342,-2421.47,0.828,26.32,3349.07,33.8,71,24,47,12,2.5,350.0,200.0,0.0
342,-2461.8,0.826,26.32,3389.4,33.8,71,24,47,12,2.5,350.0,200.0,150.0
349,-2958.99,0.8,26.07,3544.27,33.8,71,24,47,12,2.5,0.0,200.0,150.0
350,-2962.3,0.799,26.0,3547.58,33.8,71,24,47,12,2.5,0.0,200.0,0.0
