total_trades,net_profit,pf,win_rate,max_dd,mcr,total_months,pos_months,neg_months,low_vol_cutoff,high_vol_cutoff,profit_lock,loss_breaker,trend_high_rr
790,-1865.6,0.941,33.29,3992.52,46.48,71,33,38,0.25,0.75,250.0,350.0,5.5
791,-2245.13,0.929,33.25,4135.61,46.48,71,33,38,0.25,0.75,250.0,350.0,4.5
804,-2803.94,0.914,33.21,4922.26,45.07,71,32,39,0.25,0.85,250.0,350.0,5.5
804,-2946.35,0.909,33.21,4922.26,45.07,71,32,39,0.25,0.85,250.0,350.0,4.5
885,-1046.22,0.97,33.45,4261.76,43.66,71,31,40,0.25,0.75,350.0,350.0,5.5
889,-1453.05,0.959,33.52,4261.76,43.66,71,31,40,0.25,0.75,350.0,350.0,4.5
840,-2857.24,0.915,29.64,5202.45,43.66,71,31,40,0.15,0.75,250.0,350.0,5.5
793,-3326.23,0.89,36.95,4849.24,43.66,71,31,40,0.35,0.75,250.0,350.0,5.5
840,-3492.61,0.896,29.64,5413.44,43.66,71,31,40,0.15,0.75,250.0,350.0,4.5
795,-3751.17,0.876,37.11,5039.01,43.66,71,31,40,0.35,0.75,250.0,350.0,4.5
856,-1681.74,0.949,38.08,3238.14,42.25,71,30,41,0.35,0.85,350.0,350.0,5.5
847,-2050.07,0.936,37.9,4196.71,42.25,71,30,41,0.35,0.75,350.0,350.0,4.5
898,-2115.61,0.941,33.41,4261.76,42.25,71,30,41,0.25,0.85,350.0,350.0,5.5
898,-2408.94,0.933,33.41,4384.85,42.25,71,30,41,0.25,0.85,350.0,350.0,4.5
857,-3432.54,0.9,29.64,5758.96,42.25,71,30,41,0.15,0.85,250.0,350.0,5.5
815,-3676.04,0.882,37.06,4708.61,42.25,71,30,41,0.35,0.85,250.0,350.0,5.5
857,-3953.5,0.885,29.64,5969.95,42.25,71,30,41,0.15,0.85,250.0,350.0,4.5
815,-4072.61,0.87,37.06,4962.76,42.25,71,30,41,0.35,0.85,250.0,350.0,4.5
1015,-2219.9,0.945,30.05,5185.46,40.85,71,29,42,0.15,0.75,350.0,350.0,4.5
995,-2230.76,0.944,29.55,5199.41,40.85,71,29,42,0.15,0.75,350.0,350.0,5.5
843,-2246.55,0.93,37.49,4552.12,40.85,71,29,42,0.35,0.75,350.0,350.0,5.5
869,-2636.58,0.921,37.74,3945.92,40.85,71,29,42,0.35,0.85,350.0,350.0,4.5
630,-1706.77,0.927,38.25,4512.67,39.44,71,28,43,0.35,0.75,250.0,250.0,5.5
629,-2056.37,0.911,38.31,4627.09,39.44,71,28,43,0.35,0.75,250.0,250.0,4.5
1135,-2345.45,0.95,32.86,4946.36,39.44,71,28,43,0.25,0.85,500.0,350.0,5.5
1135,-2496.38,0.947,32.86,4946.36,39.44,71,28,43,0.25,0.85,500.0,350.0,4.5
1027,-3386.02,0.918,29.7,6047.08,39.44,71,28,43,0.15,0.85,350.0,350.0,5.5
1018,-3832.5,0.906,29.76,6183.6,39.44,71,28,43,0.15,0.85,350.0,350.0,4.5
683,-662.42,0.974,38.36,4091.95,38.03,71,27,44,0.35,0.75,350.0,250.0,4.5
692,-744.37,0.971,38.29,3524.55,38.03,71,27,44,0.35,0.85,350.0,250.0,5.5
679,-904.39,0.964,38.14,4492.85,38.03,71,27,44,0.35,0.75,350.0,250.0,5.5
632,-1626.26,0.937,30.22,3943.4,38.03,71,27,44,0.15,0.75,250.0,250.0,5.5
633,-2267.0,0.912,30.17,4159.76,38.03,71,27,44,0.15,0.75,250.0,250.0,4.5
649,-2342.99,0.903,38.21,4494.48,38.03,71,27,44,0.35,0.85,250.0,250.0,5.5
604,-2356.75,0.904,32.95,3242.97,38.03,71,27,44,0.25,0.75,250.0,250.0,5.5
649,-2485.4,0.897,38.21,4494.48,38.03,71,27,44,0.35,0.85,250.0,250.0,4.5
605,-2642.25,0.892,32.89,3242.97,38.03,71,27,44,0.25,0.75,250.0,250.0,4.5
1130,-3042.74,0.936,32.48,5471.58,38.03,71,27,44,0.25,0.75,500.0,350.0,5.5
1141,-3310.55,0.931,32.52,5551.19,38.03,71,27,44,0.25,0.75,500.0,350.0,4.5
697,-1269.62,0.952,38.16,3907.39,36.62,71,26,45,0.35,0.85,350.0,250.0,4.5
648,-2255.96,0.915,30.25,4554.3,36.62,71,26,45,0.15,0.85,250.0,250.0,5.5
648,-2716.84,0.898,30.25,4705.23,36.62,71,26,45,0.15,0.85,250.0,250.0,4.5
618,-3176.54,0.874,32.85,3730.62,36.62,71,26,45,0.25,0.85,250.0,250.0,5.5
618,-3318.95,0.869,32.85,3730.62,36.62,71,26,45,0.25,0.85,250.0,250.0,4.5
764,-1171.79,0.963,30.1,4112.37,35.21,71,25,46,0.15,0.75,350.0,250.0,5.5
783,-1340.72,0.958,30.27,4278.2,35.21,71,25,46,0.15,0.75,350.0,250.0,4.5
1048,-1370.52,0.967,38.65,3301.27,35.21,71,25,46,0.35,0.85,500.0,350.0,5.5
699,-1569.07,0.944,33.33,3830.56,35.21,71,25,46,0.25,0.75,350.0,250.0,5.5
703,-1881.86,0.933,33.43,3830.56,35.21,71,25,46,0.25,0.75,350.0,250.0,4.5
1170,-2676.43,0.944,30.26,4391.46,35.21,71,25,46,0.15,0.85,500.0,350.0,5.5
1149,-2754.51,0.941,29.85,4734.87,35.21,71,25,46,0.15,0.85,500.0,350.0,4.5
1014,-1896.14,0.952,38.07,3298.99,33.8,71,24,47,0.35,0.75,500.0,350.0,5.5
1042,-1915.93,0.953,38.29,3732.8,33.8,71,24,47,0.35,0.85,500.0,350.0,4.5
713,-2304.13,0.919,33.38,3830.56,33.8,71,24,47,0.25,0.85,350.0,250.0,5.5
779,-2483.52,0.922,29.91,5116.51,33.8,71,24,47,0.15,0.85,350.0,250.0,5.5
713,-2597.46,0.909,33.38,3830.56,33.8,71,24,47,0.25,0.85,350.0,250.0,4.5
779,-2944.4,0.908,29.91,5267.43,33.8,71,24,47,0.15,0.85,350.0,250.0,4.5
1174,-3124.58,0.936,29.9,4006.27,33.8,71,24,47,0.15,0.75,500.0,350.0,5.5
1028,-3137.55,0.922,38.04,4164.48,33.8,71,24,47,0.35,0.75,500.0,350.0,4.5
1152,-3597.06,0.925,29.6,4625.03,33.8,71,24,47,0.15,0.75,500.0,350.0,4.5
874,-497.03,0.986,30.89,3681.82,32.39,71,23,48,0.15,0.85,500.0,250.0,5.5
866,-253.15,0.992,39.49,3580.13,30.99,71,22,49,0.35,0.85,500.0,250.0,5.5
859,-262.25,0.992,39.23,3533.41,30.99,71,22,49,0.35,0.75,500.0,250.0,5.5
874,-754.41,0.979,30.43,3353.81,30.99,71,22,49,0.15,0.75,500.0,250.0,5.5
870,-754.84,0.979,30.46,4138.25,30.99,71,22,49,0.15,0.85,500.0,250.0,4.5
875,-1324.3,0.963,32.69,3867.3,30.99,71,22,49,0.25,0.75,500.0,250.0,5.5
888,-1563.76,0.956,32.88,4055.29,30.99,71,22,49,0.25,0.85,500.0,250.0,5.5
886,-1651.57,0.954,32.73,3867.3,30.99,71,22,49,0.25,0.75,500.0,250.0,4.5
888,-1857.1,0.948,32.88,4055.29,30.99,71,22,49,0.25,0.85,500.0,250.0,4.5
871,-929.32,0.972,39.38,3962.96,29.58,71,21,50,0.35,0.85,500.0,250.0,4.5
865,-1282.74,0.962,39.19,4082.6,29.58,71,21,50,0.35,0.75,500.0,250.0,4.5
874,-1409.17,0.961,30.09,3909.64,29.58,71,21,50,0.15,0.75,500.0,250.0,4.5
469,-2252.1,0.881,30.28,3345.36,26.76,71,19,52,0.15,0.75,250.0,150.0,5.5
470,-2468.46,0.87,30.21,3561.72,26.76,71,19,52,0.15,0.75,250.0,150.0,4.5
401,-2820.92,0.832,30.92,3069.81,26.76,71,19,52,0.25,0.75,250.0,150.0,4.5
401,-2820.92,0.832,30.92,3069.81,26.76,71,19,52,0.25,0.75,250.0,150.0,5.5
470,-2816.95,0.853,30.0,3910.21,25.35,71,18,53,0.15,0.85,250.0,150.0,5.5
470,-2967.88,0.845,30.0,4061.13,25.35,71,18,53,0.15,0.85,250.0,150.0,4.5
435,-3212.03,0.803,38.16,3376.45,25.35,71,18,53,0.35,0.75,250.0,150.0,5.5
402,-3285.84,0.807,30.6,3534.74,25.35,71,18,53,0.25,0.85,250.0,150.0,4.5
402,-3285.84,0.807,30.6,3534.74,25.35,71,18,53,0.25,0.85,250.0,150.0,5.5
435,-3289.69,0.798,38.16,3454.11,25.35,71,18,53,0.35,0.75,250.0,150.0,4.5
441,-2122.87,0.884,31.07,3375.52,23.94,71,17,54,0.25,0.75,350.0,150.0,5.5
441,-2273.8,0.876,31.07,3375.52,23.94,71,17,54,0.25,0.75,350.0,150.0,4.5
467,-2629.96,0.851,37.9,3371.65,23.94,71,17,54,0.35,0.75,350.0,150.0,5.5
467,-2707.62,0.847,37.9,3371.65,23.94,71,17,54,0.35,0.75,350.0,150.0,4.5
437,-3639.66,0.777,37.99,3804.07,23.94,71,17,54,0.35,0.85,250.0,150.0,4.5
437,-3639.66,0.777,37.99,3804.07,23.94,71,17,54,0.35,0.85,250.0,150.0,5.5
440,-2741.67,0.851,30.68,3375.52,22.54,71,16,55,0.25,0.85,350.0,150.0,5.5
440,-2892.59,0.843,30.68,3375.52,22.54,71,16,55,0.25,0.85,350.0,150.0,4.5
467,-3211.45,0.818,37.69,3539.61,22.54,71,16,55,0.35,0.85,350.0,150.0,4.5
467,-3211.45,0.818,37.69,3539.61,22.54,71,16,55,0.35,0.85,350.0,150.0,5.5
542,-3167.56,0.856,30.07,4727.68,21.13,71,15,56,0.15,0.75,350.0,150.0,5.5
549,-3274.84,0.852,30.24,4727.68,21.13,71,15,56,0.15,0.75,350.0,150.0,4.5
568,-1777.73,0.925,30.81,3639.87,19.72,71,14,57,0.25,0.75,500.0,150.0,5.5
574,-2117.22,0.912,30.84,3639.87,19.72,71,14,57,0.25,0.75,500.0,150.0,4.5
567,-2339.76,0.901,30.69,3684.95,19.72,71,14,57,0.25,0.85,500.0,150.0,5.5
567,-2490.68,0.895,30.69,3684.95,19.72,71,14,57,0.25,0.85,500.0,150.0,4.5
542,-3779.33,0.828,29.89,4727.68,19.72,71,14,57,0.15,0.85,350.0,150.0,5.5
542,-3930.25,0.822,29.89,4727.68,19.72,71,14,57,0.15,0.85,350.0,150.0,4.5
582,-2198.4,0.901,38.83,3255.92,18.31,71,13,58,0.35,0.85,500.0,150.0,5.5
590,-2319.66,0.899,38.47,3383.61,18.31,71,13,58,0.35,0.75,500.0,150.0,5.5
582,-2349.32,0.895,38.83,3255.92,18.31,71,13,58,0.35,0.85,500.0,150.0,4.5
586,-2394.36,0.9,30.38,5145.61,18.31,71,13,58,0.15,0.75,500.0,150.0,5.5
590,-2582.44,0.892,30.51,5145.61,18.31,71,13,58,0.15,0.75,500.0,150.0,4.5
578,-2603.03,0.889,30.62,5145.61,18.31,71,13,58,0.15,0.85,500.0,150.0,5.5
590,-2643.6,0.885,38.47,3383.61,18.31,71,13,58,0.35,0.75,500.0,150.0,4.5
578,-2753.96,0.882,30.62,5145.61,18.31,71,13,58,0.15,0.85,500.0,150.0,4.5
