total_trades,net_profit,pf,win_rate,max_dd,mcr,total_months,pos_months,neg_months,lookback,use_kfd,kfd_thresh,profit_lock,trend_tp,trend_sl,def_thresh,def_mult
153,12575.02,2.232,30.07,1222.54,44.44,72,32,40,16,True,1.35,200.0,4.0,2.5,120.0,0.25
153,12575.02,2.232,30.07,1222.54,44.44,72,32,40,16,True,1.35,250.0,4.0,2.5,120.0,0.25
153,12575.02,2.232,30.07,1222.54,44.44,72,32,40,20,True,1.35,200.0,4.0,2.5,120.0,0.25
153,12575.02,2.232,30.07,1222.54,44.44,72,32,40,20,True,1.35,250.0,4.0,2.5,120.0,0.25
146,12567.89,2.23,27.4,1196.01,44.44,72,32,40,16,True,1.35,150.0,4.5,2.5,120.0,0.25
146,12567.89,2.23,27.4,1196.01,44.44,72,32,40,20,True,1.35,150.0,4.5,2.5,120.0,0.25
148,12540.04,2.201,30.41,1266.11,48.61,72,35,37,16,True,1.35,200.0,4.0,2.5,120.0,0.3
148,12540.04,2.201,30.41,1266.11,48.61,72,35,37,16,True,1.35,250.0,4.0,2.5,120.0,0.3
148,12540.04,2.201,30.41,1266.11,48.61,72,35,37,20,True,1.35,200.0,4.0,2.5,120.0,0.3
148,12540.04,2.201,30.41,1266.11,48.61,72,35,37,20,True,1.35,250.0,4.0,2.5,120.0,0.3
141,12528.74,2.199,27.66,1271.35,47.22,72,34,38,16,True,1.35,150.0,4.5,2.5,120.0,0.3
141,12528.74,2.199,27.66,1271.35,47.22,72,34,38,20,True,1.35,150.0,4.5,2.5,120.0,0.3
151,12602.68,2.198,27.15,1196.01,44.44,72,32,40,16,True,1.35,200.0,4.5,2.5,120.0,0.25
151,12602.68,2.198,27.15,1196.01,44.44,72,32,40,20,True,1.35,200.0,4.5,2.5,120.0,0.25
147,12422.01,2.198,27.21,1196.01,44.44,72,32,40,12,True,1.35,150.0,4.5,2.5,120.0,0.25
144,12688.95,2.195,27.78,1271.35,47.22,72,34,38,16,True,1.35,200.0,4.5,2.5,120.0,0.3
144,12688.95,2.195,27.78,1271.35,47.22,72,34,38,20,True,1.35,200.0,4.5,2.5,120.0,0.3
155,12401.84,2.195,29.68,1222.54,44.44,72,32,40,12,True,1.35,200.0,4.0,2.5,120.0,0.25
155,12401.84,2.195,29.68,1222.54,44.44,72,32,40,12,True,1.35,250.0,4.0,2.5,120.0,0.25
154,12734.79,2.185,27.27,1196.01,43.06,72,31,41,16,True,1.35,250.0,4.5,2.5,120.0,0.25
154,12734.79,2.185,27.27,1196.01,43.06,72,31,41,20,True,1.35,250.0,4.5,2.5,120.0,0.25
147,12347.34,2.183,27.21,1196.01,44.44,72,32,40,10,True,1.35,150.0,4.5,2.5,120.0,0.25
155,12327.17,2.18,29.68,1222.54,44.44,72,32,40,10,True,1.35,200.0,4.0,2.5,120.0,0.25
155,12327.17,2.18,29.68,1222.54,44.44,72,32,40,10,True,1.35,250.0,4.0,2.5,120.0,0.25
141,11905.11,2.177,29.79,1266.11,48.61,72,35,37,16,True,1.35,150.0,4.0,2.5,120.0,0.3
141,11905.11,2.177,29.79,1266.11,48.61,72,35,37,20,True,1.35,150.0,4.0,2.5,120.0,0.3
148,11789.59,2.175,29.05,1222.54,44.44,72,32,40,16,True,1.35,150.0,4.0,2.5,120.0,0.25
148,11789.59,2.175,29.05,1222.54,44.44,72,32,40,20,True,1.35,150.0,4.0,2.5,120.0,0.25
142,12382.86,2.169,27.46,1271.35,47.22,72,34,38,10,True,1.35,150.0,4.5,2.5,120.0,0.3
142,12382.86,2.169,27.46,1271.35,47.22,72,34,38,12,True,1.35,150.0,4.5,2.5,120.0,0.3
152,12456.8,2.168,26.97,1196.01,44.44,72,32,40,12,True,1.35,200.0,4.5,2.5,120.0,0.25
145,12543.06,2.165,27.59,1271.35,47.22,72,34,38,10,True,1.35,200.0,4.5,2.5,120.0,0.3
145,12543.06,2.165,27.59,1271.35,47.22,72,34,38,12,True,1.35,200.0,4.5,2.5,120.0,0.3
150,12361.4,2.164,30.0,1266.11,47.22,72,34,38,10,True,1.35,200.0,4.0,2.5,120.0,0.3
150,12361.4,2.164,30.0,1266.11,47.22,72,34,38,10,True,1.35,250.0,4.0,2.5,120.0,0.3
150,12361.4,2.164,30.0,1266.11,47.22,72,34,38,12,True,1.35,200.0,4.0,2.5,120.0,0.3
150,12361.4,2.164,30.0,1266.11,47.22,72,34,38,12,True,1.35,250.0,4.0,2.5,120.0,0.3
155,12588.91,2.156,27.1,1196.01,43.06,72,31,41,12,True,1.35,250.0,4.5,2.5,120.0,0.25
152,12382.13,2.153,26.97,1196.01,44.44,72,32,40,10,True,1.35,200.0,4.5,2.5,120.0,0.25
149,12670.56,2.152,27.52,1271.35,45.83,72,33,39,16,True,1.35,250.0,4.5,2.5,120.0,0.3
149,12670.56,2.152,27.52,1271.35,45.83,72,33,39,20,True,1.35,250.0,4.5,2.5,120.0,0.3
155,12514.24,2.141,27.1,1196.01,43.06,72,31,41,10,True,1.35,250.0,4.5,2.5,120.0,0.25
143,11726.47,2.139,29.37,1266.11,47.22,72,34,38,10,True,1.35,150.0,4.0,2.5,120.0,0.3
143,11726.47,2.139,29.37,1266.11,47.22,72,34,38,12,True,1.35,150.0,4.0,2.5,120.0,0.3
150,11616.41,2.138,28.67,1222.54,44.44,72,32,40,12,True,1.35,150.0,4.0,2.5,120.0,0.25
150,12524.68,2.124,27.33,1271.35,45.83,72,33,39,10,True,1.35,250.0,4.5,2.5,120.0,0.3
150,12524.68,2.124,27.33,1271.35,45.83,72,33,39,12,True,1.35,250.0,4.5,2.5,120.0,0.3
150,11541.74,2.123,28.67,1222.54,44.44,72,32,40,10,True,1.35,150.0,4.0,2.5,120.0,0.25
158,10612.87,2.027,31.01,1022.35,45.83,72,33,39,16,True,1.35,250.0,3.5,2.5,120.0,0.25
158,10612.87,2.027,31.01,1022.35,45.83,72,33,39,20,True,1.35,250.0,3.5,2.5,120.0,0.25
156,10309.07,2.012,30.77,1022.35,45.83,72,33,39,16,True,1.35,150.0,3.5,2.5,120.0,0.25
156,10309.07,2.012,30.77,1022.35,45.83,72,33,39,16,True,1.35,200.0,3.5,2.5,120.0,0.25
156,10309.07,2.012,30.77,1022.35,45.83,72,33,39,20,True,1.35,150.0,3.5,2.5,120.0,0.25
156,10309.07,2.012,30.77,1022.35,45.83,72,33,39,20,True,1.35,200.0,3.5,2.5,120.0,0.25
153,10562.77,1.998,31.37,1212.4,45.83,72,33,39,16,True,1.35,250.0,3.5,2.5,120.0,0.3
153,10562.77,1.998,31.37,1212.4,45.83,72,33,39,20,True,1.35,250.0,3.5,2.5,120.0,0.3
160,10439.7,1.993,30.63,1022.35,45.83,72,33,39,12,True,1.35,250.0,3.5,2.5,120.0,0.25
151,10258.96,1.984,31.13,1212.4,45.83,72,33,39,16,True,1.35,150.0,3.5,2.5,120.0,0.3
151,10258.96,1.984,31.13,1212.4,45.83,72,33,39,16,True,1.35,200.0,3.5,2.5,120.0,0.3
151,10258.96,1.984,31.13,1212.4,45.83,72,33,39,20,True,1.35,150.0,3.5,2.5,120.0,0.3
151,10258.96,1.984,31.13,1212.4,45.83,72,33,39,20,True,1.35,200.0,3.5,2.5,120.0,0.3
160,10365.02,1.979,30.63,1022.35,45.83,72,33,39,10,True,1.35,250.0,3.5,2.5,120.0,0.25
158,10135.89,1.979,30.38,1022.35,45.83,72,33,39,12,True,1.35,150.0,3.5,2.5,120.0,0.25
158,10135.89,1.979,30.38,1022.35,45.83,72,33,39,12,True,1.35,200.0,3.5,2.5,120.0,0.25
155,10384.13,1.965,30.97,1212.4,45.83,72,33,39,10,True,1.35,250.0,3.5,2.5,120.0,0.3
155,10384.13,1.965,30.97,1212.4,45.83,72,33,39,12,True,1.35,250.0,3.5,2.5,120.0,0.3
158,10061.22,1.965,30.38,1022.35,45.83,72,33,39,10,True,1.35,150.0,3.5,2.5,120.0,0.25
158,10061.22,1.965,30.38,1022.35,45.83,72,33,39,10,True,1.35,200.0,3.5,2.5,120.0,0.25
157,10048.53,1.963,29.94,1212.4,45.83,72,33,39,16,True,1.35,150.0,4.0,2.5,100.0,0.3
157,10048.53,1.963,29.94,1212.4,45.83,72,33,39,20,True,1.35,150.0,4.0,2.5,100.0,0.3
153,10080.33,1.951,30.72,1212.4,45.83,72,33,39,10,True,1.35,150.0,3.5,2.5,120.0,0.3
153,10080.33,1.951,30.72,1212.4,45.83,72,33,39,10,True,1.35,200.0,3.5,2.5,120.0,0.3
153,10080.33,1.951,30.72,1212.4,45.83,72,33,39,12,True,1.35,150.0,3.5,2.5,120.0,0.3
153,10080.33,1.951,30.72,1212.4,45.83,72,33,39,12,True,1.35,200.0,3.5,2.5,120.0,0.3
159,9869.9,1.93,29.56,1212.4,44.44,72,32,40,10,True,1.35,150.0,4.0,2.5,100.0,0.3
159,9869.9,1.93,29.56,1212.4,44.44,72,32,40,12,True,1.35,150.0,4.0,2.5,100.0,0.3
168,9506.25,1.908,28.57,1083.96,38.89,72,28,44,16,True,1.35,150.0,4.0,2.5,100.0,0.25
168,9506.25,1.908,28.57,1083.96,38.89,72,28,44,20,True,1.35,150.0,4.0,2.5,100.0,0.25
171,9629.48,1.905,28.65,1083.96,38.89,72,28,44,16,True,1.35,200.0,4.0,2.5,100.0,0.25
171,9629.48,1.905,28.65,1083.96,38.89,72,28,44,16,True,1.35,250.0,4.0,2.5,100.0,0.25
171,9629.48,1.905,28.65,1083.96,38.89,72,28,44,20,True,1.35,200.0,4.0,2.5,100.0,0.25
171,9629.48,1.905,28.65,1083.96,38.89,72,28,44,20,True,1.35,250.0,4.0,2.5,100.0,0.25
167,9440.14,1.895,28.74,1084.73,40.28,72,29,43,10,True,1.35,150.0,4.0,2.5,100.0,0.25
170,9563.37,1.892,28.82,1084.73,40.28,72,29,43,10,True,1.35,200.0,4.0,2.5,100.0,0.25
170,9563.37,1.892,28.82,1084.73,40.28,72,29,43,10,True,1.35,250.0,4.0,2.5,100.0,0.25
166,9767.77,1.887,28.92,1212.4,44.44,72,32,40,16,True,1.35,200.0,4.0,2.5,100.0,0.3
166,9767.77,1.887,28.92,1212.4,44.44,72,32,40,16,True,1.35,250.0,4.0,2.5,100.0,0.3
166,9767.77,1.887,28.92,1212.4,44.44,72,32,40,20,True,1.35,200.0,4.0,2.5,100.0,0.3
166,9767.77,1.887,28.92,1212.4,44.44,72,32,40,20,True,1.35,250.0,4.0,2.5,100.0,0.3
170,9333.07,1.877,28.24,1084.73,38.89,72,28,44,12,True,1.35,150.0,4.0,2.5,100.0,0.25
173,9456.3,1.875,28.32,1084.73,38.89,72,28,44,12,True,1.35,200.0,4.0,2.5,100.0,0.25
173,9456.3,1.875,28.32,1084.73,38.89,72,28,44,12,True,1.35,250.0,4.0,2.5,100.0,0.25
168,9589.13,1.857,28.57,1212.4,43.06,72,31,41,10,True,1.35,200.0,4.0,2.5,100.0,0.3
168,9589.13,1.857,28.57,1212.4,43.06,72,31,41,10,True,1.35,250.0,4.0,2.5,100.0,0.3
168,9589.13,1.857,28.57,1212.4,43.06,72,31,41,12,True,1.35,200.0,4.0,2.5,100.0,0.3
168,9589.13,1.857,28.57,1212.4,43.06,72,31,41,12,True,1.35,250.0,4.0,2.5,100.0,0.3
179,8623.77,1.774,25.7,1165.16,44.44,72,32,40,16,True,1.35,250.0,4.5,2.0,120.0,0.3
179,8623.77,1.774,25.7,1165.16,44.44,72,32,40,20,True,1.35,250.0,4.5,2.0,120.0,0.3
188,8862.54,1.753,30.32,1225.59,45.83,72,33,39,12,True,1.45,200.0,4.0,2.5,100.0,0.3
181,8482.07,1.752,25.41,1165.16,44.44,72,32,40,10,True,1.35,250.0,4.5,2.0,120.0,0.3
181,8480.06,1.752,25.41,1165.16,44.44,72,32,40,12,True,1.35,250.0,4.5,2.0,120.0,0.3
182,8175.97,1.752,25.27,1186.48,41.67,72,30,42,16,True,1.35,250.0,4.5,2.0,120.0,0.25
182,8175.97,1.752,25.27,1186.48,41.67,72,30,42,20,True,1.35,250.0,4.5,2.0,120.0,0.25
180,9275.72,1.746,29.44,1225.59,45.83,72,33,39,12,True,1.45,250.0,4.0,2.5,120.0,0.3
189,8793.64,1.743,30.16,1225.59,45.83,72,33,39,10,True,1.45,200.0,4.0,2.5,100.0,0.3
174,8920.7,1.738,29.31,1225.59,45.83,72,33,39,12,True,1.45,200.0,4.0,2.5,120.0,0.3
186,8598.45,1.734,30.11,1225.59,45.83,72,33,39,12,True,1.45,150.0,4.0,2.5,100.0,0.3
195,8843.8,1.731,29.74,1225.59,45.83,72,33,39,12,True,1.45,250.0,4.0,2.5,100.0,0.3
184,8038.33,1.73,25.0,1186.48,41.67,72,30,42,10,True,1.35,250.0,4.5,2.0,120.0,0.25
188,7796.13,1.73,24.47,1165.16,44.44,72,32,40,16,True,1.35,250.0,4.5,2.0,100.0,0.3
188,7796.13,1.73,24.47,1165.16,44.44,72,32,40,20,True,1.35,250.0,4.5,2.0,100.0,0.3
184,8036.65,1.729,25.0,1186.48,41.67,72,30,42,12,True,1.35,250.0,4.5,2.0,120.0,0.25
182,9144.82,1.728,29.12,1225.59,45.83,72,33,39,10,True,1.45,250.0,4.0,2.5,120.0,0.3
175,8851.8,1.728,29.14,1225.59,45.83,72,33,39,10,True,1.45,200.0,4.0,2.5,120.0,0.3
186,8913.45,1.727,28.49,1271.8,44.44,72,32,40,12,True,1.45,250.0,4.0,2.5,120.0,0.25
187,8529.55,1.724,29.95,1225.59,45.83,72,33,39,10,True,1.45,150.0,4.0,2.5,100.0,0.3
151,7925.91,1.724,25.83,2056.17,43.06,72,31,41,16,True,1.35,150.0,4.5,2.5,100.0,0.3
151,7925.91,1.724,25.83,2056.17,43.06,72,31,41,20,True,1.35,150.0,4.5,2.5,100.0,0.3
184,8010.84,1.721,27.17,1190.07,43.06,72,31,41,16,True,1.35,250.0,4.0,2.0,120.0,0.3
184,8010.84,1.721,27.17,1190.07,43.06,72,31,41,20,True,1.35,250.0,4.0,2.0,120.0,0.3
177,7681.83,1.721,27.12,1190.07,43.06,72,31,41,16,True,1.35,200.0,4.0,2.0,120.0,0.3
177,7681.83,1.721,27.12,1190.07,43.06,72,31,41,20,True,1.35,200.0,4.0,2.0,120.0,0.3
191,7394.98,1.719,24.08,1186.48,38.89,72,28,44,16,True,1.35,250.0,4.5,2.0,100.0,0.25
191,7394.98,1.719,24.08,1186.48,38.89,72,28,44,20,True,1.35,250.0,4.5,2.0,100.0,0.25
180,8558.43,1.718,28.33,1271.8,44.44,72,32,40,12,True,1.45,200.0,4.0,2.5,120.0,0.25
157,7695.84,1.717,25.48,2263.69,37.5,72,27,45,16,True,1.35,150.0,4.5,2.5,100.0,0.25
157,7695.84,1.717,25.48,2263.69,37.5,72,27,45,20,True,1.35,150.0,4.5,2.5,100.0,0.25
197,8712.9,1.713,29.44,1225.59,45.83,72,33,39,10,True,1.45,250.0,4.0,2.5,100.0,0.3
188,8796.08,1.71,28.19,1271.8,44.44,72,32,40,10,True,1.45,250.0,4.0,2.5,120.0,0.25
181,8503.05,1.71,28.18,1271.8,44.44,72,32,40,10,True,1.45,200.0,4.0,2.5,120.0,0.25
198,8202.26,1.707,28.79,1271.8,45.83,72,33,39,12,True,1.45,200.0,4.0,2.5,100.0,0.25
190,7654.43,1.707,24.21,1165.16,43.06,72,31,41,10,True,1.35,250.0,4.5,2.0,100.0,0.3
190,7652.41,1.707,24.21,1165.16,43.06,72,31,41,12,True,1.35,250.0,4.5,2.0,100.0,0.3
187,7671.88,1.705,26.74,1207.25,41.67,72,30,42,16,True,1.35,250.0,4.0,2.0,120.0,0.25
187,7671.88,1.705,26.74,1207.25,41.67,72,30,42,20,True,1.35,250.0,4.0,2.0,120.0,0.25
180,7342.88,1.704,26.67,1207.25,41.67,72,30,42,16,True,1.35,200.0,4.0,2.0,120.0,0.25
180,7342.88,1.704,26.67,1207.25,41.67,72,30,42,20,True,1.35,200.0,4.0,2.0,120.0,0.25
156,7921.15,1.702,25.64,2221.14,43.06,72,31,41,16,True,1.35,200.0,4.5,2.5,100.0,0.3
156,7921.15,1.702,25.64,2221.14,43.06,72,31,41,20,True,1.35,200.0,4.5,2.5,100.0,0.3
202,8286.41,1.701,28.71,1271.8,45.83,72,33,39,12,True,1.45,250.0,4.0,2.5,100.0,0.25
186,8056.59,1.701,24.73,1165.16,43.06,72,31,41,16,True,1.35,200.0,4.5,2.0,120.0,0.3
186,8056.59,1.701,24.73,1165.16,43.06,72,31,41,20,True,1.35,200.0,4.5,2.0,120.0,0.3
152,7780.03,1.701,25.66,2056.17,43.06,72,31,41,10,True,1.35,150.0,4.5,2.5,100.0,0.3
152,7780.03,1.701,25.66,2056.17,43.06,72,31,41,12,True,1.35,150.0,4.5,2.5,100.0,0.3
199,8146.88,1.699,28.64,1271.8,45.83,72,33,39,10,True,1.45,200.0,4.0,2.5,100.0,0.25
186,7869.13,1.699,26.88,1190.07,43.06,72,31,41,10,True,1.35,250.0,4.0,2.0,120.0,0.3
186,7867.12,1.699,26.88,1190.07,43.06,72,31,41,12,True,1.35,250.0,4.0,2.0,120.0,0.3
179,7540.13,1.698,26.82,1190.07,43.06,72,31,41,10,True,1.35,200.0,4.0,2.0,120.0,0.3
179,7538.12,1.698,26.82,1190.07,43.06,72,31,41,12,True,1.35,200.0,4.0,2.0,120.0,0.3
163,7698.36,1.696,25.15,2263.69,37.5,72,27,45,16,True,1.35,200.0,4.5,2.5,100.0,0.25
163,7698.36,1.696,25.15,2263.69,37.5,72,27,45,16,True,1.35,250.0,4.5,2.5,100.0,0.25
163,7698.36,1.696,25.15,2263.69,37.5,72,27,45,20,True,1.35,200.0,4.5,2.5,100.0,0.25
163,7698.36,1.696,25.15,2263.69,37.5,72,27,45,20,True,1.35,250.0,4.5,2.5,100.0,0.25
193,7257.35,1.696,23.83,1186.48,38.89,72,28,44,10,True,1.35,250.0,4.5,2.0,100.0,0.25
193,7255.67,1.696,23.83,1186.48,38.89,72,28,44,12,True,1.35,250.0,4.5,2.0,100.0,0.25
176,7407.52,1.695,26.7,1190.07,43.06,72,31,41,16,True,1.35,150.0,4.0,2.0,120.0,0.3
176,7407.52,1.695,26.7,1190.07,43.06,72,31,41,20,True,1.35,150.0,4.0,2.0,120.0,0.3
158,7549.96,1.694,25.32,2263.69,37.5,72,27,45,10,True,1.35,150.0,4.5,2.5,100.0,0.25
158,7549.96,1.694,25.32,2263.69,37.5,72,27,45,12,True,1.35,150.0,4.5,2.5,100.0,0.25
172,8286.53,1.686,28.49,1225.59,45.83,72,33,39,12,True,1.45,150.0,4.0,2.5,120.0,0.3
178,7484.81,1.685,29.21,1133.13,36.11,72,26,46,16,True,1.35,250.0,3.5,2.5,100.0,0.25
178,7484.81,1.685,29.21,1133.13,36.11,72,26,46,20,True,1.35,250.0,3.5,2.5,100.0,0.25
204,8169.03,1.684,28.43,1271.8,45.83,72,33,39,10,True,1.45,250.0,4.0,2.5,100.0,0.25
196,7920.63,1.684,28.57,1271.8,45.83,72,33,39,12,True,1.45,150.0,4.0,2.5,100.0,0.25
189,7534.24,1.684,26.46,1207.25,41.67,72,30,42,10,True,1.35,250.0,4.0,2.0,120.0,0.25
189,7532.56,1.683,26.46,1207.25,41.67,72,30,42,12,True,1.35,250.0,4.0,2.0,120.0,0.25
182,7205.24,1.682,26.37,1207.25,41.67,72,30,42,10,True,1.35,200.0,4.0,2.0,120.0,0.25
182,7203.56,1.682,26.37,1207.25,41.67,72,30,42,12,True,1.35,200.0,4.0,2.0,120.0,0.25
188,7914.88,1.68,24.47,1165.16,43.06,72,31,41,10,True,1.35,200.0,4.5,2.0,120.0,0.3
188,7912.87,1.68,24.47,1165.16,43.06,72,31,41,12,True,1.35,200.0,4.5,2.0,120.0,0.3
157,7775.27,1.68,25.48,2221.14,43.06,72,31,41,10,True,1.35,200.0,4.5,2.5,100.0,0.3
157,7775.27,1.68,25.48,2221.14,43.06,72,31,41,12,True,1.35,200.0,4.5,2.5,100.0,0.3
189,7616.3,1.68,24.34,1186.48,40.28,72,29,43,16,True,1.35,200.0,4.5,2.0,120.0,0.25
189,7616.3,1.68,24.34,1186.48,40.28,72,29,43,20,True,1.35,200.0,4.5,2.0,120.0,0.25
187,6959.4,1.68,25.67,1190.07,40.28,72,29,43,16,True,1.35,200.0,4.0,2.0,100.0,0.3
187,6959.4,1.68,25.67,1190.07,40.28,72,29,43,20,True,1.35,200.0,4.0,2.0,100.0,0.3
179,7068.57,1.678,26.26,1207.25,41.67,72,30,42,16,True,1.35,150.0,4.0,2.0,120.0,0.25
179,7068.57,1.678,26.26,1207.25,41.67,72,30,42,20,True,1.35,150.0,4.0,2.0,120.0,0.25
190,6683.69,1.678,25.26,1207.25,38.89,72,28,44,16,True,1.35,200.0,4.0,2.0,100.0,0.25
190,6683.69,1.678,25.26,1207.25,38.89,72,28,44,20,True,1.35,200.0,4.0,2.0,100.0,0.25
173,8217.63,1.676,28.32,1225.59,45.83,72,33,39,10,True,1.45,150.0,4.0,2.5,120.0,0.3
197,7865.25,1.676,28.43,1271.8,45.83,72,33,39,10,True,1.45,150.0,4.0,2.5,100.0,0.25
159,7731.93,1.674,25.16,2221.14,43.06,72,31,41,16,True,1.35,250.0,4.5,2.5,100.0,0.3
159,7731.93,1.674,25.16,2221.14,43.06,72,31,41,20,True,1.35,250.0,4.5,2.5,100.0,0.3
164,7552.48,1.674,25.0,2263.69,37.5,72,27,45,10,True,1.35,200.0,4.5,2.5,100.0,0.25
164,7552.48,1.674,25.0,2263.69,37.5,72,27,45,10,True,1.35,250.0,4.5,2.5,100.0,0.25
164,7552.48,1.674,25.0,2263.69,37.5,72,27,45,12,True,1.35,200.0,4.5,2.5,100.0,0.25
164,7552.48,1.674,25.0,2263.69,37.5,72,27,45,12,True,1.35,250.0,4.5,2.5,100.0,0.25
177,7417.19,1.674,29.38,1133.89,36.11,72,26,46,10,True,1.35,250.0,3.5,2.5,100.0,0.25
178,7265.82,1.673,26.4,1190.07,43.06,72,31,41,10,True,1.35,150.0,4.0,2.0,120.0,0.3
178,7263.81,1.673,26.4,1190.07,43.06,72,31,41,12,True,1.35,150.0,4.0,2.0,120.0,0.3
194,7139.76,1.672,25.77,1190.07,38.89,72,28,44,16,True,1.35,250.0,4.0,2.0,100.0,0.3
194,7139.76,1.672,25.77,1190.07,38.89,72,28,44,20,True,1.35,250.0,4.0,2.0,100.0,0.3
173,7588.72,1.671,29.48,1212.4,38.89,72,28,44,16,True,1.35,250.0,3.5,2.5,100.0,0.3
173,7588.72,1.671,29.48,1212.4,38.89,72,28,44,20,True,1.35,250.0,3.5,2.5,100.0,0.3
197,6853.43,1.668,25.38,1207.25,37.5,72,27,45,16,True,1.35,250.0,4.0,2.0,100.0,0.25
197,6853.43,1.668,25.38,1207.25,37.5,72,27,45,20,True,1.35,250.0,4.0,2.0,100.0,0.25
182,7582.0,1.667,24.18,1165.16,43.06,72,31,41,16,True,1.35,150.0,4.5,2.0,120.0,0.3
182,7582.0,1.667,24.18,1165.16,43.06,72,31,41,20,True,1.35,150.0,4.5,2.0,120.0,0.3
176,7181.0,1.667,28.98,1133.13,36.11,72,26,46,16,True,1.35,150.0,3.5,2.5,100.0,0.25
176,7181.0,1.667,28.98,1133.13,36.11,72,26,46,16,True,1.35,200.0,3.5,2.5,100.0,0.25
176,7181.0,1.667,28.98,1133.13,36.11,72,26,46,20,True,1.35,150.0,3.5,2.5,100.0,0.25
176,7181.0,1.667,28.98,1133.13,36.11,72,26,46,20,True,1.35,200.0,3.5,2.5,100.0,0.25
178,7924.26,1.665,27.53,1271.8,44.44,72,32,40,12,True,1.45,150.0,4.0,2.5,120.0,0.25
195,7293.99,1.665,23.59,1165.16,43.06,72,31,41,16,True,1.35,200.0,4.5,2.0,100.0,0.3
195,7293.99,1.665,23.59,1165.16,43.06,72,31,41,20,True,1.35,200.0,4.5,2.0,100.0,0.3
191,8030.65,1.66,29.32,1583.9,44.44,72,32,40,16,True,1.45,200.0,4.0,2.5,100.0,0.3
191,8027.59,1.659,29.32,1583.9,44.44,72,32,40,20,True,1.45,200.0,4.0,2.5,100.0,0.3
191,7478.66,1.659,24.08,1186.48,40.28,72,29,43,10,True,1.35,200.0,4.5,2.0,120.0,0.25
191,7476.99,1.659,24.08,1186.48,40.28,72,29,43,12,True,1.35,200.0,4.5,2.0,120.0,0.25
180,7311.63,1.659,28.89,1133.89,36.11,72,26,46,12,True,1.35,250.0,3.5,2.5,100.0,0.25
179,7868.88,1.658,27.37,1271.8,44.44,72,32,40,10,True,1.45,150.0,4.0,2.5,120.0,0.25
170,7314.83,1.658,29.41,1212.4,38.89,72,28,44,16,True,1.35,150.0,3.5,2.5,100.0,0.3
170,7314.83,1.658,29.41,1212.4,38.89,72,28,44,20,True,1.35,150.0,3.5,2.5,100.0,0.3
183,8443.83,1.657,28.42,1583.9,44.44,72,32,40,16,True,1.45,250.0,4.0,2.5,120.0,0.3
183,8440.77,1.657,28.42,1583.9,44.44,72,32,40,20,True,1.45,250.0,4.0,2.5,120.0,0.3
189,6817.7,1.657,25.4,1204.18,40.28,72,29,43,10,True,1.35,200.0,4.0,2.0,100.0,0.3
189,6815.69,1.657,25.4,1204.18,40.28,72,29,43,12,True,1.35,200.0,4.0,2.0,100.0,0.3
175,7113.38,1.656,29.14,1133.89,36.11,72,26,46,10,True,1.35,150.0,3.5,2.5,100.0,0.25
175,7113.38,1.656,29.14,1133.89,36.11,72,26,46,10,True,1.35,200.0,3.5,2.5,100.0,0.25
181,6930.93,1.656,25.97,1207.25,41.67,72,30,42,10,True,1.35,150.0,4.0,2.0,120.0,0.25
181,6929.25,1.656,25.97,1207.25,41.67,72,30,42,12,True,1.35,150.0,4.0,2.0,120.0,0.25
198,6905.01,1.655,23.23,1186.48,37.5,72,27,45,16,True,1.35,200.0,4.5,2.0,100.0,0.25
198,6905.01,1.655,23.23,1186.48,37.5,72,27,45,20,True,1.35,200.0,4.5,2.0,100.0,0.25
192,6546.05,1.655,25.0,1222.8,38.89,72,28,44,10,True,1.35,200.0,4.0,2.0,100.0,0.25
187,8206.57,1.654,27.81,1582.28,43.06,72,31,41,20,True,1.45,250.0,4.0,2.5,120.0,0.25
192,6544.37,1.654,25.0,1222.8,38.89,72,28,44,12,True,1.35,200.0,4.0,2.0,100.0,0.25
160,7586.05,1.653,25.0,2221.14,43.06,72,31,41,10,True,1.35,250.0,4.5,2.5,100.0,0.3
160,7586.05,1.653,25.0,2221.14,43.06,72,31,41,12,True,1.35,250.0,4.5,2.5,100.0,0.3
171,7284.92,1.653,29.24,1212.4,38.89,72,28,44,16,True,1.35,200.0,3.5,2.5,100.0,0.3
171,7284.92,1.653,29.24,1212.4,38.89,72,28,44,20,True,1.35,200.0,3.5,2.5,100.0,0.3
186,6685.09,1.653,25.27,1190.07,40.28,72,29,43,16,True,1.35,150.0,4.0,2.0,100.0,0.3
186,6685.09,1.653,25.27,1190.07,40.28,72,29,43,20,True,1.35,150.0,4.0,2.0,100.0,0.3
188,8187.03,1.652,27.66,1582.28,43.06,72,31,41,16,True,1.45,250.0,4.0,2.5,120.0,0.25
196,6998.06,1.65,25.51,1204.18,38.89,72,28,44,10,True,1.35,250.0,4.0,2.0,100.0,0.3
189,6409.38,1.65,24.87,1207.25,38.89,72,28,44,16,True,1.35,150.0,4.0,2.0,100.0,0.25
189,6409.38,1.65,24.87,1207.25,38.89,72,28,44,20,True,1.35,150.0,4.0,2.0,100.0,0.25
196,6996.04,1.649,25.51,1204.18,38.89,72,28,44,12,True,1.35,250.0,4.0,2.0,100.0,0.3
177,8088.8,1.648,28.25,1583.9,44.44,72,32,40,16,True,1.45,200.0,4.0,2.5,120.0,0.3
177,8085.74,1.647,28.25,1583.9,44.44,72,32,40,20,True,1.45,200.0,4.0,2.5,120.0,0.3
184,7440.3,1.646,23.91,1165.16,43.06,72,31,41,10,True,1.35,150.0,4.5,2.0,120.0,0.3
184,7438.28,1.646,23.91,1165.16,43.06,72,31,41,12,True,1.35,150.0,4.5,2.0,120.0,0.3
199,6715.79,1.646,25.13,1222.8,37.5,72,27,45,10,True,1.35,250.0,4.0,2.0,100.0,0.25
199,6714.11,1.646,25.13,1222.8,37.5,72,27,45,12,True,1.35,250.0,4.0,2.0,100.0,0.25
175,7410.09,1.645,29.14,1212.4,38.89,72,28,44,10,True,1.35,250.0,3.5,2.5,100.0,0.3
175,7410.09,1.645,29.14,1212.4,38.89,72,28,44,12,True,1.35,250.0,3.5,2.5,100.0,0.3
181,7851.54,1.644,27.62,1582.28,43.06,72,31,41,20,True,1.45,200.0,4.0,2.5,120.0,0.25
163,7720.41,1.644,26.38,1278.85,43.06,72,31,41,20,True,1.4,150.0,4.5,2.5,120.0,0.25
163,7720.41,1.644,26.38,1278.85,43.06,72,31,41,20,True,1.4,200.0,4.5,2.5,120.0,0.25
170,7691.58,1.644,28.24,1278.85,41.67,72,30,42,20,True,1.4,200.0,4.0,2.5,120.0,0.25
197,7152.29,1.644,23.35,1165.16,41.67,72,30,42,10,True,1.35,200.0,4.5,2.0,100.0,0.3
197,7150.27,1.643,23.35,1165.16,41.67,72,30,42,12,True,1.35,200.0,4.5,2.0,100.0,0.3
182,7832.0,1.642,27.47,1582.28,43.06,72,31,41,16,True,1.45,200.0,4.0,2.5,120.0,0.25
171,7672.04,1.642,28.07,1278.85,41.67,72,30,42,16,True,1.4,200.0,4.0,2.5,120.0,0.25
198,8011.9,1.641,28.79,1583.9,44.44,72,32,40,16,True,1.45,250.0,4.0,2.5,100.0,0.3
189,7766.55,1.641,29.1,1583.9,44.44,72,32,40,16,True,1.45,150.0,4.0,2.5,100.0,0.3
164,7700.87,1.641,26.22,1278.85,43.06,72,31,41,16,True,1.4,150.0,4.5,2.5,120.0,0.25
164,7700.87,1.641,26.22,1278.85,43.06,72,31,41,16,True,1.4,200.0,4.5,2.5,120.0,0.25
178,7007.83,1.641,28.65,1133.89,36.11,72,26,46,12,True,1.35,150.0,3.5,2.5,100.0,0.25
178,7007.83,1.641,28.65,1133.89,36.11,72,26,46,12,True,1.35,200.0,3.5,2.5,100.0,0.25
198,8008.84,1.64,28.79,1583.9,44.44,72,32,40,20,True,1.45,250.0,4.0,2.5,100.0,0.3
189,7763.49,1.64,29.1,1583.9,44.44,72,32,40,20,True,1.45,150.0,4.0,2.5,100.0,0.3
174,7775.73,1.639,28.16,1278.85,41.67,72,30,42,20,True,1.4,250.0,4.0,2.5,120.0,0.25
175,7756.19,1.637,28.0,1278.85,41.67,72,30,42,16,True,1.4,250.0,4.0,2.5,120.0,0.25
200,6767.37,1.634,23.0,1186.48,37.5,72,27,45,10,True,1.35,200.0,4.5,2.0,100.0,0.25
171,7912.84,1.633,26.32,1278.85,41.67,72,30,42,20,True,1.4,250.0,4.5,2.5,120.0,0.25
200,6765.69,1.633,23.0,1186.48,37.5,72,27,45,12,True,1.35,200.0,4.5,2.0,100.0,0.25
172,7136.19,1.632,29.07,1212.4,38.89,72,28,44,10,True,1.35,150.0,3.5,2.5,100.0,0.3
172,7136.19,1.632,29.07,1212.4,38.89,72,28,44,12,True,1.35,150.0,3.5,2.5,100.0,0.3
199,7495.37,1.631,28.14,1582.28,44.44,72,32,40,20,True,1.45,200.0,4.0,2.5,100.0,0.25
172,7893.3,1.63,26.16,1278.85,41.67,72,30,42,16,True,1.4,250.0,4.5,2.5,120.0,0.25
188,6543.39,1.63,25.0,1204.18,40.28,72,29,43,10,True,1.35,150.0,4.0,2.0,100.0,0.3
188,6541.37,1.63,25.0,1204.18,40.28,72,29,43,12,True,1.35,150.0,4.0,2.0,100.0,0.3
191,6819.41,1.629,23.04,1165.16,43.06,72,31,41,16,True,1.35,150.0,4.5,2.0,100.0,0.3
191,6819.41,1.629,23.04,1165.16,43.06,72,31,41,20,True,1.35,150.0,4.5,2.0,100.0,0.3
200,7475.83,1.628,28.0,1582.28,44.44,72,32,40,16,True,1.45,200.0,4.0,2.5,100.0,0.25
173,7106.28,1.627,28.9,1212.4,38.89,72,28,44,10,True,1.35,200.0,3.5,2.5,100.0,0.3
173,7106.28,1.627,28.9,1212.4,38.89,72,28,44,12,True,1.35,200.0,3.5,2.5,100.0,0.3
191,6271.74,1.627,24.61,1222.8,38.89,72,28,44,10,True,1.35,150.0,4.0,2.0,100.0,0.25
191,6270.06,1.627,24.61,1222.8,38.89,72,28,44,12,True,1.35,150.0,4.0,2.0,100.0,0.25
203,7579.53,1.626,28.08,1582.28,44.44,72,32,40,20,True,1.45,250.0,4.0,2.5,100.0,0.25
187,7020.95,1.626,23.53,1186.48,40.28,72,29,43,16,True,1.35,150.0,4.5,2.0,120.0,0.25
187,7020.95,1.626,23.53,1186.48,40.28,72,29,43,20,True,1.35,150.0,4.5,2.0,120.0,0.25
204,7559.99,1.624,27.94,1582.28,44.44,72,32,40,16,True,1.45,250.0,4.0,2.5,100.0,0.25
167,7549.87,1.621,25.75,1278.85,43.06,72,31,41,12,True,1.4,150.0,4.5,2.5,120.0,0.25
167,7549.87,1.621,25.75,1278.85,43.06,72,31,41,12,True,1.4,200.0,4.5,2.5,120.0,0.25
174,7521.05,1.621,27.59,1278.85,41.67,72,30,42,12,True,1.4,200.0,4.0,2.5,120.0,0.25
174,7515.52,1.621,27.59,1278.85,41.67,72,30,42,10,True,1.4,200.0,4.0,2.5,120.0,0.25
167,7544.35,1.62,25.75,1278.85,43.06,72,31,41,10,True,1.4,150.0,4.5,2.5,120.0,0.25
167,7544.35,1.62,25.75,1278.85,43.06,72,31,41,10,True,1.4,200.0,4.5,2.5,120.0,0.25
166,7716.54,1.619,25.3,1225.59,40.28,72,29,43,12,True,1.45,150.0,4.5,2.5,120.0,0.3
166,7716.54,1.619,25.3,1225.59,40.28,72,29,43,12,True,1.45,200.0,4.5,2.5,120.0,0.3
173,7971.84,1.617,25.43,1225.59,38.89,72,28,44,12,True,1.45,250.0,4.5,2.5,120.0,0.3
178,7605.2,1.617,27.53,1278.85,41.67,72,30,42,12,True,1.4,250.0,4.0,2.5,120.0,0.25
175,7742.31,1.611,25.71,1278.85,41.67,72,30,42,12,True,1.4,250.0,4.5,2.5,120.0,0.25
175,7736.78,1.61,25.71,1278.85,41.67,72,30,42,10,True,1.4,250.0,4.5,2.5,120.0,0.25
167,7647.64,1.61,25.15,1225.59,40.28,72,29,43,10,True,1.45,150.0,4.5,2.5,120.0,0.3
167,7647.64,1.61,25.15,1225.59,40.28,72,29,43,10,True,1.45,200.0,4.5,2.5,120.0,0.3
197,7213.75,1.609,27.92,1582.28,44.44,72,32,40,20,True,1.45,150.0,4.0,2.5,100.0,0.25
174,7902.94,1.608,25.29,1225.59,38.89,72,28,44,10,True,1.45,250.0,4.5,2.5,120.0,0.3
179,7537.68,1.608,27.37,1278.85,41.67,72,30,42,10,True,1.4,250.0,4.0,2.5,120.0,0.25
193,6677.7,1.608,22.8,1165.16,41.67,72,30,42,10,True,1.35,150.0,4.5,2.0,100.0,0.3
189,6883.31,1.607,23.28,1186.48,40.28,72,29,43,10,True,1.35,150.0,4.5,2.0,120.0,0.25
193,6675.69,1.607,22.8,1165.16,41.67,72,30,42,12,True,1.35,150.0,4.5,2.0,100.0,0.3
198,7194.21,1.606,27.78,1582.28,44.44,72,32,40,16,True,1.45,150.0,4.0,2.5,100.0,0.25
189,6881.63,1.606,23.28,1186.48,40.28,72,29,43,12,True,1.35,150.0,4.5,2.0,120.0,0.25
157,7431.8,1.601,26.75,1529.15,43.06,72,31,41,16,True,1.4,150.0,4.5,2.5,120.0,0.3
157,7429.04,1.601,26.75,1529.15,43.06,72,31,41,20,True,1.4,150.0,4.5,2.5,120.0,0.3
173,7363.8,1.599,24.28,1271.8,38.89,72,28,44,12,True,1.45,150.0,4.5,2.5,120.0,0.25
173,7363.8,1.599,24.28,1271.8,38.89,72,28,44,12,True,1.45,200.0,4.5,2.5,120.0,0.25
196,6309.66,1.598,22.45,1186.48,37.5,72,27,45,16,True,1.35,150.0,4.5,2.0,100.0,0.25
196,6309.66,1.598,22.45,1186.48,37.5,72,27,45,20,True,1.35,150.0,4.5,2.0,100.0,0.25
180,7619.11,1.597,24.44,1271.8,37.5,72,27,45,12,True,1.45,250.0,4.5,2.5,120.0,0.25
175,7454.63,1.597,27.43,1583.9,44.44,72,32,40,16,True,1.45,150.0,4.0,2.5,120.0,0.3
175,7451.57,1.596,27.43,1583.9,44.44,72,32,40,20,True,1.45,150.0,4.0,2.5,120.0,0.3
179,7217.38,1.592,26.82,1582.28,43.06,72,31,41,20,True,1.45,150.0,4.0,2.5,120.0,0.25
174,7308.43,1.591,24.14,1271.8,38.89,72,28,44,10,True,1.45,150.0,4.5,2.5,120.0,0.25
174,7308.43,1.591,24.14,1271.8,38.89,72,28,44,10,True,1.45,200.0,4.5,2.5,120.0,0.25
181,7563.73,1.59,24.31,1271.8,37.5,72,27,45,10,True,1.45,250.0,4.5,2.5,120.0,0.25
180,7197.84,1.59,26.67,1582.28,43.06,72,31,41,16,True,1.45,150.0,4.0,2.5,120.0,0.25
168,7029.39,1.589,27.38,1278.85,41.67,72,30,42,20,True,1.4,150.0,4.0,2.5,120.0,0.25
169,7009.85,1.586,27.22,1278.85,41.67,72,30,42,16,True,1.4,150.0,4.0,2.5,120.0,0.25
180,6129.71,1.585,28.33,1214.99,47.22,72,34,38,16,True,1.35,200.0,3.5,2.0,120.0,0.3
180,6129.71,1.585,28.33,1214.99,47.22,72,34,38,20,True,1.35,200.0,3.5,2.0,120.0,0.3
160,7269.77,1.581,26.25,1572.68,43.06,72,31,41,10,True,1.4,150.0,4.5,2.5,120.0,0.3
160,7269.77,1.581,26.25,1572.68,43.06,72,31,41,12,True,1.4,150.0,4.5,2.5,120.0,0.3
166,7522.14,1.58,26.51,1529.15,41.67,72,30,42,16,True,1.4,250.0,4.5,2.5,120.0,0.3
159,7266.84,1.58,26.42,1529.15,43.06,72,31,41,16,True,1.4,200.0,4.5,2.5,120.0,0.3
159,7264.07,1.58,26.42,1529.15,43.06,72,31,41,20,True,1.4,200.0,4.5,2.5,120.0,0.3
166,7234.1,1.58,28.31,1438.82,43.06,72,31,41,16,True,1.4,200.0,4.0,2.5,120.0,0.3
166,7519.37,1.579,26.51,1529.15,41.67,72,30,42,20,True,1.4,250.0,4.5,2.5,120.0,0.3
166,7231.33,1.579,28.31,1438.82,43.06,72,31,41,20,True,1.4,200.0,4.0,2.5,120.0,0.3
198,6172.02,1.578,22.22,1186.48,37.5,72,27,45,10,True,1.35,150.0,4.5,2.0,100.0,0.25
198,6170.34,1.578,22.22,1186.48,37.5,72,27,45,12,True,1.35,150.0,4.5,2.0,100.0,0.25
170,7318.25,1.576,28.24,1438.82,43.06,72,31,41,16,True,1.4,250.0,4.0,2.5,120.0,0.3
170,7315.48,1.576,28.24,1438.82,43.06,72,31,41,20,True,1.4,250.0,4.0,2.5,120.0,0.3
182,6095.21,1.575,28.57,1214.99,47.22,72,34,38,10,True,1.35,200.0,3.5,2.0,120.0,0.3
172,6858.85,1.567,26.74,1278.85,41.67,72,30,42,12,True,1.4,150.0,4.0,2.5,120.0,0.25
172,6853.33,1.566,26.74,1278.85,41.67,72,30,42,10,True,1.4,150.0,4.0,2.5,120.0,0.25
182,5986.0,1.563,28.02,1214.99,47.22,72,34,38,12,True,1.35,200.0,3.5,2.0,120.0,0.3
169,7360.11,1.56,26.04,1572.68,41.67,72,30,42,10,True,1.4,250.0,4.5,2.5,120.0,0.3
169,7360.11,1.56,26.04,1572.68,41.67,72,30,42,12,True,1.4,250.0,4.5,2.5,120.0,0.3
162,7104.81,1.56,25.93,1572.68,43.06,72,31,41,10,True,1.4,200.0,4.5,2.5,120.0,0.3
162,7104.81,1.56,25.93,1572.68,43.06,72,31,41,12,True,1.4,200.0,4.5,2.5,120.0,0.3
169,7072.07,1.559,27.81,1482.36,43.06,72,31,41,10,True,1.4,200.0,4.0,2.5,120.0,0.3
169,7072.07,1.559,27.81,1482.36,43.06,72,31,41,12,True,1.4,200.0,4.0,2.5,120.0,0.3
178,5806.66,1.559,28.09,1214.99,47.22,72,34,38,16,True,1.35,150.0,3.5,2.0,120.0,0.3
178,5806.66,1.559,28.09,1214.99,47.22,72,34,38,20,True,1.35,150.0,3.5,2.0,120.0,0.3
161,6812.31,1.557,27.95,1438.82,44.44,72,32,40,16,True,1.4,150.0,4.0,2.5,120.0,0.3
173,7156.22,1.556,27.75,1482.36,43.06,72,31,41,12,True,1.4,250.0,4.0,2.5,120.0,0.3
161,6809.54,1.556,27.95,1438.82,44.44,72,32,40,20,True,1.4,150.0,4.0,2.5,120.0,0.3
184,5697.73,1.551,27.72,1228.01,44.44,72,32,40,16,True,1.35,200.0,3.5,2.0,120.0,0.25
184,5697.73,1.551,27.72,1228.01,44.44,72,32,40,20,True,1.35,200.0,3.5,2.0,120.0,0.25
180,5772.16,1.55,28.33,1214.99,47.22,72,34,38,10,True,1.35,150.0,3.5,2.0,120.0,0.3
174,7094.22,1.549,27.59,1482.36,43.06,72,31,41,10,True,1.4,250.0,4.0,2.5,120.0,0.3
187,5969.56,1.546,28.34,1214.99,45.83,72,33,39,16,True,1.35,250.0,3.5,2.0,120.0,0.3
187,5969.56,1.546,28.34,1214.99,45.83,72,33,39,20,True,1.35,250.0,3.5,2.0,120.0,0.3
186,5649.42,1.54,27.96,1228.01,44.44,72,32,40,10,True,1.35,200.0,3.5,2.0,120.0,0.25
196,6926.98,1.539,30.61,1225.59,47.22,72,34,38,12,True,1.45,250.0,3.5,2.5,120.0,0.3
180,5662.95,1.538,27.78,1214.99,47.22,72,34,38,12,True,1.35,150.0,3.5,2.0,120.0,0.3
189,5935.06,1.537,28.57,1214.99,45.83,72,33,39,10,True,1.35,250.0,3.5,2.0,120.0,0.3
164,6650.28,1.536,27.44,1482.36,44.44,72,32,40,10,True,1.4,150.0,4.0,2.5,120.0,0.3
164,6650.28,1.536,27.44,1482.36,44.44,72,32,40,12,True,1.4,150.0,4.0,2.5,120.0,0.3
176,7081.86,1.531,24.43,1419.55,37.5,72,27,45,16,True,1.45,250.0,4.5,2.5,120.0,0.3
176,7078.8,1.531,24.43,1419.55,37.5,72,27,45,20,True,1.45,250.0,4.5,2.5,120.0,0.3
197,6858.08,1.531,30.46,1225.59,47.22,72,34,38,10,True,1.45,250.0,3.5,2.5,120.0,0.3
169,6826.56,1.53,24.26,1419.55,38.89,72,28,44,16,True,1.45,150.0,4.5,2.5,120.0,0.3
169,6826.56,1.53,24.26,1419.55,38.89,72,28,44,16,True,1.45,200.0,4.5,2.5,120.0,0.3
169,6823.5,1.53,24.26,1419.55,38.89,72,28,44,20,True,1.45,150.0,4.5,2.5,120.0,0.3
169,6823.5,1.53,24.26,1419.55,38.89,72,28,44,20,True,1.45,200.0,4.5,2.5,120.0,0.3
186,5558.41,1.53,27.42,1228.01,44.44,72,32,40,12,True,1.35,200.0,3.5,2.0,120.0,0.25
181,6854.03,1.526,23.76,1430.74,36.11,72,26,46,20,True,1.45,250.0,4.5,2.5,120.0,0.25
193,6711.81,1.526,30.57,1225.59,47.22,72,34,38,12,True,1.45,200.0,3.5,2.5,120.0,0.3
189,5825.84,1.526,28.04,1214.99,45.83,72,33,39,12,True,1.35,250.0,3.5,2.0,120.0,0.3
182,5374.68,1.525,27.47,1228.01,44.44,72,32,40,16,True,1.35,150.0,3.5,2.0,120.0,0.25
182,5374.68,1.525,27.47,1228.01,44.44,72,32,40,20,True,1.35,150.0,3.5,2.0,120.0,0.25
174,6598.73,1.524,23.56,1430.74,37.5,72,27,45,20,True,1.45,150.0,4.5,2.5,120.0,0.25
174,6598.73,1.524,23.56,1430.74,37.5,72,27,45,20,True,1.45,200.0,4.5,2.5,120.0,0.25
182,6834.49,1.523,23.63,1430.74,36.11,72,26,46,16,True,1.45,250.0,4.5,2.5,120.0,0.25
190,5601.59,1.523,27.89,1228.01,43.06,72,31,41,16,True,1.35,250.0,3.5,2.0,120.0,0.25
190,5601.59,1.523,27.89,1228.01,43.06,72,31,41,20,True,1.35,250.0,3.5,2.0,120.0,0.25
175,6579.19,1.522,23.43,1430.74,37.5,72,27,45,16,True,1.45,150.0,4.5,2.5,120.0,0.25
175,6579.19,1.522,23.43,1430.74,37.5,72,27,45,16,True,1.45,200.0,4.5,2.5,120.0,0.25
194,6642.91,1.518,30.41,1225.59,47.22,72,34,38,10,True,1.45,200.0,3.5,2.5,120.0,0.3
202,6536.05,1.518,29.7,1271.8,45.83,72,33,39,12,True,1.45,250.0,3.5,2.5,120.0,0.25
184,5326.38,1.514,27.72,1228.01,44.44,72,32,40,10,True,1.35,150.0,3.5,2.0,120.0,0.25
192,5553.29,1.513,28.12,1228.01,43.06,72,31,41,10,True,1.35,250.0,3.5,2.0,120.0,0.25
203,6480.68,1.512,29.56,1271.8,45.83,72,33,39,10,True,1.45,250.0,3.5,2.5,120.0,0.25
193,5203.17,1.507,26.94,1272.3,43.06,72,31,41,16,True,1.35,200.0,3.5,2.0,100.0,0.3
193,5203.17,1.507,26.94,1272.3,43.06,72,31,41,20,True,1.35,200.0,3.5,2.0,100.0,0.3
199,6316.14,1.504,29.65,1271.8,45.83,72,33,39,12,True,1.45,200.0,3.5,2.5,120.0,0.25
184,5235.36,1.504,27.17,1228.01,44.44,72,32,40,12,True,1.35,150.0,3.5,2.0,120.0,0.25
192,5462.27,1.503,27.6,1228.01,43.06,72,31,41,12,True,1.35,250.0,3.5,2.0,120.0,0.25
200,6260.76,1.498,29.5,1271.8,45.83,72,33,39,10,True,1.45,200.0,3.5,2.5,120.0,0.25
192,6181.67,1.498,24.48,1409.97,36.11,72,26,46,12,True,1.45,250.0,4.5,2.5,100.0,0.25
195,5168.67,1.497,27.18,1298.69,43.06,72,31,41,10,True,1.35,200.0,3.5,2.0,100.0,0.3
193,6123.67,1.491,24.35,1409.97,36.11,72,26,46,10,True,1.45,250.0,4.5,2.5,100.0,0.25
195,5059.45,1.486,26.67,1298.69,43.06,72,31,41,12,True,1.35,200.0,3.5,2.0,100.0,0.3
197,4826.32,1.484,26.4,1274.48,38.89,72,28,44,16,True,1.35,200.0,3.5,2.0,100.0,0.25
197,4826.32,1.484,26.4,1274.48,38.89,72,28,44,20,True,1.35,200.0,3.5,2.0,100.0,0.25
196,6309.84,1.482,30.1,1675.2,45.83,72,33,39,16,True,1.45,250.0,3.5,2.5,120.0,0.3
196,6306.78,1.481,30.1,1675.2,45.83,72,33,39,20,True,1.45,250.0,3.5,2.5,120.0,0.3
192,5872.58,1.481,29.17,1271.8,45.83,72,33,39,12,True,1.45,150.0,3.5,2.5,120.0,0.25
191,4880.12,1.48,26.7,1272.3,43.06,72,31,41,16,True,1.35,150.0,3.5,2.0,100.0,0.3
191,4880.12,1.48,26.7,1272.3,43.06,72,31,41,20,True,1.35,150.0,3.5,2.0,100.0,0.3
182,5907.61,1.479,29.67,1225.59,45.83,72,33,39,12,True,1.45,150.0,3.5,2.5,120.0,0.3
184,5782.18,1.478,24.46,1409.97,36.11,72,26,46,12,True,1.45,150.0,4.5,2.5,100.0,0.25
193,5817.21,1.474,29.02,1271.8,45.83,72,33,39,10,True,1.45,150.0,3.5,2.5,120.0,0.25
199,4778.01,1.474,26.63,1296.47,38.89,72,28,44,10,True,1.35,200.0,3.5,2.0,100.0,0.25
200,6028.46,1.473,29.5,1672.95,44.44,72,32,40,20,True,1.45,250.0,3.5,2.5,120.0,0.25
227,5272.03,1.473,22.47,1229.32,40.28,72,29,43,20,True,1.4,150.0,4.0,2.0,100.0,0.25
227,5272.03,1.473,22.47,1229.32,40.28,72,29,43,20,True,1.4,200.0,4.0,2.0,100.0,0.25
201,6008.92,1.471,29.35,1672.95,44.44,72,32,40,16,True,1.45,250.0,3.5,2.5,120.0,0.25
183,5838.71,1.471,29.51,1225.59,45.83,72,33,39,10,True,1.45,150.0,3.5,2.5,120.0,0.3
185,5724.18,1.471,24.32,1409.97,36.11,72,26,46,10,True,1.45,150.0,4.5,2.5,100.0,0.25
228,5256.24,1.471,22.37,1229.32,40.28,72,29,43,16,True,1.4,150.0,4.0,2.0,100.0,0.25
228,5256.24,1.471,22.37,1229.32,40.28,72,29,43,16,True,1.4,200.0,4.0,2.0,100.0,0.25
193,4845.62,1.471,26.94,1298.69,43.06,72,31,41,10,True,1.35,150.0,3.5,2.0,100.0,0.3
216,6566.11,1.47,26.39,1540.67,44.44,72,32,40,10,False,1.4,250.0,4.5,2.5,120.0,0.3
219,6172.01,1.47,25.57,1572.41,43.06,72,31,41,10,False,1.4,250.0,4.5,2.5,120.0,0.25
236,5812.55,1.468,22.46,1331.93,44.44,72,32,40,20,True,1.45,200.0,4.5,2.0,100.0,0.3
179,5719.02,1.468,29.61,1320.75,41.67,72,30,42,20,True,1.4,250.0,3.5,2.5,120.0,0.25
187,5696.44,1.467,24.06,1409.97,36.11,72,26,46,12,True,1.45,200.0,4.5,2.5,100.0,0.25
214,5977.56,1.465,29.91,1352.31,44.44,72,32,40,12,True,1.45,250.0,3.5,2.5,100.0,0.3
180,5699.48,1.465,29.44,1320.75,41.67,72,30,42,16,True,1.4,250.0,3.5,2.5,120.0,0.25
199,4687.0,1.464,26.13,1296.47,38.89,72,28,44,12,True,1.35,200.0,3.5,2.0,100.0,0.25
238,5770.66,1.463,22.27,1331.93,44.44,72,32,40,16,True,1.45,200.0,4.5,2.0,100.0,0.3
188,5638.43,1.46,23.94,1409.97,36.11,72,26,46,10,True,1.45,200.0,4.5,2.5,100.0,0.25
211,5828.89,1.459,29.86,1225.59,45.83,72,33,39,12,True,1.45,200.0,3.5,2.5,100.0,0.3
193,4736.4,1.459,26.42,1298.69,43.06,72,31,41,12,True,1.35,150.0,3.5,2.0,100.0,0.3
195,6002.98,1.458,29.74,1675.2,45.83,72,33,39,16,True,1.45,200.0,3.5,2.5,120.0,0.3
195,5999.92,1.458,29.74,1675.2,45.83,72,33,39,20,True,1.45,200.0,3.5,2.5,120.0,0.3
215,5908.66,1.457,29.77,1355.83,44.44,72,32,40,10,True,1.45,250.0,3.5,2.5,100.0,0.3
195,4503.27,1.456,26.15,1274.48,38.89,72,28,44,16,True,1.35,150.0,3.5,2.0,100.0,0.25
195,4503.27,1.456,26.15,1274.48,38.89,72,28,44,20,True,1.35,150.0,3.5,2.0,100.0,0.25
236,5284.58,1.453,22.46,1229.32,38.89,72,28,44,20,True,1.4,250.0,4.0,2.0,100.0,0.25
168,5579.26,1.452,29.76,1669.67,44.44,72,32,40,16,True,1.4,150.0,3.5,2.5,120.0,0.3
168,5576.5,1.452,29.76,1669.67,44.44,72,32,40,20,True,1.4,150.0,3.5,2.5,120.0,0.3
212,5759.99,1.451,29.72,1225.59,45.83,72,33,39,10,True,1.45,200.0,3.5,2.5,100.0,0.3
237,5268.79,1.451,22.36,1229.32,38.89,72,28,44,16,True,1.4,250.0,4.0,2.0,100.0,0.25
199,5721.61,1.449,29.15,1672.95,44.44,72,32,40,20,True,1.45,200.0,3.5,2.5,120.0,0.25
226,5003.83,1.448,21.68,1229.32,40.28,72,29,43,12,True,1.4,150.0,4.0,2.0,100.0,0.25
226,5003.83,1.448,21.68,1229.32,40.28,72,29,43,12,True,1.4,200.0,4.0,2.0,100.0,0.25
200,5702.07,1.447,29.0,1672.95,44.44,72,32,40,16,True,1.45,200.0,3.5,2.5,120.0,0.25
197,4454.97,1.446,26.4,1296.47,38.89,72,28,44,10,True,1.35,150.0,3.5,2.0,100.0,0.25
227,4978.94,1.445,21.59,1229.32,40.28,72,29,43,10,True,1.4,150.0,4.0,2.0,100.0,0.25
227,4978.94,1.445,21.59,1229.32,40.28,72,29,43,10,True,1.4,200.0,4.0,2.0,100.0,0.25
174,5329.32,1.442,29.31,1320.75,41.67,72,30,42,20,True,1.4,150.0,3.5,2.5,120.0,0.25
183,5300.82,1.442,26.78,1553.76,38.89,72,28,44,20,True,1.4,150.0,4.0,2.5,100.0,0.25
175,5309.78,1.44,29.14,1320.75,41.67,72,30,42,16,True,1.4,150.0,3.5,2.5,120.0,0.25
184,5281.28,1.44,26.63,1573.3,38.89,72,28,44,16,True,1.4,150.0,4.0,2.5,100.0,0.25
242,5559.42,1.439,21.9,1333.53,44.44,72,32,40,12,True,1.45,200.0,4.5,2.0,100.0,0.3
199,4709.8,1.439,26.63,1272.3,41.67,72,30,42,16,True,1.35,250.0,3.5,2.0,100.0,0.3
199,4709.8,1.439,26.63,1272.3,41.67,72,30,42,20,True,1.35,250.0,3.5,2.0,100.0,0.3
185,5461.55,1.438,28.65,1320.75,41.67,72,30,42,12,True,1.4,250.0,3.5,2.5,120.0,0.25
184,5268.55,1.438,26.63,1553.76,38.89,72,28,44,20,True,1.4,200.0,4.0,2.5,100.0,0.25
221,5456.16,1.437,28.96,1507.58,41.67,72,30,42,12,True,1.45,250.0,3.5,2.5,100.0,0.25
185,5456.02,1.437,28.65,1320.75,41.67,72,30,42,10,True,1.4,250.0,3.5,2.5,120.0,0.25
188,5352.7,1.437,26.6,1553.76,38.89,72,28,44,20,True,1.4,250.0,4.0,2.5,100.0,0.25
186,5625.96,1.436,24.73,2124.09,37.5,72,27,45,12,True,1.45,250.0,4.5,2.5,100.0,0.3
185,5249.01,1.436,26.49,1573.3,38.89,72,28,44,16,True,1.4,200.0,4.0,2.5,100.0,0.25
197,4363.95,1.436,25.89,1296.47,38.89,72,28,44,12,True,1.35,150.0,3.5,2.0,100.0,0.25
221,5762.35,1.435,29.41,1227.07,47.22,72,34,38,16,False,1.4,200.0,3.5,2.5,120.0,0.3
189,5333.16,1.435,26.46,1573.3,38.89,72,28,44,16,True,1.4,250.0,4.0,2.5,100.0,0.25
171,5417.23,1.433,29.24,1713.21,44.44,72,32,40,10,True,1.4,150.0,3.5,2.5,120.0,0.3
171,5417.23,1.433,29.24,1713.21,44.44,72,32,40,12,True,1.4,150.0,3.5,2.5,120.0,0.3
201,4675.3,1.432,26.87,1298.69,41.67,72,30,42,10,True,1.35,250.0,3.5,2.0,100.0,0.3
244,5793.73,1.431,23.77,1572.41,43.06,72,31,41,10,False,1.4,200.0,4.5,2.5,100.0,0.25
244,5793.73,1.431,23.77,1572.41,43.06,72,31,41,10,False,1.4,250.0,4.5,2.5,100.0,0.25
246,5518.76,1.431,21.95,1386.02,44.44,72,32,40,10,True,1.45,200.0,4.5,2.0,100.0,0.3
210,5094.75,1.431,22.38,1564.81,40.28,72,29,43,20,True,1.4,150.0,4.0,2.0,120.0,0.25
210,5094.75,1.431,22.38,1564.81,40.28,72,29,43,20,True,1.4,200.0,4.0,2.0,120.0,0.25
222,5400.78,1.43,28.83,1511.1,41.67,72,30,42,10,True,1.45,250.0,3.5,2.5,100.0,0.25
218,5307.48,1.43,28.9,1349.4,43.06,72,31,41,12,True,1.45,200.0,3.5,2.5,100.0,0.25
235,5016.38,1.43,21.7,1229.32,38.89,72,28,44,12,True,1.4,250.0,4.0,2.0,100.0,0.25
240,6173.39,1.429,24.58,1540.67,44.44,72,32,40,10,False,1.4,250.0,4.5,2.5,100.0,0.3
201,5280.5,1.429,29.85,1225.59,45.83,72,33,39,12,True,1.45,150.0,3.5,2.5,100.0,0.3
211,5078.97,1.429,22.27,1564.81,40.28,72,29,43,16,True,1.4,150.0,4.0,2.0,120.0,0.25
211,5078.97,1.429,22.27,1564.81,40.28,72,29,43,16,True,1.4,200.0,4.0,2.0,120.0,0.25
187,5557.06,1.428,24.6,2124.09,37.5,72,27,45,10,True,1.45,250.0,4.5,2.5,100.0,0.3
240,5131.28,1.428,21.25,1408.39,40.28,72,29,43,20,True,1.45,150.0,4.5,2.0,100.0,0.25
193,5416.6,1.427,23.83,1430.74,34.72,72,25,47,20,True,1.45,250.0,4.5,2.5,100.0,0.25
178,5220.42,1.427,29.21,1320.75,41.67,72,30,42,20,True,1.4,200.0,3.5,2.5,120.0,0.25
236,4991.49,1.427,21.61,1229.32,38.89,72,28,44,10,True,1.4,250.0,4.0,2.0,100.0,0.25
218,5593.98,1.426,25.23,1572.41,43.06,72,31,41,10,False,1.4,200.0,4.5,2.5,120.0,0.25
235,5317.48,1.425,21.7,1331.93,44.44,72,32,40,20,True,1.45,150.0,4.5,2.0,100.0,0.3
192,5278.05,1.425,28.65,1672.95,44.44,72,32,40,20,True,1.45,150.0,3.5,2.5,120.0,0.25
175,5249.64,1.425,27.43,1438.82,43.06,72,31,41,16,True,1.4,150.0,4.0,2.5,100.0,0.3
175,5246.87,1.425,27.43,1438.82,43.06,72,31,41,20,True,1.4,150.0,4.0,2.5,100.0,0.3
179,5200.88,1.425,29.05,1320.75,41.67,72,30,42,16,True,1.4,200.0,3.5,2.5,120.0,0.25
202,4396.97,1.425,26.24,1274.48,37.5,72,27,45,16,True,1.35,250.0,3.5,2.0,100.0,0.25
202,4396.97,1.425,26.24,1274.48,37.5,72,27,45,20,True,1.35,250.0,3.5,2.0,100.0,0.25
194,5397.06,1.424,23.71,1430.74,34.72,72,25,47,16,True,1.45,250.0,4.5,2.5,100.0,0.25
219,5252.11,1.424,28.77,1352.92,43.06,72,31,41,10,True,1.45,200.0,3.5,2.5,100.0,0.25
305,6126.88,1.423,27.87,1244.34,48.61,72,35,37,10,False,1.4,250.0,3.5,2.5,100.0,0.25
299,5949.56,1.423,27.76,1244.34,48.61,72,35,37,10,False,1.4,200.0,3.5,2.5,100.0,0.25
226,5363.35,1.423,23.01,1380.22,44.44,72,32,40,20,True,1.45,200.0,4.5,2.0,120.0,0.3
242,5096.37,1.423,21.07,1408.39,40.28,72,29,43,16,True,1.45,150.0,4.5,2.0,100.0,0.25
193,5258.51,1.422,28.5,1672.95,44.44,72,32,40,16,True,1.45,150.0,3.5,2.5,120.0,0.25
178,5158.78,1.422,28.65,1320.75,41.67,72,30,42,12,True,1.4,150.0,3.5,2.5,120.0,0.25
178,5153.26,1.422,28.65,1320.75,41.67,72,30,42,10,True,1.4,150.0,3.5,2.5,120.0,0.25
207,5152.11,1.422,22.71,1546.01,40.28,72,29,43,16,True,1.4,150.0,4.0,2.0,120.0,0.3
207,5152.11,1.422,22.71,1546.01,40.28,72,29,43,16,True,1.4,200.0,4.0,2.0,120.0,0.3
227,5349.09,1.421,22.91,1380.22,44.44,72,32,40,16,True,1.45,200.0,4.5,2.0,120.0,0.3
202,5211.6,1.421,29.7,1225.59,45.83,72,33,39,10,True,1.45,150.0,3.5,2.5,100.0,0.3
207,5142.67,1.421,22.71,1546.01,40.28,72,29,43,20,True,1.4,150.0,4.0,2.0,120.0,0.3
207,5142.67,1.421,22.71,1546.01,40.28,72,29,43,20,True,1.4,200.0,4.0,2.0,120.0,0.3
237,5275.59,1.42,21.52,1331.93,44.44,72,32,40,16,True,1.45,150.0,4.5,2.0,100.0,0.3
201,4566.09,1.42,26.37,1298.69,41.67,72,30,42,12,True,1.35,250.0,3.5,2.0,100.0,0.3
214,5426.91,1.416,29.44,1675.2,44.44,72,32,40,16,True,1.45,250.0,3.5,2.5,100.0,0.3
214,5423.86,1.416,29.44,1675.2,44.44,72,32,40,20,True,1.45,250.0,3.5,2.5,100.0,0.3
187,5043.26,1.416,25.67,1573.3,38.89,72,28,44,12,True,1.4,150.0,4.0,2.5,100.0,0.25
204,4348.67,1.416,26.47,1296.47,37.5,72,27,45,10,True,1.35,250.0,3.5,2.0,100.0,0.25
187,5037.74,1.415,25.67,1573.3,38.89,72,28,44,10,True,1.4,150.0,4.0,2.5,100.0,0.25
176,5297.52,1.413,29.55,1669.67,43.06,72,31,41,16,True,1.4,250.0,3.5,2.5,120.0,0.3
176,5294.75,1.413,29.55,1669.67,43.06,72,31,41,20,True,1.4,250.0,3.5,2.5,120.0,0.3
247,5037.64,1.413,21.86,1408.39,40.28,72,29,43,20,True,1.45,200.0,4.5,2.0,100.0,0.25
247,5037.64,1.413,21.86,1408.39,40.28,72,29,43,20,True,1.45,250.0,4.5,2.0,100.0,0.25
266,5533.74,1.412,27.82,1228.04,45.83,72,33,39,20,False,1.4,200.0,3.5,2.5,100.0,0.25
242,5248.25,1.412,22.31,1331.93,44.44,72,32,40,20,True,1.45,250.0,4.5,2.0,100.0,0.3
179,5204.89,1.412,24.58,2124.09,37.5,72,27,45,12,True,1.45,150.0,4.5,2.5,100.0,0.3
179,5204.89,1.412,24.58,2124.09,37.5,72,27,45,12,True,1.45,200.0,4.5,2.5,100.0,0.3
188,5010.99,1.412,25.53,1573.3,38.89,72,28,44,12,True,1.4,200.0,4.0,2.5,100.0,0.25
192,5095.14,1.411,25.52,1573.3,38.89,72,28,44,12,True,1.4,250.0,4.0,2.5,100.0,0.25
188,5005.47,1.411,25.53,1573.3,38.89,72,28,44,10,True,1.4,200.0,4.0,2.5,100.0,0.25
208,4850.2,1.411,21.63,1678.73,40.28,72,29,43,12,True,1.4,150.0,4.0,2.0,120.0,0.25
208,4850.2,1.411,21.63,1678.73,40.28,72,29,43,12,True,1.4,200.0,4.0,2.0,120.0,0.25
184,5198.78,1.41,28.8,1675.2,44.44,72,32,40,16,True,1.45,150.0,3.5,2.5,120.0,0.3
184,5195.72,1.41,28.8,1675.2,44.44,72,32,40,20,True,1.45,150.0,3.5,2.5,120.0,0.3
252,5559.63,1.409,28.57,1227.07,47.22,72,34,38,16,False,1.4,200.0,3.5,2.5,120.0,0.25
249,5002.73,1.409,21.69,1408.39,40.28,72,29,43,16,True,1.45,200.0,4.5,2.0,100.0,0.25
249,5002.73,1.409,21.69,1408.39,40.28,72,29,43,16,True,1.45,250.0,4.5,2.0,100.0,0.25
244,5206.36,1.408,22.13,1331.93,44.44,72,32,40,16,True,1.45,250.0,4.5,2.0,100.0,0.3
209,4825.31,1.408,21.53,1678.73,40.28,72,29,43,10,True,1.4,150.0,4.0,2.0,120.0,0.25
209,4825.31,1.408,21.53,1678.73,40.28,72,29,43,10,True,1.4,200.0,4.0,2.0,120.0,0.25
182,5049.88,1.407,28.57,1320.75,41.67,72,30,42,12,True,1.4,200.0,3.5,2.5,120.0,0.25
182,5044.36,1.407,28.57,1320.75,41.67,72,30,42,10,True,1.4,200.0,3.5,2.5,120.0,0.25
219,5038.01,1.406,22.37,1564.81,38.89,72,28,44,20,True,1.4,250.0,4.0,2.0,120.0,0.25
216,4956.39,1.406,28.7,1349.4,44.44,72,32,40,12,True,1.45,150.0,3.5,2.5,100.0,0.25
204,4257.65,1.406,25.98,1296.47,37.5,72,27,45,12,True,1.35,250.0,3.5,2.0,100.0,0.25
256,5722.14,1.405,27.73,1228.04,45.83,72,33,39,20,False,1.4,250.0,3.5,2.5,100.0,0.3
230,5207.87,1.405,22.61,1483.8,44.44,72,32,40,12,True,1.45,200.0,4.5,2.0,120.0,0.3
180,5135.99,1.405,24.44,2124.09,37.5,72,27,45,10,True,1.45,150.0,4.5,2.5,100.0,0.3
180,5135.99,1.405,24.44,2124.09,37.5,72,27,45,10,True,1.45,200.0,4.5,2.5,100.0,0.3
185,5017.11,1.405,23.78,1430.74,34.72,72,25,47,20,True,1.45,150.0,4.5,2.5,100.0,0.25
220,5022.23,1.404,22.27,1564.81,38.89,72,28,44,16,True,1.4,250.0,4.0,2.0,120.0,0.25
193,5027.62,1.403,25.39,1573.3,38.89,72,28,44,10,True,1.4,250.0,4.0,2.5,100.0,0.25
186,4997.57,1.403,23.66,1430.74,34.72,72,25,47,16,True,1.45,150.0,4.5,2.5,100.0,0.25
252,5433.19,1.401,28.57,1227.07,48.61,72,35,37,16,False,1.4,200.0,3.5,2.5,100.0,0.3
246,4907.56,1.401,20.73,1412.37,40.28,72,29,43,12,True,1.45,150.0,4.5,2.0,100.0,0.25
204,4877.85,1.401,22.06,1682.71,40.28,72,29,43,12,True,1.4,150.0,4.0,2.0,120.0,0.3
204,4877.85,1.401,22.06,1682.71,40.28,72,29,43,12,True,1.4,200.0,4.0,2.0,120.0,0.3
301,5685.29,1.4,27.57,1244.34,50.0,72,36,36,12,False,1.4,250.0,3.5,2.5,100.0,0.25
219,5019.81,1.4,28.77,1672.95,41.67,72,30,42,20,True,1.45,250.0,3.5,2.5,100.0,0.25
216,5105.98,1.399,22.69,1546.01,38.89,72,28,44,16,True,1.4,250.0,4.0,2.0,120.0,0.3
217,4901.01,1.399,28.57,1352.92,44.44,72,32,40,10,True,1.45,150.0,3.5,2.5,100.0,0.25
272,5433.85,1.398,27.57,1228.04,45.83,72,33,39,20,False,1.4,250.0,3.5,2.5,100.0,0.25
234,5167.21,1.398,22.65,1483.8,44.44,72,32,40,10,True,1.45,200.0,4.5,2.0,120.0,0.3
216,5096.55,1.398,22.69,1546.01,38.89,72,28,44,20,True,1.4,250.0,4.0,2.0,120.0,0.3
220,5000.27,1.398,28.64,1672.95,41.67,72,30,42,16,True,1.45,250.0,3.5,2.5,100.0,0.25
178,4978.47,1.398,26.4,1482.36,43.06,72,31,41,10,True,1.4,150.0,4.0,2.5,100.0,0.3
178,4978.47,1.398,26.4,1482.36,43.06,72,31,41,12,True,1.4,150.0,4.0,2.5,100.0,0.3
241,5064.35,1.397,21.16,1333.53,44.44,72,32,40,12,True,1.45,150.0,4.5,2.0,100.0,0.3
205,4847.98,1.397,21.95,1682.71,40.28,72,29,43,10,True,1.4,150.0,4.0,2.0,120.0,0.3
205,4847.98,1.397,21.95,1682.71,40.28,72,29,43,10,True,1.4,200.0,4.0,2.0,120.0,0.3
188,4931.36,1.395,23.4,1430.74,34.72,72,25,47,20,True,1.45,200.0,4.5,2.5,100.0,0.25
278,5583.17,1.394,28.78,1244.34,47.22,72,34,38,10,False,1.4,200.0,3.5,2.5,120.0,0.25
254,5210.14,1.394,22.05,1386.02,44.44,72,32,40,10,True,1.45,250.0,4.5,2.0,100.0,0.3
213,5120.06,1.393,29.11,1675.2,44.44,72,32,40,16,True,1.45,200.0,3.5,2.5,100.0,0.3
213,5117.0,1.393,29.11,1675.2,44.44,72,32,40,20,True,1.45,200.0,3.5,2.5,100.0,0.3
189,4911.82,1.393,23.28,1430.74,34.72,72,25,47,16,True,1.45,200.0,4.5,2.5,100.0,0.25
179,4959.43,1.392,26.82,1544.18,41.67,72,30,42,16,True,1.4,200.0,4.0,2.5,100.0,0.3
179,4956.66,1.392,26.82,1546.95,41.67,72,30,42,20,True,1.4,200.0,4.0,2.5,100.0,0.3
226,4692.85,1.392,22.12,1522.97,38.89,72,28,44,20,True,1.4,150.0,4.0,2.0,100.0,0.3
226,4692.85,1.392,22.12,1522.97,38.89,72,28,44,20,True,1.4,200.0,4.0,2.0,100.0,0.3
227,4673.91,1.39,22.03,1522.97,38.89,72,28,44,16,True,1.4,150.0,4.0,2.0,100.0,0.3
227,4673.91,1.39,22.03,1522.97,38.89,72,28,44,16,True,1.4,200.0,4.0,2.0,100.0,0.3
229,5404.36,1.388,27.95,1244.34,47.22,72,34,38,12,False,1.4,150.0,4.0,2.5,120.0,0.3
184,5004.85,1.388,26.63,1544.18,41.67,72,30,42,16,True,1.4,250.0,4.0,2.5,100.0,0.3
253,4813.93,1.388,21.34,1412.37,40.28,72,29,43,12,True,1.45,200.0,4.5,2.0,100.0,0.25
253,4813.93,1.388,21.34,1412.37,40.28,72,29,43,12,True,1.45,250.0,4.5,2.0,100.0,0.25
184,5002.08,1.387,26.63,1546.95,41.67,72,30,42,20,True,1.4,250.0,4.0,2.5,100.0,0.3
217,4793.46,1.387,21.66,1678.73,38.89,72,28,44,12,True,1.4,250.0,4.0,2.0,120.0,0.25
181,5043.8,1.386,28.73,1713.21,43.06,72,31,41,10,True,1.4,250.0,3.5,2.5,120.0,0.3
181,5043.8,1.386,28.73,1713.21,43.06,72,31,41,12,True,1.4,250.0,3.5,2.5,120.0,0.3
248,4995.12,1.385,21.77,1333.53,44.44,72,32,40,12,True,1.45,250.0,4.5,2.0,100.0,0.3
244,4920.49,1.385,21.31,1386.02,44.44,72,32,40,10,True,1.45,150.0,4.5,2.0,100.0,0.3
218,4768.57,1.384,21.56,1678.73,38.89,72,28,44,10,True,1.4,250.0,4.0,2.0,120.0,0.25
259,5287.36,1.381,28.19,1227.07,48.61,72,35,37,16,False,1.4,250.0,3.5,2.5,100.0,0.3
225,4868.28,1.381,22.22,1380.22,44.44,72,32,40,20,True,1.45,150.0,4.5,2.0,120.0,0.3
226,4854.02,1.379,22.12,1380.22,44.44,72,32,40,16,True,1.45,150.0,4.5,2.0,120.0,0.3
213,4831.72,1.379,22.07,1682.71,38.89,72,28,44,12,True,1.4,250.0,4.0,2.0,120.0,0.3
251,4599.96,1.379,22.71,1549.94,38.89,72,28,44,20,True,1.45,250.0,4.0,2.0,100.0,0.25
378,5672.95,1.378,23.02,1022.61,41.67,72,30,42,10,False,1.4,250.0,4.5,2.0,100.0,0.25
235,4711.4,1.377,22.13,1522.97,37.5,72,27,45,20,True,1.4,250.0,4.0,2.0,100.0,0.3
354,5677.13,1.375,23.16,1525.19,40.28,72,29,43,10,False,1.4,250.0,4.5,2.0,120.0,0.25
214,4801.85,1.375,21.96,1682.71,38.89,72,28,44,10,True,1.4,250.0,4.0,2.0,120.0,0.3
218,4712.95,1.375,28.44,1672.95,41.67,72,30,42,20,True,1.45,200.0,3.5,2.5,100.0,0.25
236,4692.45,1.375,22.03,1522.97,37.5,72,27,45,16,True,1.4,250.0,4.0,2.0,100.0,0.3
253,4565.05,1.375,22.53,1549.94,38.89,72,28,44,16,True,1.45,250.0,4.0,2.0,100.0,0.25
175,4798.91,1.374,29.14,1669.67,43.06,72,31,41,16,True,1.4,200.0,3.5,2.5,120.0,0.3
175,4796.14,1.374,29.14,1669.67,43.06,72,31,41,20,True,1.4,200.0,3.5,2.5,120.0,0.3
231,4839.17,1.373,22.94,1380.22,44.44,72,32,40,20,True,1.45,250.0,4.5,2.0,120.0,0.3
219,4693.41,1.373,28.31,1672.95,41.67,72,30,42,16,True,1.45,200.0,3.5,2.5,100.0,0.25
230,4618.03,1.373,21.74,1429.96,40.28,72,29,43,20,True,1.45,150.0,4.5,2.0,120.0,0.25
221,5000.37,1.372,28.96,1231.54,45.83,72,33,39,16,False,1.4,150.0,3.5,2.5,120.0,0.3
244,4916.11,1.372,23.77,1548.08,41.67,72,30,42,10,True,1.45,250.0,4.0,2.0,120.0,0.3
232,4824.91,1.372,22.84,1380.22,44.44,72,32,40,16,True,1.45,250.0,4.5,2.0,120.0,0.3
231,4606.14,1.372,21.65,1429.96,40.28,72,29,43,16,True,1.45,150.0,4.5,2.0,120.0,0.25
257,4844.23,1.37,22.96,1541.88,41.67,72,30,42,10,True,1.45,250.0,4.0,2.0,100.0,0.3
246,4686.35,1.37,23.17,1487.78,40.28,72,29,43,20,True,1.45,250.0,4.0,2.0,100.0,0.3
250,5409.08,1.369,26.4,1322.81,47.22,72,34,38,16,False,1.4,200.0,4.0,2.5,120.0,0.3
250,5409.08,1.369,26.4,1322.81,47.22,72,34,38,16,False,1.4,250.0,4.0,2.5,120.0,0.3
372,5459.67,1.367,22.85,997.33,44.44,72,32,40,12,False,1.4,250.0,4.5,2.0,100.0,0.25
241,4898.71,1.367,22.82,1483.8,44.44,72,32,40,10,True,1.45,250.0,4.5,2.0,120.0,0.3
182,4688.26,1.367,25.82,1544.18,41.67,72,30,42,10,True,1.4,200.0,4.0,2.5,100.0,0.3
182,4688.26,1.367,25.82,1544.18,41.67,72,30,42,12,True,1.4,200.0,4.0,2.5,100.0,0.3
248,4644.46,1.366,22.98,1487.78,40.28,72,29,43,16,True,1.45,250.0,4.0,2.0,100.0,0.3
248,4477.43,1.366,20.56,1456.11,38.89,72,28,44,10,True,1.45,150.0,4.5,2.0,100.0,0.25
254,5168.26,1.365,28.74,1228.04,45.83,72,33,39,20,False,1.4,150.0,3.5,2.5,100.0,0.3
225,4374.5,1.365,21.33,1659.67,38.89,72,28,44,12,True,1.4,150.0,4.0,2.0,100.0,0.3
225,4374.5,1.365,21.33,1659.67,38.89,72,28,44,12,True,1.4,200.0,4.0,2.0,100.0,0.3
229,4712.8,1.364,21.83,1483.8,44.44,72,32,40,12,True,1.45,150.0,4.5,2.0,120.0,0.3
236,4557.82,1.364,22.46,1429.96,40.28,72,29,43,20,True,1.45,200.0,4.5,2.0,120.0,0.25
236,4557.82,1.364,22.46,1429.96,40.28,72,29,43,20,True,1.45,250.0,4.5,2.0,120.0,0.25
187,4733.68,1.363,25.67,1544.18,41.67,72,30,42,12,True,1.4,250.0,4.0,2.5,100.0,0.3
237,4545.94,1.362,22.36,1429.96,40.28,72,29,43,16,True,1.45,200.0,4.5,2.0,120.0,0.25
237,4545.94,1.362,22.36,1429.96,40.28,72,29,43,16,True,1.45,250.0,4.5,2.0,120.0,0.25
240,4526.41,1.362,23.33,1571.51,38.89,72,28,44,20,True,1.45,250.0,4.0,2.0,120.0,0.25
233,4520.38,1.362,21.46,1435.91,40.28,72,29,43,12,True,1.45,150.0,4.5,2.0,120.0,0.25
226,4344.63,1.362,21.24,1659.67,38.89,72,28,44,10,True,1.4,150.0,4.0,2.0,100.0,0.3
226,4344.63,1.362,21.24,1659.67,38.89,72,28,44,10,True,1.4,200.0,4.0,2.0,100.0,0.3
299,5110.05,1.361,27.42,1227.07,48.61,72,35,37,16,False,1.4,250.0,3.5,2.5,100.0,0.25
235,4660.58,1.361,23.83,1487.97,40.28,72,29,43,20,True,1.45,250.0,4.0,2.0,120.0,0.3
203,4571.67,1.361,29.06,1675.2,44.44,72,32,40,16,True,1.45,150.0,3.5,2.5,100.0,0.3
203,4568.61,1.361,29.06,1675.2,44.44,72,32,40,20,True,1.45,150.0,3.5,2.5,100.0,0.3
241,4514.53,1.361,23.24,1571.51,38.89,72,28,44,16,True,1.45,250.0,4.0,2.0,120.0,0.25
203,4205.68,1.361,25.62,1112.91,45.83,72,33,39,16,True,1.4,200.0,3.5,2.0,120.0,0.3
235,5126.97,1.36,25.96,1849.9,47.22,72,34,38,12,False,1.4,200.0,4.5,2.5,100.0,0.3
236,4646.32,1.36,23.73,1487.97,40.28,72,29,43,16,True,1.45,250.0,4.0,2.0,120.0,0.3
203,4196.25,1.36,25.62,1112.91,45.83,72,33,39,20,True,1.4,200.0,3.5,2.0,120.0,0.3
223,3868.95,1.36,24.66,1187.92,44.44,72,32,40,20,True,1.4,150.0,3.5,2.0,100.0,0.25
221,4100.52,1.359,24.89,1180.63,44.44,72,32,40,20,True,1.4,200.0,3.5,2.0,100.0,0.3
241,5183.05,1.358,28.22,1227.07,45.83,72,33,39,16,False,1.4,250.0,3.5,2.5,120.0,0.3
235,5088.91,1.358,27.23,1322.81,47.22,72,34,38,16,False,1.4,150.0,4.0,2.5,120.0,0.3
256,4487.0,1.358,21.09,1456.11,38.89,72,28,44,10,True,1.45,200.0,4.5,2.0,100.0,0.25
256,4487.0,1.358,21.09,1456.11,38.89,72,28,44,10,True,1.45,250.0,4.5,2.0,100.0,0.25
246,4259.01,1.358,22.36,1549.94,38.89,72,28,44,20,True,1.45,150.0,4.0,2.0,100.0,0.25
246,4259.01,1.358,22.36,1549.94,38.89,72,28,44,20,True,1.45,200.0,4.0,2.0,100.0,0.25
224,3853.16,1.358,24.55,1187.92,44.44,72,32,40,16,True,1.4,150.0,3.5,2.0,100.0,0.25
268,5198.77,1.357,27.99,1227.07,45.83,72,33,39,16,False,1.4,250.0,3.5,2.5,120.0,0.25
281,5085.07,1.357,25.62,1251.65,43.06,72,31,41,10,False,1.4,150.0,4.0,2.5,100.0,0.25
260,5059.98,1.357,25.77,1433.15,40.28,72,29,43,16,False,1.4,200.0,4.0,2.5,120.0,0.25
297,5035.78,1.357,27.27,1227.07,48.61,72,35,37,16,False,1.4,200.0,3.5,2.5,100.0,0.25
235,4683.69,1.357,22.55,1483.8,44.44,72,32,40,12,True,1.45,250.0,4.5,2.0,120.0,0.3
178,4636.88,1.357,28.65,1713.21,43.06,72,31,41,10,True,1.4,200.0,3.5,2.5,120.0,0.3
178,4636.88,1.357,28.65,1713.21,43.06,72,31,41,12,True,1.4,200.0,3.5,2.5,120.0,0.3
222,4081.58,1.357,24.77,1180.63,44.44,72,32,40,16,True,1.4,200.0,3.5,2.0,100.0,0.3
228,3945.54,1.357,24.56,1187.92,44.44,72,32,40,20,True,1.4,200.0,3.5,2.0,100.0,0.25
372,5285.01,1.356,22.58,983.51,41.67,72,30,42,16,False,1.4,250.0,4.5,2.0,100.0,0.25
189,4735.99,1.356,23.81,2121.22,36.11,72,26,46,16,True,1.45,250.0,4.5,2.5,100.0,0.3
188,4671.68,1.356,25.53,1544.18,41.67,72,30,42,10,True,1.4,250.0,4.0,2.5,100.0,0.3
189,4732.93,1.355,23.81,2121.22,36.11,72,26,46,20,True,1.45,250.0,4.5,2.5,100.0,0.3
229,3929.75,1.355,24.45,1187.92,44.44,72,32,40,16,True,1.4,200.0,3.5,2.0,100.0,0.25
257,4376.24,1.354,22.18,1553.91,38.89,72,28,44,12,True,1.45,250.0,4.0,2.0,100.0,0.25
248,4224.1,1.354,22.18,1549.94,38.89,72,28,44,16,True,1.45,150.0,4.0,2.0,100.0,0.25
248,4224.1,1.354,22.18,1549.94,38.89,72,28,44,16,True,1.45,200.0,4.0,2.0,100.0,0.25
289,5115.37,1.353,25.61,1251.65,43.06,72,31,41,10,False,1.4,200.0,4.0,2.5,100.0,0.25
239,4575.16,1.353,23.43,1548.08,41.67,72,30,42,10,True,1.45,200.0,4.0,2.0,120.0,0.3
239,4460.17,1.353,22.18,1435.91,40.28,72,29,43,12,True,1.45,200.0,4.5,2.0,120.0,0.25
239,4460.17,1.353,22.18,1435.91,40.28,72,29,43,12,True,1.45,250.0,4.5,2.0,120.0,0.25
249,4831.9,1.352,28.51,1227.07,45.83,72,33,39,16,False,1.4,150.0,3.5,2.5,120.0,0.25
232,4568.93,1.352,21.98,1483.8,44.44,72,32,40,10,True,1.45,150.0,4.5,2.0,120.0,0.3
252,4503.28,1.352,22.62,1541.88,41.67,72,30,42,10,True,1.45,200.0,4.0,2.0,100.0,0.3
243,4428.76,1.352,23.05,1547.92,38.89,72,28,44,12,True,1.45,250.0,4.0,2.0,120.0,0.25
234,4393.05,1.352,21.37,1659.67,37.5,72,27,45,12,True,1.4,250.0,4.0,2.0,100.0,0.3
200,4027.02,1.352,25.5,1112.91,45.83,72,33,39,16,True,1.4,150.0,3.5,2.0,120.0,0.3
216,4361.86,1.351,28.24,1672.95,43.06,72,31,41,20,True,1.45,150.0,3.5,2.5,100.0,0.25
200,4017.59,1.351,25.5,1112.91,45.83,72,33,39,20,True,1.4,150.0,3.5,2.0,120.0,0.3
241,4345.4,1.35,22.82,1487.78,40.28,72,29,43,20,True,1.45,200.0,4.0,2.0,100.0,0.3
218,3921.86,1.35,24.77,1180.63,44.44,72,32,40,20,True,1.4,150.0,3.5,2.0,100.0,0.3
203,3880.16,1.35,25.12,1163.42,45.83,72,33,39,20,True,1.4,150.0,3.5,2.0,120.0,0.25
292,5258.0,1.349,28.08,1244.34,45.83,72,33,39,10,False,1.4,250.0,3.5,2.5,120.0,0.25
225,4811.23,1.349,25.33,1849.9,45.83,72,33,39,10,False,1.4,150.0,4.5,2.5,100.0,0.3
217,4342.32,1.349,28.11,1672.95,43.06,72,31,41,16,True,1.45,150.0,3.5,2.5,100.0,0.25
235,4363.18,1.348,21.28,1659.67,37.5,72,27,45,10,True,1.4,250.0,4.0,2.0,100.0,0.3
219,3902.91,1.348,24.66,1180.63,44.44,72,32,40,16,True,1.4,150.0,3.5,2.0,100.0,0.3
204,3864.38,1.348,25.0,1163.42,45.83,72,33,39,16,True,1.4,150.0,3.5,2.0,120.0,0.25
208,3956.75,1.347,25.0,1265.49,45.83,72,33,39,20,True,1.4,200.0,3.5,2.0,120.0,0.25
247,4706.93,1.346,28.34,1231.54,47.22,72,34,38,16,False,1.4,150.0,3.5,2.5,100.0,0.3
259,4308.04,1.346,22.01,1597.65,38.89,72,28,44,10,True,1.45,250.0,4.0,2.0,100.0,0.25
243,4303.51,1.346,22.63,1487.78,40.28,72,29,43,16,True,1.45,200.0,4.0,2.0,100.0,0.3
235,4938.9,1.345,24.68,1849.9,44.44,72,32,40,10,False,1.4,200.0,4.5,2.5,100.0,0.3
239,4505.1,1.345,23.43,1539.38,40.28,72,29,43,12,True,1.45,250.0,4.0,2.0,120.0,0.3
245,4360.56,1.345,22.86,1591.66,38.89,72,28,44,10,True,1.45,250.0,4.0,2.0,120.0,0.25
209,3940.96,1.345,24.88,1265.49,45.83,72,33,39,16,True,1.4,200.0,3.5,2.0,120.0,0.25
252,4433.22,1.343,22.62,1489.38,40.28,72,29,43,12,True,1.45,250.0,4.0,2.0,100.0,0.3
301,4937.98,1.342,27.24,1244.34,48.61,72,35,37,12,False,1.4,200.0,3.5,2.5,100.0,0.25
210,4753.59,1.342,26.19,1849.9,44.44,72,32,40,10,False,1.4,200.0,4.5,2.5,120.0,0.3
230,4319.63,1.342,23.48,1487.97,40.28,72,29,43,20,True,1.45,200.0,4.0,2.0,120.0,0.3
235,4185.46,1.342,22.98,1571.51,38.89,72,28,44,20,True,1.45,150.0,4.0,2.0,120.0,0.25
235,4185.46,1.342,22.98,1571.51,38.89,72,28,44,20,True,1.45,200.0,4.0,2.0,120.0,0.25
236,4173.58,1.341,22.88,1571.51,38.89,72,28,44,16,True,1.45,150.0,4.0,2.0,120.0,0.25
236,4173.58,1.341,22.88,1571.51,38.89,72,28,44,16,True,1.45,200.0,4.0,2.0,120.0,0.25
232,4111.11,1.341,20.26,1208.56,36.11,72,26,46,20,True,1.4,150.0,4.5,2.0,100.0,0.25
231,4305.37,1.34,23.38,1487.97,40.28,72,29,43,16,True,1.45,200.0,4.0,2.0,120.0,0.3
230,4705.76,1.339,26.09,1849.9,47.22,72,34,38,12,False,1.4,150.0,4.5,2.5,100.0,0.3
233,4095.32,1.339,20.17,1208.56,36.11,72,26,46,16,True,1.4,150.0,4.5,2.0,100.0,0.25
260,4730.24,1.338,27.69,1244.34,47.22,72,34,38,12,False,1.4,250.0,3.5,2.5,100.0,0.3
243,4631.95,1.338,24.28,1865.85,41.67,72,30,42,10,False,1.4,150.0,4.5,2.5,100.0,0.25
216,4401.32,1.335,21.3,1380.8,37.5,72,27,45,16,True,1.4,200.0,4.5,2.0,120.0,0.3
216,4391.89,1.334,21.3,1380.8,37.5,72,27,45,20,True,1.4,200.0,4.5,2.0,120.0,0.3
257,4701.25,1.333,25.29,1433.15,40.28,72,29,43,16,False,1.4,150.0,4.0,2.5,120.0,0.25
251,4673.21,1.333,27.09,1244.34,48.61,72,35,37,12,False,1.4,150.0,4.0,2.5,100.0,0.3
252,4035.29,1.333,21.83,1553.91,38.89,72,28,44,12,True,1.45,150.0,4.0,2.0,100.0,0.25
252,4035.29,1.333,21.83,1553.91,38.89,72,28,44,12,True,1.45,200.0,4.0,2.0,100.0,0.25
289,4674.46,1.332,27.68,1244.34,45.83,72,33,39,10,False,1.4,150.0,3.5,2.5,100.0,0.25
238,4087.81,1.332,22.69,1547.92,38.89,72,28,44,12,True,1.45,150.0,4.0,2.0,120.0,0.25
238,4087.81,1.332,22.69,1547.92,38.89,72,28,44,12,True,1.45,200.0,4.0,2.0,120.0,0.25
217,4432.2,1.331,25.81,1865.85,41.67,72,30,42,10,False,1.4,150.0,4.5,2.5,120.0,0.25
182,4314.92,1.331,23.63,2121.22,36.11,72,26,46,16,True,1.45,150.0,4.5,2.5,100.0,0.3
182,4314.92,1.331,23.63,2121.22,36.11,72,26,46,16,True,1.45,200.0,4.5,2.5,100.0,0.3
182,4311.86,1.331,23.63,2121.22,36.11,72,26,46,20,True,1.45,150.0,4.5,2.5,100.0,0.3
182,4311.86,1.331,23.63,2121.22,36.11,72,26,46,20,True,1.45,200.0,4.5,2.5,100.0,0.3
266,4522.97,1.33,27.44,1228.04,44.44,72,32,40,20,False,1.4,150.0,3.5,2.5,100.0,0.25
217,4090.32,1.329,25.35,1173.09,44.44,72,32,40,16,True,1.4,250.0,3.5,2.0,120.0,0.3
217,4080.89,1.328,25.35,1173.09,44.44,72,32,40,20,True,1.4,250.0,3.5,2.0,120.0,0.3
236,3994.18,1.328,20.76,1208.56,34.72,72,25,47,20,True,1.4,200.0,4.5,2.0,100.0,0.25
236,3994.18,1.328,20.76,1208.56,34.72,72,25,47,20,True,1.4,250.0,4.5,2.0,100.0,0.25
253,4668.97,1.327,27.27,1228.04,44.44,72,32,40,20,False,1.4,200.0,3.5,2.5,100.0,0.3
235,4090.24,1.327,21.28,1450.12,38.89,72,28,44,10,True,1.45,150.0,4.5,2.0,120.0,0.25
235,3985.16,1.327,24.68,1387.75,43.06,72,31,41,20,True,1.4,250.0,3.5,2.0,100.0,0.3
237,3978.39,1.326,20.68,1208.56,34.72,72,25,47,16,True,1.4,200.0,4.5,2.0,100.0,0.25
237,3978.39,1.326,20.68,1208.56,34.72,72,25,47,16,True,1.4,250.0,4.5,2.0,100.0,0.25
254,3967.09,1.326,21.65,1597.65,38.89,72,28,44,10,True,1.45,150.0,4.0,2.0,100.0,0.25
254,3967.09,1.326,21.65,1597.65,38.89,72,28,44,10,True,1.45,200.0,4.0,2.0,100.0,0.25
207,4419.59,1.325,26.09,1849.9,44.44,72,32,40,10,False,1.4,150.0,4.5,2.5,120.0,0.3
234,4164.15,1.325,23.08,1539.38,40.28,72,29,43,12,True,1.45,200.0,4.0,2.0,120.0,0.3
236,3966.22,1.325,24.58,1387.75,43.06,72,31,41,16,True,1.4,250.0,3.5,2.0,100.0,0.3
246,4824.6,1.324,27.64,1228.04,43.06,72,31,41,20,False,1.4,250.0,3.5,2.5,120.0,0.3
216,4654.4,1.324,26.39,1849.9,44.44,72,32,40,12,False,1.4,200.0,4.5,2.5,120.0,0.3
242,4133.25,1.324,21.9,1450.12,38.89,72,28,44,10,True,1.45,200.0,4.5,2.0,120.0,0.25
242,4133.25,1.324,21.9,1450.12,38.89,72,28,44,10,True,1.45,250.0,4.5,2.0,120.0,0.25
240,4019.61,1.324,22.5,1591.66,38.89,72,28,44,10,True,1.45,150.0,4.0,2.0,120.0,0.25
240,4019.61,1.324,22.5,1591.66,38.89,72,28,44,10,True,1.45,200.0,4.0,2.0,120.0,0.25
242,4416.65,1.323,25.21,1865.85,45.83,72,33,39,12,False,1.4,150.0,4.5,2.5,100.0,0.25
247,4092.27,1.323,22.27,1489.38,40.28,72,29,43,12,True,1.45,200.0,4.0,2.0,100.0,0.3
242,3825.39,1.323,24.38,1391.22,43.06,72,31,41,20,True,1.4,250.0,3.5,2.0,100.0,0.25
245,4452.77,1.322,26.94,1228.04,43.06,72,31,41,20,False,1.4,200.0,3.5,2.5,120.0,0.25
243,3809.6,1.322,24.28,1391.22,43.06,72,31,41,16,True,1.4,250.0,3.5,2.0,100.0,0.25
241,4659.77,1.32,27.8,1244.34,44.44,72,32,40,12,False,1.4,250.0,3.5,2.5,120.0,0.3
231,4107.6,1.319,20.78,1538.21,36.11,72,26,46,20,True,1.4,200.0,4.5,2.0,100.0,0.3
248,4732.45,1.317,26.61,1312.06,44.44,72,32,40,12,False,1.4,250.0,4.0,2.5,120.0,0.3
272,4671.73,1.317,25.74,1322.81,48.61,72,35,37,16,False,1.4,200.0,4.0,2.5,100.0,0.3
289,4464.5,1.317,27.68,1227.07,47.22,72,34,38,16,False,1.4,150.0,3.5,2.5,100.0,0.25
232,4088.66,1.317,20.69,1538.21,36.11,72,26,46,16,True,1.4,200.0,4.5,2.0,100.0,0.3
263,4525.32,1.315,26.62,1322.81,48.61,72,35,37,16,False,1.4,150.0,4.0,2.5,100.0,0.3
222,3836.6,1.315,24.77,1265.49,44.44,72,32,40,20,True,1.4,250.0,3.5,2.0,120.0,0.25
223,3820.82,1.314,24.66,1265.49,44.44,72,32,40,16,True,1.4,250.0,3.5,2.0,120.0,0.25
230,3793.93,1.314,19.57,1208.56,36.11,72,26,46,12,True,1.4,150.0,4.5,2.0,100.0,0.25
213,4088.62,1.312,20.66,1555.95,37.5,72,27,45,12,True,1.4,200.0,4.5,2.0,120.0,0.3
374,4570.6,1.308,22.19,1022.61,40.28,72,29,43,10,False,1.4,200.0,4.5,2.0,100.0,0.25
264,4449.08,1.308,26.52,1377.38,40.28,72,29,43,10,False,1.4,150.0,4.0,2.5,120.0,0.25
293,4408.54,1.307,27.65,1244.34,47.22,72,34,38,12,False,1.4,150.0,3.5,2.5,100.0,0.25
350,4574.78,1.305,22.29,1525.19,38.89,72,28,44,10,False,1.4,200.0,4.5,2.0,120.0,0.25
272,4479.38,1.305,26.47,1377.38,40.28,72,29,43,10,False,1.4,200.0,4.0,2.5,120.0,0.25
257,4417.34,1.305,26.85,1228.04,43.06,72,31,41,20,False,1.4,250.0,3.5,2.5,120.0,0.25
213,4215.96,1.301,26.29,1849.9,44.44,72,32,40,12,False,1.4,150.0,4.5,2.5,120.0,0.3
225,4159.31,1.301,28.0,1244.34,44.44,72,32,40,12,False,1.4,200.0,3.5,2.5,120.0,0.3
234,3677.0,1.301,20.09,1208.56,34.72,72,25,47,12,True,1.4,200.0,4.5,2.0,100.0,0.25
234,3677.0,1.301,20.09,1208.56,34.72,72,25,47,12,True,1.4,250.0,4.5,2.0,100.0,0.25
277,4484.01,1.3,25.27,1322.81,48.61,72,35,37,16,False,1.4,250.0,4.0,2.5,100.0,0.3
259,4335.97,1.299,25.87,1464.18,40.28,72,29,43,12,False,1.4,200.0,4.0,2.5,120.0,0.25
268,4242.9,1.298,28.73,1244.34,44.44,72,32,40,10,False,1.4,150.0,3.5,2.5,120.0,0.25
239,3426.78,1.298,25.1,2084.63,43.06,72,31,41,20,True,1.45,200.0,3.5,2.0,100.0,0.25
289,4239.98,1.296,24.91,1433.15,41.67,72,30,42,16,False,1.4,200.0,4.0,2.5,100.0,0.25
240,3410.99,1.296,25.0,2084.63,43.06,72,31,41,16,True,1.45,200.0,3.5,2.0,100.0,0.25
229,3785.52,1.295,20.09,1678.65,36.11,72,26,46,12,True,1.4,200.0,4.5,2.0,100.0,0.3
215,3881.03,1.293,20.47,1380.8,37.5,72,27,45,16,True,1.4,150.0,4.5,2.0,120.0,0.3
215,3871.6,1.292,20.47,1380.8,37.5,72,27,45,20,True,1.4,150.0,4.5,2.0,120.0,0.3
227,3212.36,1.292,22.91,1521.74,43.06,72,31,41,10,True,1.4,150.0,3.5,2.0,100.0,0.25
373,4359.0,1.29,21.98,997.33,43.06,72,31,41,12,False,1.4,200.0,4.5,2.0,100.0,0.25
224,3987.52,1.289,27.68,1244.34,44.44,72,32,40,12,False,1.4,150.0,3.5,2.5,120.0,0.3
215,3813.92,1.289,20.47,1555.95,36.11,72,26,46,10,True,1.4,200.0,4.5,2.0,120.0,0.3
225,3171.16,1.289,22.67,1521.74,43.06,72,31,41,12,True,1.4,150.0,3.5,2.0,100.0,0.25
273,4309.64,1.288,27.11,1244.34,44.44,72,32,40,12,False,1.4,250.0,3.5,2.5,120.0,0.25
218,3682.78,1.288,20.18,1413.64,36.11,72,26,46,20,True,1.4,150.0,4.5,2.0,120.0,0.25
219,3666.99,1.287,20.09,1413.64,36.11,72,26,46,16,True,1.4,150.0,4.5,2.0,120.0,0.25
206,3247.22,1.287,23.3,1643.56,44.44,72,32,40,10,True,1.4,150.0,3.5,2.0,120.0,0.25
281,4037.68,1.286,24.91,1433.15,41.67,72,30,42,16,False,1.4,150.0,4.0,2.5,100.0,0.25
288,4148.21,1.285,25.35,1464.18,43.06,72,31,41,12,False,1.4,200.0,4.0,2.5,100.0,0.25
249,3474.81,1.285,25.3,2084.63,41.67,72,30,42,20,True,1.45,250.0,3.5,2.0,100.0,0.25
250,3459.03,1.284,25.2,2084.63,41.67,72,30,42,16,True,1.45,250.0,3.5,2.0,100.0,0.25
204,3206.03,1.284,23.04,1643.56,44.44,72,32,40,12,True,1.4,150.0,3.5,2.0,120.0,0.25
230,3944.27,1.282,24.35,1555.13,41.67,72,30,42,16,False,1.4,150.0,4.5,2.5,120.0,0.25
219,3777.15,1.282,21.0,1380.8,36.11,72,26,46,16,True,1.4,250.0,4.5,2.0,120.0,0.3
231,3407.1,1.282,19.48,1208.56,34.72,72,25,47,10,True,1.4,150.0,4.5,2.0,100.0,0.25
202,3298.79,1.282,23.76,1624.31,44.44,72,32,40,10,True,1.4,150.0,3.5,2.0,120.0,0.3
259,3998.8,1.281,27.41,1244.34,44.44,72,32,40,12,False,1.4,200.0,3.5,2.5,120.0,0.25
219,3767.72,1.281,21.0,1380.8,36.11,72,26,46,20,True,1.4,250.0,4.5,2.0,120.0,0.3
221,3872.31,1.28,25.34,1865.85,43.06,72,31,41,12,False,1.4,150.0,4.5,2.5,120.0,0.25
242,3502.77,1.279,22.31,1487.78,38.89,72,28,44,20,True,1.45,150.0,4.0,2.0,100.0,0.3
200,3249.35,1.279,23.5,1624.31,44.44,72,32,40,12,True,1.4,150.0,3.5,2.0,120.0,0.3
234,3187.73,1.279,22.65,1521.74,41.67,72,30,42,10,True,1.4,200.0,3.5,2.0,100.0,0.25
246,4039.9,1.277,27.24,1321.22,45.83,72,33,39,10,False,1.4,150.0,4.0,2.5,120.0,0.3
223,4013.89,1.277,25.11,1832.62,43.06,72,31,41,16,False,1.4,200.0,4.5,2.5,120.0,0.3
230,3587.31,1.277,20.0,1538.21,36.11,72,26,46,20,True,1.4,150.0,4.5,2.0,100.0,0.3
222,3565.85,1.277,20.72,1413.64,34.72,72,25,47,20,True,1.4,200.0,4.5,2.0,120.0,0.25
222,3565.85,1.277,20.72,1413.64,34.72,72,25,47,20,True,1.4,250.0,4.5,2.0,120.0,0.25
355,4189.02,1.276,22.82,1208.02,40.28,72,29,43,16,False,1.4,250.0,4.5,2.0,120.0,0.25
256,3977.24,1.276,25.39,1464.18,40.28,72,29,43,12,False,1.4,150.0,4.0,2.5,120.0,0.25
236,3393.38,1.276,19.92,1208.56,33.33,72,24,48,10,True,1.4,200.0,4.5,2.0,100.0,0.25
236,3393.38,1.276,19.92,1208.56,33.33,72,24,48,10,True,1.4,250.0,4.5,2.0,100.0,0.25
232,3146.53,1.276,22.41,1521.74,41.67,72,30,42,12,True,1.4,200.0,3.5,2.0,100.0,0.25
280,3947.07,1.275,25.36,1464.18,43.06,72,31,41,12,False,1.4,150.0,4.0,2.5,100.0,0.25
231,3568.37,1.275,19.91,1538.21,36.11,72,26,46,16,True,1.4,150.0,4.5,2.0,100.0,0.3
223,3550.06,1.275,20.63,1413.64,34.72,72,25,47,16,True,1.4,200.0,4.5,2.0,120.0,0.25
223,3550.06,1.275,20.63,1413.64,34.72,72,25,47,16,True,1.4,250.0,4.5,2.0,120.0,0.25
244,3460.87,1.274,22.13,1487.78,38.89,72,28,44,16,True,1.45,150.0,4.0,2.0,100.0,0.3
213,3222.59,1.274,23.0,1643.56,43.06,72,31,41,10,True,1.4,200.0,3.5,2.0,120.0,0.25
347,4346.34,1.273,24.21,1191.14,43.06,72,31,41,10,False,1.4,250.0,4.0,2.0,120.0,0.3
373,4305.73,1.273,24.4,1225.8,44.44,72,32,40,10,False,1.4,250.0,4.0,2.0,100.0,0.3
347,4120.31,1.273,22.77,1545.02,41.67,72,30,42,12,False,1.4,250.0,4.5,2.0,120.0,0.25
262,3982.24,1.273,25.95,1264.89,47.22,72,34,38,10,False,1.4,150.0,4.0,2.5,100.0,0.3
218,3892.5,1.273,25.23,1832.62,43.06,72,31,41,16,False,1.4,150.0,4.5,2.5,120.0,0.3
244,3270.88,1.273,22.95,1521.74,40.28,72,29,43,10,True,1.4,250.0,3.5,2.0,100.0,0.25
222,3149.53,1.273,22.97,1601.27,43.06,72,31,41,10,True,1.4,150.0,3.5,2.0,100.0,0.3
231,3510.83,1.272,19.91,1678.65,34.72,72,25,47,10,True,1.4,200.0,4.5,2.0,100.0,0.3
177,3378.68,1.272,23.73,1796.29,36.11,72,26,46,20,True,1.4,150.0,4.5,2.5,100.0,0.25
211,3181.39,1.271,22.75,1643.56,43.06,72,31,41,12,True,1.4,200.0,3.5,2.0,120.0,0.25
212,3568.32,1.27,19.81,1555.95,37.5,72,27,45,12,True,1.4,150.0,4.5,2.0,120.0,0.3
178,3359.14,1.27,23.6,1815.83,36.11,72,26,46,16,True,1.4,150.0,4.5,2.5,100.0,0.25
209,3270.32,1.27,23.44,1624.31,43.06,72,31,41,10,True,1.4,200.0,3.5,2.0,120.0,0.3
242,3229.68,1.27,22.73,1521.74,40.28,72,29,43,12,True,1.4,250.0,3.5,2.0,100.0,0.25
220,3100.09,1.27,22.73,1601.27,43.06,72,31,41,12,True,1.4,150.0,3.5,2.0,100.0,0.3
257,3803.01,1.269,27.24,1244.34,45.83,72,33,39,12,False,1.4,200.0,3.5,2.5,100.0,0.3
178,3346.41,1.269,23.6,1796.29,36.11,72,26,46,20,True,1.4,200.0,4.5,2.5,100.0,0.25
223,3305.74,1.269,23.32,1643.56,41.67,72,30,42,10,True,1.4,250.0,3.5,2.0,120.0,0.25
366,3970.6,1.268,24.04,1223.0,41.67,72,30,42,10,False,1.4,150.0,4.0,2.0,120.0,0.25
232,3209.96,1.268,25.0,2253.42,43.06,72,31,41,20,True,1.45,200.0,3.5,2.0,100.0,0.3
249,4090.1,1.267,26.91,1312.06,43.06,72,31,41,12,False,1.4,200.0,4.0,2.5,120.0,0.3
232,3436.88,1.267,22.84,1487.97,38.89,72,28,44,20,True,1.45,150.0,4.0,2.0,120.0,0.3
183,3406.74,1.267,23.5,1796.29,36.11,72,26,46,20,True,1.4,250.0,4.5,2.5,100.0,0.25
216,3406.19,1.267,19.44,1559.6,36.11,72,26,46,12,True,1.4,150.0,4.5,2.0,120.0,0.25
179,3326.87,1.267,23.46,1815.83,36.11,72,26,46,16,True,1.4,200.0,4.5,2.5,100.0,0.25
207,3220.88,1.267,23.19,1624.31,43.06,72,31,41,12,True,1.4,200.0,3.5,2.0,120.0,0.3
234,3483.43,1.266,20.51,1538.21,34.72,72,25,47,20,True,1.4,250.0,4.5,2.0,100.0,0.3
233,3422.62,1.266,22.75,1487.97,38.89,72,28,44,16,True,1.45,150.0,4.0,2.0,120.0,0.3
221,3264.54,1.266,23.08,1643.56,41.67,72,30,42,12,True,1.4,250.0,3.5,2.0,120.0,0.25
233,3191.01,1.266,24.89,2253.42,43.06,72,31,41,16,True,1.45,200.0,3.5,2.0,100.0,0.3
236,3038.67,1.266,24.58,2084.63,43.06,72,31,41,20,True,1.45,150.0,3.5,2.0,100.0,0.25
253,4022.48,1.265,26.88,1321.93,43.06,72,31,41,10,False,1.4,200.0,4.0,2.5,120.0,0.3
251,3422.04,1.265,21.91,1541.88,40.28,72,29,43,10,True,1.45,150.0,4.0,2.0,100.0,0.3
184,3387.2,1.265,23.37,1815.83,36.11,72,26,46,16,True,1.4,250.0,4.5,2.5,100.0,0.25
219,3362.09,1.265,23.74,1624.31,41.67,72,30,42,10,True,1.4,250.0,3.5,2.0,120.0,0.3
254,3744.03,1.264,24.02,1555.13,43.06,72,31,41,16,False,1.4,150.0,4.5,2.5,100.0,0.25
235,3464.49,1.264,20.43,1538.21,34.72,72,25,47,16,True,1.4,250.0,4.5,2.0,100.0,0.3
239,3453.8,1.264,22.59,1548.08,40.28,72,29,43,10,True,1.45,150.0,4.0,2.0,120.0,0.3
237,3022.88,1.264,24.47,2084.63,43.06,72,31,41,16,True,1.45,150.0,3.5,2.0,100.0,0.25
251,3666.27,1.262,27.09,1244.34,45.83,72,33,39,12,False,1.4,150.0,3.5,2.5,100.0,0.3
217,3312.65,1.262,23.5,1624.31,41.67,72,30,42,12,True,1.4,250.0,3.5,2.0,120.0,0.3
269,3964.81,1.261,25.65,1321.93,44.44,72,32,40,10,False,1.4,200.0,4.0,2.5,100.0,0.3
229,3121.07,1.261,22.71,1601.27,41.67,72,30,42,10,True,1.4,200.0,3.5,2.0,100.0,0.3
336,3780.11,1.26,24.4,1082.14,47.22,72,34,38,12,False,1.4,150.0,4.0,2.0,100.0,0.3
216,3464.45,1.26,20.37,1555.95,36.11,72,26,46,12,True,1.4,250.0,4.5,2.0,120.0,0.3
242,3272.28,1.259,25.21,2253.42,41.67,72,30,42,20,True,1.45,250.0,3.5,2.0,100.0,0.3
233,3076.99,1.259,25.75,2106.2,41.67,72,30,42,16,True,1.45,200.0,3.5,2.0,120.0,0.25
233,3069.75,1.259,25.75,2106.2,41.67,72,30,42,20,True,1.45,200.0,3.5,2.0,120.0,0.25
227,3071.63,1.258,22.47,1601.27,41.67,72,30,42,12,True,1.4,200.0,3.5,2.0,100.0,0.3
253,3737.84,1.257,23.32,1463.07,37.5,72,27,45,20,False,1.4,250.0,4.0,2.5,120.0,0.25
243,3253.34,1.257,25.1,2253.42,41.67,72,30,42,16,True,1.45,250.0,3.5,2.0,100.0,0.3
239,3212.83,1.257,23.01,1601.27,40.28,72,29,43,10,True,1.4,250.0,3.5,2.0,100.0,0.3
353,4043.33,1.256,22.1,983.51,44.44,72,32,40,16,False,1.4,250.0,4.5,2.0,100.0,0.3
252,3715.82,1.255,23.41,1463.07,37.5,72,27,45,20,False,1.4,200.0,4.0,2.5,120.0,0.25
220,3289.26,1.255,20.0,1559.6,34.72,72,25,47,12,True,1.4,200.0,4.5,2.0,120.0,0.25
220,3289.26,1.255,20.0,1559.6,34.72,72,25,47,12,True,1.4,250.0,4.5,2.0,120.0,0.25
237,3163.4,1.254,22.78,1601.27,40.28,72,29,43,12,True,1.4,250.0,3.5,2.0,100.0,0.3
237,3706.98,1.253,27.0,1228.04,41.67,72,30,42,20,False,1.4,150.0,3.5,2.5,120.0,0.3
237,3706.98,1.253,27.0,1228.04,41.67,72,30,42,20,False,1.4,200.0,3.5,2.5,120.0,0.3
228,3265.23,1.253,19.3,1678.65,36.11,72,26,46,12,True,1.4,150.0,4.5,2.0,100.0,0.3
248,3249.64,1.253,21.77,1489.38,38.89,72,28,44,12,True,1.45,150.0,4.0,2.0,100.0,0.3
236,3281.4,1.252,22.46,1539.38,38.89,72,28,44,12,True,1.45,150.0,4.0,2.0,120.0,0.3
246,3708.11,1.251,24.39,1832.62,44.44,72,32,40,16,False,1.4,200.0,4.5,2.5,100.0,0.3
198,3162.76,1.251,27.27,1320.75,34.72,72,25,47,20,True,1.4,250.0,3.5,2.5,100.0,0.25
275,3812.2,1.25,25.45,1312.06,45.83,72,33,39,12,False,1.4,250.0,4.0,2.5,100.0,0.3
199,3143.22,1.25,27.14,1320.75,34.72,72,25,47,16,True,1.4,250.0,3.5,2.5,100.0,0.25
360,3857.22,1.249,24.44,1088.27,45.83,72,33,39,12,False,1.4,200.0,4.0,2.0,100.0,0.3
243,3125.03,1.249,25.93,2106.2,40.28,72,29,43,16,True,1.45,250.0,3.5,2.0,120.0,0.25
243,3117.79,1.249,25.93,2106.2,40.28,72,29,43,20,True,1.45,250.0,3.5,2.0,120.0,0.25
241,3586.72,1.247,24.48,1832.62,44.44,72,32,40,16,False,1.4,150.0,4.5,2.5,100.0,0.3
181,3107.77,1.247,22.65,2030.92,36.11,72,26,46,10,True,1.4,150.0,4.5,2.5,100.0,0.25
181,3107.77,1.247,22.65,2030.92,36.11,72,26,46,12,True,1.4,150.0,4.5,2.5,100.0,0.25
363,3804.89,1.246,24.52,1689.15,44.44,72,32,40,10,False,1.4,200.0,4.0,2.0,100.0,0.3
186,3132.22,1.245,27.96,1669.67,40.28,72,29,43,16,True,1.4,150.0,3.5,2.5,100.0,0.3
186,3129.45,1.245,27.96,1669.67,40.28,72,29,43,20,True,1.4,150.0,3.5,2.5,100.0,0.3
245,3442.0,1.244,26.53,1228.04,41.67,72,30,42,20,False,1.4,150.0,3.5,2.5,120.0,0.25
182,3075.5,1.244,22.53,2030.92,36.11,72,26,46,10,True,1.4,200.0,4.5,2.5,100.0,0.25
182,3075.5,1.244,22.53,2030.92,36.11,72,26,46,12,True,1.4,200.0,4.5,2.5,100.0,0.25
375,3897.26,1.243,24.27,1177.73,45.83,72,33,39,12,False,1.4,250.0,4.0,2.0,100.0,0.3
173,3143.39,1.243,23.7,1718.3,36.11,72,26,46,16,True,1.4,150.0,4.5,2.5,100.0,0.3
173,3140.62,1.243,23.7,1718.3,36.11,72,26,46,20,True,1.4,150.0,4.5,2.5,100.0,0.3
187,3135.83,1.243,22.46,2030.92,36.11,72,26,46,10,True,1.4,250.0,4.5,2.5,100.0,0.25
187,3135.83,1.243,22.46,2030.92,36.11,72,26,46,12,True,1.4,250.0,4.5,2.5,100.0,0.25
213,3190.42,1.242,19.72,1555.95,36.11,72,26,46,10,True,1.4,150.0,4.5,2.0,120.0,0.3
232,3161.35,1.242,19.83,1678.65,34.72,72,25,47,12,True,1.4,250.0,4.5,2.0,100.0,0.3
263,3510.81,1.24,24.33,1864.73,37.5,72,27,45,16,False,1.4,250.0,4.0,2.5,120.0,0.25
372,3595.11,1.239,21.77,1022.61,38.89,72,28,44,10,False,1.4,150.0,4.5,2.0,100.0,0.25
226,2930.98,1.239,25.66,2253.61,43.06,72,31,41,16,True,1.45,200.0,3.5,2.0,120.0,0.3
287,3688.88,1.238,26.83,1244.34,47.22,72,34,38,10,False,1.4,250.0,3.5,2.5,100.0,0.3
218,3189.75,1.238,20.18,1555.95,34.72,72,25,47,10,True,1.4,250.0,4.5,2.0,120.0,0.3
226,2922.29,1.238,25.66,2253.61,43.06,72,31,41,20,True,1.45,200.0,3.5,2.0,120.0,0.3
269,3369.3,1.237,23.79,1463.07,40.28,72,29,43,20,False,1.4,250.0,4.0,2.5,100.0,0.25
217,3019.36,1.237,19.35,1559.6,34.72,72,25,47,10,True,1.4,150.0,4.5,2.0,120.0,0.25
229,2821.85,1.237,24.45,2253.42,43.06,72,31,41,20,True,1.45,150.0,3.5,2.0,100.0,0.3
268,3347.28,1.235,23.88,1463.07,40.28,72,29,43,20,False,1.4,200.0,4.0,2.5,100.0,0.25
230,2802.91,1.235,24.35,2253.42,43.06,72,31,41,16,True,1.45,150.0,3.5,2.0,100.0,0.3
179,3101.62,1.233,23.46,1724.02,36.11,72,26,46,16,True,1.4,250.0,4.5,2.5,100.0,0.3
179,3098.85,1.233,23.46,1726.79,36.11,72,26,46,20,True,1.4,250.0,4.5,2.5,100.0,0.3
246,2778.22,1.233,23.58,2337.01,43.06,72,31,41,12,True,1.45,200.0,3.5,2.0,100.0,0.25
222,3005.64,1.232,19.82,1559.6,33.33,72,24,48,10,True,1.4,200.0,4.5,2.0,120.0,0.25
222,3005.64,1.232,19.82,1559.6,33.33,72,24,48,10,True,1.4,250.0,4.5,2.0,120.0,0.25
236,2993.3,1.232,25.85,2253.61,41.67,72,30,42,16,True,1.45,250.0,3.5,2.0,120.0,0.3
256,3311.74,1.231,27.34,1244.34,43.06,72,31,41,12,False,1.4,150.0,3.5,2.5,120.0,0.25
236,2984.61,1.231,25.85,2253.61,41.67,72,30,42,20,True,1.45,250.0,3.5,2.0,120.0,0.3
298,3478.7,1.229,24.16,1360.6,40.28,72,29,43,10,False,1.4,250.0,4.0,2.5,100.0,0.25
175,2978.43,1.228,23.43,1724.02,36.11,72,26,46,16,True,1.4,200.0,4.5,2.5,100.0,0.3
175,2975.66,1.228,23.43,1726.79,36.11,72,26,46,20,True,1.4,200.0,4.5,2.5,100.0,0.3
230,2688.88,1.228,25.22,2106.2,41.67,72,30,42,16,True,1.45,150.0,3.5,2.0,120.0,0.25
230,2681.64,1.227,25.22,2106.2,41.67,72,30,42,20,True,1.45,150.0,3.5,2.0,120.0,0.25
248,2707.21,1.226,23.39,2380.75,43.06,72,31,41,10,True,1.45,200.0,3.5,2.0,100.0,0.25
256,2826.26,1.225,23.83,2337.01,41.67,72,30,42,12,True,1.45,250.0,3.5,2.0,100.0,0.25
229,2887.32,1.224,19.21,1678.65,34.72,72,25,47,10,True,1.4,150.0,4.5,2.0,100.0,0.3
241,2780.39,1.224,24.07,2255.02,43.06,72,31,41,12,True,1.45,200.0,3.5,2.0,100.0,0.3
189,2877.08,1.223,26.98,1713.21,40.28,72,29,43,10,True,1.4,150.0,3.5,2.5,100.0,0.3
189,2877.08,1.223,26.98,1713.21,40.28,72,29,43,12,True,1.4,150.0,3.5,2.5,100.0,0.3
262,3414.91,1.221,25.57,1321.93,43.06,72,31,41,10,False,1.4,250.0,4.0,2.5,120.0,0.3
346,3336.76,1.22,21.68,1525.19,37.5,72,27,45,10,False,1.4,150.0,4.5,2.0,120.0,0.25
319,3229.71,1.22,24.76,1098.5,45.83,72,33,39,12,False,1.4,150.0,4.0,2.0,120.0,0.3
234,2886.66,1.22,19.66,1678.65,33.33,72,24,48,10,True,1.4,250.0,4.5,2.0,100.0,0.3
176,2856.2,1.219,22.73,1817.42,36.11,72,26,46,10,True,1.4,150.0,4.5,2.5,100.0,0.3
176,2856.2,1.219,22.73,1817.42,36.11,72,26,46,12,True,1.4,150.0,4.5,2.5,100.0,0.3
336,3361.19,1.218,24.4,1654.49,43.06,72,31,41,10,False,1.4,200.0,4.0,2.0,120.0,0.3
271,3358.96,1.218,26.2,1312.06,44.44,72,32,40,12,False,1.4,200.0,4.0,2.5,100.0,0.3
372,3345.04,1.218,23.92,1223.0,40.28,72,29,43,10,False,1.4,200.0,4.0,2.0,120.0,0.25
251,2842.71,1.218,24.3,2255.02,41.67,72,30,42,12,True,1.45,250.0,3.5,2.0,100.0,0.3
258,2755.25,1.218,23.64,2380.75,41.67,72,30,42,10,True,1.45,250.0,3.5,2.0,100.0,0.25
363,3522.97,1.217,21.76,1504.98,41.67,72,30,42,10,False,1.4,250.0,4.5,2.0,100.0,0.3
274,3430.4,1.216,27.37,1244.34,44.44,72,32,40,10,False,1.4,250.0,3.5,2.5,120.0,0.3
355,3429.61,1.216,21.69,1504.98,41.67,72,30,42,10,False,1.4,200.0,4.5,2.0,100.0,0.3
240,2525.22,1.216,23.33,2337.01,43.06,72,31,41,12,True,1.45,150.0,3.5,2.0,100.0,0.25
204,2760.37,1.214,25.98,1320.75,34.72,72,25,47,12,True,1.4,250.0,3.5,2.5,100.0,0.25
204,2754.85,1.214,25.98,1320.75,34.72,72,25,47,10,True,1.4,250.0,3.5,2.5,100.0,0.25
400,3248.58,1.213,23.5,1193.24,45.83,72,33,39,12,False,1.4,150.0,4.0,2.0,100.0,0.25
368,3197.85,1.213,24.18,1193.36,44.44,72,32,40,12,False,1.4,150.0,4.0,2.0,120.0,0.25
278,3296.42,1.212,24.46,1321.93,44.44,72,32,40,10,False,1.4,250.0,4.0,2.5,100.0,0.3
248,3110.37,1.212,28.23,1244.34,44.44,72,32,40,10,False,1.4,150.0,3.5,2.5,120.0,0.3
197,2664.16,1.212,26.9,1320.75,34.72,72,25,47,20,True,1.4,200.0,3.5,2.5,100.0,0.25
196,2644.92,1.212,27.04,1320.75,36.11,72,26,46,20,True,1.4,150.0,3.5,2.5,100.0,0.25
195,2814.15,1.211,27.18,1669.67,37.5,72,27,45,16,True,1.4,250.0,3.5,2.5,100.0,0.3
195,2811.38,1.211,27.18,1669.67,37.5,72,27,45,20,True,1.4,250.0,3.5,2.5,100.0,0.3
241,2631.28,1.211,23.65,2307.52,43.06,72,31,41,10,True,1.45,200.0,3.5,2.0,100.0,0.3
198,2644.62,1.21,26.77,1320.75,34.72,72,25,47,16,True,1.4,200.0,3.5,2.5,100.0,0.25
197,2625.37,1.21,26.9,1320.75,36.11,72,26,46,16,True,1.4,150.0,3.5,2.5,100.0,0.25
237,2547.26,1.21,24.47,2331.02,41.67,72,30,42,12,True,1.45,200.0,3.5,2.0,120.0,0.25
381,3371.31,1.209,24.41,1122.09,44.44,72,32,40,16,False,1.4,200.0,4.0,2.0,100.0,0.3
265,3051.43,1.209,27.17,1244.34,45.83,72,33,39,10,False,1.4,150.0,3.5,2.5,100.0,0.3
182,2814.43,1.209,22.53,1967.68,36.11,72,26,46,10,True,1.4,250.0,4.5,2.5,100.0,0.3
182,2814.43,1.209,22.53,1967.68,36.11,72,26,46,12,True,1.4,250.0,4.5,2.5,100.0,0.3
223,2542.87,1.209,25.11,2253.61,43.06,72,31,41,16,True,1.45,150.0,3.5,2.0,120.0,0.3
242,2454.21,1.209,23.14,2380.75,43.06,72,31,41,10,True,1.45,150.0,3.5,2.0,100.0,0.25
353,3133.4,1.208,24.65,1381.1,45.83,72,33,39,10,False,1.4,150.0,4.0,2.0,100.0,0.3
223,2534.18,1.208,25.11,2253.61,43.06,72,31,41,20,True,1.45,150.0,3.5,2.0,120.0,0.3
235,2531.22,1.208,23.83,2255.02,43.06,72,31,41,12,True,1.45,150.0,3.5,2.0,100.0,0.3
348,3327.96,1.207,24.14,1194.09,44.44,72,32,40,12,False,1.4,250.0,4.0,2.0,120.0,0.3
352,3311.86,1.207,21.59,1288.23,43.06,72,31,41,12,False,1.4,250.0,4.5,2.0,100.0,0.3
398,3126.79,1.206,23.62,1218.05,43.06,72,31,41,16,False,1.4,200.0,4.0,2.0,100.0,0.25
254,3062.23,1.206,27.95,1244.34,44.44,72,32,40,10,False,1.4,200.0,3.5,2.5,120.0,0.3
233,2590.37,1.206,24.89,2261.23,43.06,72,31,41,12,True,1.45,200.0,3.5,2.0,120.0,0.3
251,2693.6,1.205,23.9,2307.52,41.67,72,30,42,10,True,1.45,250.0,3.5,2.0,100.0,0.3
178,2691.24,1.204,22.47,1967.68,36.11,72,26,46,10,True,1.4,200.0,4.5,2.5,100.0,0.3
178,2691.24,1.204,22.47,1967.68,36.11,72,26,46,12,True,1.4,200.0,4.5,2.5,100.0,0.3
247,2595.29,1.203,24.7,2331.02,40.28,72,29,43,12,True,1.45,250.0,3.5,2.0,120.0,0.25
239,2476.24,1.203,24.27,2374.76,41.67,72,30,42,10,True,1.45,200.0,3.5,2.0,120.0,0.25
392,3348.77,1.202,24.23,1271.76,44.44,72,32,40,16,False,1.4,250.0,4.0,2.0,100.0,0.3
243,2652.7,1.2,25.1,2261.23,41.67,72,30,42,12,True,1.45,250.0,3.5,2.0,120.0,0.3
346,3275.69,1.198,21.68,1470.32,40.28,72,29,43,10,False,1.4,250.0,4.5,2.0,120.0,0.3
389,3219.58,1.198,23.65,1227.1,38.89,72,28,44,10,False,1.4,250.0,4.0,2.0,120.0,0.25
348,3019.65,1.198,21.84,1545.02,40.28,72,29,43,12,False,1.4,200.0,4.5,2.0,120.0,0.25
338,3182.33,1.197,21.6,1470.32,40.28,72,29,43,10,False,1.4,200.0,4.5,2.0,120.0,0.3
365,2951.24,1.196,21.64,1370.91,40.28,72,29,43,16,False,1.4,150.0,4.5,2.0,100.0,0.25
249,2524.28,1.196,24.5,2374.76,40.28,72,29,43,10,True,1.45,250.0,3.5,2.0,120.0,0.25
335,3018.63,1.195,24.48,1114.09,44.44,72,32,40,12,False,1.4,200.0,4.0,2.0,120.0,0.3
235,2382.11,1.195,23.4,2307.52,43.06,72,31,41,10,True,1.45,150.0,3.5,2.0,100.0,0.3
403,2986.53,1.194,23.33,1222.88,41.67,72,30,42,10,False,1.4,150.0,4.0,2.0,100.0,0.25
254,2886.68,1.193,23.23,1463.07,36.11,72,26,46,20,False,1.4,150.0,4.0,2.5,120.0,0.25
264,2779.91,1.193,24.24,1463.07,38.89,72,28,44,20,False,1.4,150.0,4.0,2.5,100.0,0.25
233,2441.26,1.193,24.46,2313.72,43.06,72,31,41,10,True,1.45,200.0,3.5,2.0,120.0,0.3
231,2294.26,1.193,24.24,2331.02,41.67,72,30,42,12,True,1.45,150.0,3.5,2.0,120.0,0.25
340,2986.82,1.191,22.06,1179.04,43.06,72,31,41,16,False,1.4,200.0,4.5,2.0,100.0,0.3
336,2947.19,1.191,22.02,1179.04,43.06,72,31,41,16,False,1.4,150.0,4.5,2.0,100.0,0.3
240,2834.56,1.191,20.42,1553.6,37.5,72,27,45,20,False,1.4,200.0,4.5,2.5,120.0,0.25
240,2834.56,1.191,20.42,1553.6,37.5,72,27,45,20,False,1.4,250.0,4.5,2.5,120.0,0.25
349,2995.95,1.19,21.78,1504.98,41.67,72,30,42,10,False,1.4,150.0,4.5,2.0,100.0,0.3
281,2907.88,1.19,24.91,1377.38,37.5,72,27,45,10,False,1.4,250.0,4.0,2.5,120.0,0.25
201,2419.95,1.19,25.87,1320.75,34.72,72,25,47,12,True,1.4,200.0,3.5,2.5,100.0,0.25
201,2414.43,1.19,25.87,1320.75,34.72,72,25,47,10,True,1.4,200.0,3.5,2.5,100.0,0.25
200,2400.71,1.19,26.0,1320.75,36.11,72,26,46,12,True,1.4,150.0,3.5,2.5,100.0,0.25
200,2395.18,1.19,26.0,1320.75,36.11,72,26,46,10,True,1.4,150.0,3.5,2.5,100.0,0.25
274,2827.92,1.189,26.64,1244.34,45.83,72,33,39,10,False,1.4,200.0,3.5,2.5,100.0,0.3
227,2341.2,1.189,24.67,2261.23,43.06,72,31,41,12,True,1.45,150.0,3.5,2.0,120.0,0.3
334,2874.93,1.188,25.45,1146.14,45.83,72,33,39,16,False,1.4,150.0,4.0,2.0,120.0,0.3
243,2503.58,1.188,24.69,2313.72,41.67,72,30,42,10,True,1.45,250.0,3.5,2.0,120.0,0.3
262,2779.38,1.186,24.43,1887.19,37.5,72,27,45,12,False,1.4,250.0,4.0,2.5,120.0,0.25
233,2223.24,1.185,24.03,2374.76,41.67,72,30,42,10,True,1.45,150.0,3.5,2.0,120.0,0.25
261,2676.33,1.183,22.61,2732.58,43.06,72,31,41,12,False,1.4,200.0,4.5,2.5,100.0,0.25
258,2654.54,1.183,21.32,1553.6,38.89,72,28,44,20,False,1.4,150.0,4.5,2.5,100.0,0.25
267,2691.89,1.182,20.97,1553.6,38.89,72,28,44,20,False,1.4,200.0,4.5,2.5,100.0,0.25
267,2691.89,1.182,20.97,1553.6,38.89,72,28,44,20,False,1.4,250.0,4.5,2.5,100.0,0.25
292,2690.81,1.182,23.63,1864.73,38.89,72,28,44,16,False,1.4,250.0,4.0,2.5,100.0,0.25
235,2666.48,1.182,20.43,1553.6,37.5,72,27,45,20,False,1.4,150.0,4.5,2.5,120.0,0.25
344,2704.06,1.179,22.38,1492.82,40.28,72,29,43,16,False,1.4,150.0,4.5,2.0,120.0,0.25
374,2732.25,1.178,21.12,1420.22,38.89,72,28,44,16,False,1.4,200.0,4.5,2.0,100.0,0.25
327,2656.16,1.177,24.46,1346.44,44.44,72,32,40,10,False,1.4,150.0,4.0,2.0,120.0,0.3
369,2947.85,1.176,24.66,1295.8,44.44,72,32,40,16,False,1.4,250.0,4.0,2.0,120.0,0.3
341,2855.38,1.176,21.99,1089.41,43.06,72,31,41,16,False,1.4,250.0,4.5,2.0,120.0,0.3
397,2666.1,1.176,23.43,1589.9,43.06,72,31,41,16,False,1.4,150.0,4.0,2.0,100.0,0.25
200,2400.82,1.176,26.0,1713.21,37.5,72,27,45,10,True,1.4,250.0,3.5,2.5,100.0,0.3
200,2400.82,1.176,26.0,1713.21,37.5,72,27,45,12,True,1.4,250.0,3.5,2.5,100.0,0.3
227,2192.09,1.176,24.23,2313.72,43.06,72,31,41,10,True,1.45,150.0,3.5,2.0,120.0,0.3
253,2640.59,1.175,24.11,1913.63,41.67,72,30,42,20,False,1.4,200.0,4.0,2.5,100.0,0.3
194,2315.55,1.174,26.8,1669.67,37.5,72,27,45,16,True,1.4,200.0,3.5,2.5,100.0,0.3
194,2312.78,1.174,26.8,1669.67,37.5,72,27,45,20,True,1.4,200.0,3.5,2.5,100.0,0.3
358,2681.11,1.173,24.3,1144.96,44.44,72,32,40,16,False,1.4,150.0,4.0,2.0,100.0,0.3
291,2591.62,1.173,24.05,1887.19,40.28,72,29,43,12,False,1.4,250.0,4.0,2.5,100.0,0.25
264,2529.59,1.172,22.35,2879.32,43.06,72,31,41,12,False,1.4,250.0,4.5,2.5,100.0,0.25
360,2781.7,1.171,25.0,1146.14,44.44,72,32,40,16,False,1.4,200.0,4.0,2.0,120.0,0.3
368,2640.48,1.171,21.47,1218.5,40.28,72,29,43,12,False,1.4,150.0,4.5,2.0,100.0,0.25
405,2678.04,1.17,23.46,1137.7,44.44,72,32,40,12,False,1.4,200.0,4.0,2.0,100.0,0.25
324,2670.21,1.17,22.53,1166.55,43.06,72,31,41,16,False,1.4,200.0,4.5,2.0,120.0,0.3
243,2640.51,1.17,23.05,1913.63,38.89,72,28,44,20,False,1.4,200.0,4.0,2.5,120.0,0.3
243,2640.51,1.17,23.05,1913.63,38.89,72,28,44,20,False,1.4,250.0,4.0,2.5,120.0,0.3
320,2630.59,1.17,22.5,1166.55,43.06,72,31,41,16,False,1.4,150.0,4.5,2.0,120.0,0.3
373,2627.32,1.17,24.13,1137.82,43.06,72,31,41,12,False,1.4,200.0,4.0,2.0,120.0,0.25
373,2535.61,1.165,24.4,1358.31,41.67,72,30,42,16,False,1.4,200.0,4.0,2.0,120.0,0.25
344,2609.27,1.164,21.51,1288.23,41.67,72,30,42,12,False,1.4,200.0,4.5,2.0,100.0,0.3
235,2289.58,1.157,22.98,2732.58,40.28,72,29,43,12,False,1.4,200.0,4.5,2.5,120.0,0.25
239,2245.24,1.154,22.18,2932.37,38.89,72,28,44,16,False,1.4,200.0,4.5,2.5,120.0,0.25
239,2245.24,1.154,22.18,2932.37,38.89,72,28,44,16,False,1.4,250.0,4.5,2.5,120.0,0.25
251,2284.18,1.153,24.3,2022.98,40.28,72,29,43,20,False,1.4,150.0,4.0,2.5,100.0,0.3
197,2060.4,1.153,25.89,1713.21,37.5,72,27,45,10,True,1.4,200.0,3.5,2.5,100.0,0.3
197,2060.4,1.153,25.89,1713.21,37.5,72,27,45,12,True,1.4,200.0,3.5,2.5,100.0,0.3
259,2326.47,1.151,23.55,1913.63,41.67,72,30,42,20,False,1.4,250.0,4.0,2.5,100.0,0.3
408,2372.71,1.15,23.28,1222.88,40.28,72,29,43,10,False,1.4,200.0,4.0,2.0,100.0,0.25
248,2323.97,1.15,23.79,2569.86,41.67,72,30,42,12,False,1.4,250.0,4.5,2.5,100.0,0.3
234,2255.51,1.147,23.08,2022.98,37.5,72,27,45,20,False,1.4,150.0,4.0,2.5,120.0,0.3
238,2142.84,1.145,22.69,2879.32,40.28,72,29,43,12,False,1.4,250.0,4.5,2.5,120.0,0.25
242,2156.47,1.144,21.49,2908.29,40.28,72,29,43,20,False,1.4,150.0,4.5,2.5,100.0,0.3
249,2145.71,1.14,21.29,2908.29,40.28,72,29,43,20,False,1.4,200.0,4.5,2.5,100.0,0.3
223,2099.18,1.14,20.63,2908.29,37.5,72,27,45,20,False,1.4,150.0,4.5,2.5,120.0,0.3
388,2275.11,1.139,23.71,1326.0,41.67,72,30,42,12,False,1.4,250.0,4.0,2.0,120.0,0.25
335,2224.6,1.137,21.19,1470.32,38.89,72,28,44,10,False,1.4,150.0,4.5,2.0,120.0,0.3
325,2200.36,1.137,21.23,1556.96,41.67,72,30,42,12,False,1.4,250.0,4.5,2.0,120.0,0.3
404,2496.71,1.136,26.24,1251.58,45.83,72,33,39,10,False,1.4,250.0,3.5,2.0,120.0,0.3
230,2088.42,1.136,20.43,2908.29,37.5,72,27,45,20,False,1.4,200.0,4.5,2.5,120.0,0.3
372,2074.91,1.135,24.19,1819.0,41.67,72,30,42,16,False,1.4,150.0,4.0,2.0,120.0,0.25
268,1888.56,1.127,21.64,2932.37,40.28,72,29,43,16,False,1.4,200.0,4.5,2.5,100.0,0.25
268,1888.56,1.127,21.64,2932.37,40.28,72,29,43,16,False,1.4,250.0,4.5,2.5,100.0,0.25
232,1954.16,1.126,23.28,2765.54,37.5,72,27,45,16,False,1.4,250.0,4.5,2.5,120.0,0.3
422,2022.14,1.122,23.22,1325.88,43.06,72,31,41,12,False,1.4,250.0,4.0,2.0,100.0,0.25
344,1965.75,1.122,21.51,2010.58,41.67,72,30,42,12,False,1.4,150.0,4.5,2.0,100.0,0.3
358,1888.89,1.12,26.54,1251.58,50.0,72,36,36,10,False,1.4,150.0,3.5,2.0,120.0,0.3
229,1851.4,1.119,24.02,2569.86,38.89,72,28,44,12,False,1.4,250.0,4.5,2.5,120.0,0.3
362,1674.2,1.112,27.07,1263.31,45.83,72,33,39,16,False,1.4,150.0,3.5,2.0,120.0,0.25
249,1698.51,1.109,20.88,2899.76,38.89,72,28,44,20,False,1.4,250.0,4.5,2.5,100.0,0.3
421,1759.87,1.106,23.28,1372.16,40.28,72,29,43,16,False,1.4,250.0,4.0,2.0,100.0,0.25
324,1702.24,1.106,21.3,1556.96,40.28,72,29,43,12,False,1.4,200.0,4.5,2.0,120.0,0.3
255,1648.38,1.105,22.75,2765.54,38.89,72,28,44,16,False,1.4,250.0,4.5,2.5,100.0,0.3
230,1641.22,1.105,20.0,2899.76,36.11,72,26,46,20,False,1.4,250.0,4.5,2.5,120.0,0.3
357,1636.27,1.105,21.29,1726.69,37.5,72,27,45,16,False,1.4,200.0,4.5,2.0,120.0,0.25
425,1716.81,1.103,23.06,1226.98,38.89,72,28,44,10,False,1.4,250.0,4.0,2.0,100.0,0.25
399,1474.7,1.096,25.81,1291.12,45.83,72,33,39,16,False,1.4,150.0,3.5,2.0,100.0,0.25
350,1486.87,1.095,21.43,1545.02,37.5,72,27,45,12,False,1.4,150.0,4.5,2.0,120.0,0.25
439,1678.61,1.094,25.51,1267.37,41.67,72,30,42,10,False,1.4,250.0,3.5,2.0,120.0,0.25
375,1442.25,1.092,25.87,1141.23,48.61,72,35,37,12,False,1.4,150.0,3.5,2.0,100.0,0.3
406,1414.08,1.086,25.62,1267.37,43.06,72,31,41,10,False,1.4,200.0,3.5,2.0,120.0,0.25
367,1311.45,1.083,19.89,2049.07,38.89,72,28,44,20,False,1.4,250.0,4.5,2.0,100.0,0.25
394,1386.01,1.082,23.86,1358.31,38.89,72,28,44,16,False,1.4,250.0,4.0,2.0,120.0,0.25
374,1241.89,1.077,25.67,1208.52,45.83,72,33,39,16,False,1.4,150.0,3.5,2.0,100.0,0.3
384,1272.17,1.073,26.56,1550.79,45.83,72,33,39,10,False,1.4,200.0,3.5,2.0,120.0,0.3
348,1132.76,1.071,26.15,1750.72,45.83,72,33,39,16,False,1.4,150.0,3.5,2.0,120.0,0.3
443,1060.09,1.056,25.51,1269.15,40.28,72,29,43,10,False,1.4,250.0,3.5,2.0,100.0,0.3
329,841.88,1.051,20.97,2321.59,38.89,72,28,44,12,False,1.4,150.0,4.5,2.0,120.0,0.3
363,831.41,1.051,26.17,1727.61,47.22,72,34,38,12,False,1.4,150.0,3.5,2.0,120.0,0.3
401,753.43,1.046,26.18,1759.8,43.06,72,31,41,10,False,1.4,150.0,3.5,2.0,120.0,0.25
393,748.73,1.046,26.21,1415.23,47.22,72,34,38,10,False,1.4,150.0,3.5,2.0,100.0,0.3
390,742.06,1.045,27.18,1363.04,43.06,72,31,41,16,False,1.4,200.0,3.5,2.0,120.0,0.25
469,759.97,1.042,25.16,1401.13,37.5,72,27,45,10,False,1.4,250.0,3.5,2.0,100.0,0.25
410,666.28,1.038,26.83,1738.74,41.67,72,30,42,16,False,1.4,250.0,3.5,2.0,120.0,0.25
338,597.87,1.038,20.41,2055.3,38.89,72,28,44,20,False,1.4,250.0,4.5,2.0,120.0,0.25
431,547.81,1.033,25.75,1394.36,43.06,72,31,41,16,False,1.4,200.0,3.5,2.0,100.0,0.25
372,464.26,1.027,26.61,1750.72,43.06,72,31,41,16,False,1.4,200.0,3.5,2.0,120.0,0.3
454,461.09,1.026,25.33,1394.36,41.67,72,30,42,16,False,1.4,250.0,3.5,2.0,100.0,0.25
409,386.41,1.023,25.67,1673.67,43.06,72,31,41,12,False,1.4,200.0,3.5,2.0,120.0,0.25
449,374.16,1.022,25.17,1401.13,38.89,72,28,44,10,False,1.4,200.0,3.5,2.0,100.0,0.25
446,257.35,1.015,24.89,1312.76,41.67,72,30,42,12,False,1.4,200.0,3.5,2.0,100.0,0.25
422,254.15,1.014,26.07,1585.45,41.67,72,30,42,10,False,1.4,200.0,3.5,2.0,100.0,0.3
415,258.83,1.013,25.78,2042.36,41.67,72,30,42,12,False,1.4,250.0,3.5,2.0,120.0,0.3
389,198.54,1.011,26.22,1966.81,43.06,72,31,41,12,False,1.4,200.0,3.5,2.0,120.0,0.3
403,159.58,1.01,26.3,1836.48,43.06,72,31,41,12,False,1.4,150.0,3.5,2.0,120.0,0.25
477,137.34,1.007,24.32,1316.6,38.89,72,28,44,12,False,1.4,250.0,3.5,2.0,100.0,0.25
419,92.26,1.005,25.54,1187.48,41.67,72,30,42,12,False,1.4,200.0,3.5,2.0,100.0,0.3
440,30.52,1.002,25.45,1207.49,41.67,72,30,42,12,False,1.4,150.0,3.5,2.0,100.0,0.25
447,-18.61,0.999,25.06,1388.77,38.89,72,28,44,12,False,1.4,250.0,3.5,2.0,100.0,0.3
447,-114.87,0.994,24.83,1933.97,40.28,72,29,43,12,False,1.4,250.0,3.5,2.0,120.0,0.25
397,-148.76,0.992,26.45,2257.44,40.28,72,29,43,16,False,1.4,250.0,3.5,2.0,120.0,0.3
333,-150.16,0.991,19.52,2110.41,38.89,72,28,44,20,False,1.4,150.0,4.5,2.0,100.0,0.3
329,-158.19,0.99,20.06,2314.0,38.89,72,28,44,20,False,1.4,150.0,4.5,2.0,120.0,0.25
365,-168.55,0.989,19.18,2307.77,37.5,72,27,45,20,False,1.4,150.0,4.5,2.0,100.0,0.25
370,-238.88,0.985,24.32,2716.07,38.89,72,28,44,20,False,1.4,150.0,3.5,2.0,120.0,0.25
402,-264.2,0.985,24.88,1683.29,40.28,72,29,43,16,False,1.4,200.0,3.5,2.0,100.0,0.3
444,-286.49,0.983,25.68,1736.16,38.89,72,28,44,10,False,1.4,150.0,3.5,2.0,100.0,0.25
369,-282.89,0.982,18.97,2280.05,37.5,72,27,45,20,False,1.4,200.0,4.5,2.0,100.0,0.25
336,-330.98,0.979,23.51,2369.55,40.28,72,29,43,20,False,1.4,150.0,3.5,2.0,120.0,0.3
348,-345.5,0.979,23.28,3069.1,38.89,72,28,44,20,False,1.4,250.0,3.5,2.0,120.0,0.3
377,-437.83,0.973,24.67,2716.07,38.89,72,28,44,20,False,1.4,200.0,3.5,2.0,120.0,0.25
400,-456.54,0.973,24.5,2716.07,37.5,72,27,45,20,False,1.4,250.0,3.5,2.0,120.0,0.25
339,-496.93,0.97,18.58,2651.87,37.5,72,27,45,20,False,1.4,250.0,4.5,2.0,100.0,0.3
428,-592.48,0.966,23.6,2709.84,36.11,72,26,46,20,False,1.4,250.0,3.5,2.0,100.0,0.25
363,-618.56,0.962,21.21,1839.71,33.33,72,24,48,20,False,1.4,250.0,4.0,2.0,120.0,0.25
356,-646.67,0.96,21.07,1839.71,33.33,72,24,48,20,False,1.4,200.0,4.0,2.0,120.0,0.25
297,-725.22,0.955,19.53,2601.35,38.89,72,28,44,20,False,1.4,150.0,4.5,2.0,120.0,0.3
429,-880.88,0.953,24.71,1683.29,37.5,72,27,45,16,False,1.4,250.0,3.5,2.0,100.0,0.3
388,-826.0,0.949,20.1,1833.48,31.94,72,23,49,20,False,1.4,200.0,4.0,2.0,100.0,0.25
334,-836.68,0.949,18.56,2651.87,37.5,72,27,45,20,False,1.4,200.0,4.5,2.0,100.0,0.3
303,-898.48,0.945,19.14,2676.08,38.89,72,28,44,20,False,1.4,200.0,4.5,2.0,120.0,0.3
404,-946.21,0.941,23.02,2709.84,36.11,72,26,46,20,False,1.4,150.0,3.5,2.0,100.0,0.25
343,-963.05,0.941,22.74,3069.1,38.89,72,28,44,20,False,1.4,200.0,3.5,2.0,120.0,0.3
323,-988.13,0.94,19.81,2972.24,33.33,72,24,48,20,False,1.4,250.0,4.0,2.0,120.0,0.3
340,-996.47,0.938,19.41,2286.28,37.5,72,27,45,20,False,1.4,200.0,4.5,2.0,120.0,0.25
397,-1015.21,0.938,20.4,1833.48,31.94,72,23,49,20,False,1.4,250.0,4.0,2.0,100.0,0.25
378,-1066.51,0.937,22.22,3060.15,37.5,72,27,45,20,False,1.4,250.0,3.5,2.0,100.0,0.3
316,-1016.24,0.936,19.62,2972.24,33.33,72,24,48,20,False,1.4,200.0,4.0,2.0,120.0,0.3
366,-1052.0,0.936,22.4,2360.61,38.89,72,28,44,20,False,1.4,150.0,3.5,2.0,100.0,0.3
355,-1107.37,0.931,20.85,1853.29,33.33,72,24,48,20,False,1.4,150.0,4.0,2.0,120.0,0.25
411,-1145.16,0.93,23.36,2709.84,36.11,72,26,46,20,False,1.4,200.0,3.5,2.0,100.0,0.25
348,-1194.01,0.926,18.97,2963.29,31.94,72,23,49,20,False,1.4,200.0,4.0,2.0,100.0,0.3
315,-1282.97,0.923,18.73,2660.82,37.5,72,27,45,20,False,1.4,250.0,4.5,2.0,120.0,0.3
387,-1286.69,0.92,19.9,1833.48,31.94,72,23,49,20,False,1.4,150.0,4.0,2.0,100.0,0.25
357,-1354.58,0.918,19.33,2963.29,31.94,72,23,49,20,False,1.4,250.0,4.0,2.0,100.0,0.3
315,-1476.93,0.908,19.37,2972.24,33.33,72,24,48,20,False,1.4,150.0,4.0,2.0,120.0,0.3
373,-1684.06,0.899,21.72,3060.15,37.5,72,27,45,20,False,1.4,200.0,3.5,2.0,100.0,0.3
347,-1654.7,0.898,18.73,2963.29,31.94,72,23,49,20,False,1.4,150.0,4.0,2.0,100.0,0.3
