month,pnl
2020-01,195.15
2020-02,511.68
2020-03,515.61
2020-04,132.9
2020-05,150.45
2020-06,206.47
2020-07,-26.94
2020-08,-10.19
2020-09,174.1
2020-10,171.61
2020-11,401.89
2020-12,-37.83
2021-01,-111.06
2021-02,790.33
2021-03,305.12
2021-04,-314.83
2021-05,-401.13
2021-06,321.48
2021-07,-158.37
2021-08,-290.11
2021-09,-398.23
2021-10,305.07
2021-11,112.26
2021-12,-288.7
2022-01,-195.72
2022-02,-338.11
2022-03,-167.91
2022-04,-418.78
2022-05,-339.7
2022-06,-26.29
2022-07,171.1
2022-08,-460.23
2022-09,349.51
2022-10,-2.03
2022-11,340.18
2022-12,575.76
2023-01,-421.27
2023-02,-80.55
2023-03,268.37
2023-04,122.33
2023-05,-568.38
2023-06,-558.67
2023-07,-449.29
2023-08,282.7
2023-09,240.07
2023-10,345.24
2023-11,126.77
2023-12,69.39
2024-01,-124.36
2024-02,-18.09
2024-03,95.07
2024-04,57.5
2024-05,-657.36
2024-06,-668.76
2024-07,-357.81
2024-08,-207.06
2024-09,-350.62
2024-10,-87.03
2024-11,300.45
2024-12,-627.04
2025-01,233.4
2025-02,229.47
2025-03,-53.04
2025-04,-399.09
2025-05,424.96
2025-06,15.16
2025-07,-166.43
2025-08,174.54
2025-09,349.62
2025-10,878.36
2025-11,215.52
2025-12,67.6
